https://wx1.sinaimg.cn/large/0026YIXUgy1hih8snu1jrj60rs0z410702.jpg,
https://wx1.sinaimg.cn/large/005JX2fegy1huf9qxs67kj31k235s4qp.jpg,
https://wx1.sinaimg.cn/large/005JyMTCgy1hroqpxbdiej364w43c1l5.jpg,
https://wx1.sinaimg.cn/large/005NoO2uly1hpg4dhqw4cj30u019078o.jpg,
https://wx1.sinaimg.cn/large/0060SqPlgy1ht2nniiesyj34cr2wikjp.jpg,
https://wx1.sinaimg.cn/large/0060SqPlgy1ht2nnpckz4j34cr2wikjp.jpg,
https://wx1.sinaimg.cn/large/0060SqPlgy1ht2no6biirj32wi4crb2d.jpg,
https://wx1.sinaimg.cn/large/0065GerGgy1hppagxpyu7j364w43ckjv.jpg,
https://wx1.sinaimg.cn/large/0065GerGgy1hppahmft53j364w43che2.jpg,
https://wx1.sinaimg.cn/large/0067o45Egy1hrnh2g8pojj31d82yiu0z.jpg,
https://wx1.sinaimg.cn/large/0067o45Egy1hrnh2qs0x6j31d82yib2c.jpg,
https://wx1.sinaimg.cn/large/0067o45Egy1hrnh2tyoryj31d82yix6r.jpg,
https://wx1.sinaimg.cn/large/0067o45Egy1hsauzbgo1cj31d82yiqv5.jpg,
https://wx1.sinaimg.cn/large/0067o45Egy1hsauzeez43j30dc0eo3yz.jpg,
https://wx1.sinaimg.cn/large/0067o45Ely1hpesmx9o7wj31d82yie81.jpg,
https://wx1.sinaimg.cn/large/006BfQqCgy1hudypntul4j32oc3kg7wj.jpg,
https://wx1.sinaimg.cn/large/006QJqMgly8hq6m6zhxsxj335s23v7wh.jpg,
https://wx1.sinaimg.cn/large/006a69Jcly1hpgxhknupwj30u0140aet.jpg,
https://wx1.sinaimg.cn/large/006a69Jcly1hpgxhlt7yhj30u0140afe.jpg,
https://wx1.sinaimg.cn/large/006a69Jcly1hpgxhoe54aj31uo0u0140.jpg,
https://wx1.sinaimg.cn/large/006cgPMfly1hphas2sx1sj31900u0447.jpg,
https://wx1.sinaimg.cn/large/006cgPMfly1hphas3cjztj31900u0tfm.jpg,
https://wx1.sinaimg.cn/large/006cgPMfly1hphas3kymtj31900u0jxj.jpg,
https://wx1.sinaimg.cn/large/006dquMegy1hrovfqz05kj30u0140dnx.jpg,
https://wx1.sinaimg.cn/large/006dquMely1hpdx1jy48qj30u01407hq.jpg,
https://wx1.sinaimg.cn/large/006fX5j1gy1hsbmgat4w3j33pc230npe.jpg,
https://wx1.sinaimg.cn/large/006fX5j1gy1hsbmgb709bj34qo2nzqv6.jpg,
https://wx1.sinaimg.cn/large/006fX5j1gy1hsbmge2y5nj34mo336qv8.jpg,
https://wx1.sinaimg.cn/large/006fX5j1gy1hsc7q479zuj32gy3pc000.jpg,
https://wx1.sinaimg.cn/large/006fX5j1gy1hsc7qfmd1rj34eo2xu1kz.jpg,
https://wx1.sinaimg.cn/large/006hdkJkgy1hro388rcubj33344mokjr.jpg,
https://wx1.sinaimg.cn/large/006hdkJkgy1hro38diovyj34mo3347wo.jpg,
https://wx1.sinaimg.cn/large/006hdkJkgy1hro38y4dfoj33344moe88.jpg,
https://wx1.sinaimg.cn/large/006hdkJkgy1hro393tjthj34mo334qvc.jpg,
https://wx1.sinaimg.cn/large/006hdkJkgy1hud5ui8guqj31900u0n5o.jpg,
https://wx1.sinaimg.cn/large/006hdkJkgy1hud5uldw6lj30u01900zh.jpg,
https://wx1.sinaimg.cn/large/006hdkJkly1hpeej1b37fj34mo334qvb.jpg,
https://wx1.sinaimg.cn/large/006hdkJkly1hpeej5wbq3j34mo334qvc.jpg,
https://wx1.sinaimg.cn/large/006nJXj2gy1hpkn14uk7bj33402c0u0z.jpg,
https://wx1.sinaimg.cn/large/006nJXj2gy1hpkn16qnxhj32yo1o0qv6.jpg,
https://wx1.sinaimg.cn/large/006nJXj2gy1hpkn99uq15j30sg11cwr0.jpg,
https://wx1.sinaimg.cn/large/006nJXj2gy1hpkn9b7230j30sg1og1cg.jpg,
https://wx1.sinaimg.cn/large/006rUPVfly1hpeu1j5spxj32ao1j41kx.jpg,
https://wx1.sinaimg.cn/large/006rUPVfly1hpeu1l43jaj33402c0u0x.jpg,
https://wx1.sinaimg.cn/large/006rUPVfly1hpeu1phwd5j32ao1j4b10.jpg,
https://wx1.sinaimg.cn/large/006rUPVfly1hpeu1rzor5j32ao1j4tt8.jpg,
https://wx1.sinaimg.cn/large/006yPoYygy1hrj4vfhvqfj30m80m8api.jpg,
https://wx1.sinaimg.cn/large/006yPoYygy1hrj4viblxej30m80m8181.jpg,
https://wx1.sinaimg.cn/large/006yPoYygy1hrj4vjcnu7j30m80m8k3f.jpg,
https://wx1.sinaimg.cn/large/006yPoYygy1hrj4vk0vobj30rs6vvx6t.jpg,
https://wx1.sinaimg.cn/large/0075VLesgy1hrq8yhdynzj31su2p87wh.jpg,
https://wx1.sinaimg.cn/large/0075VLesgy1hrq8yllf84j31su2p87wh.jpg,
https://wx1.sinaimg.cn/large/0075VLesgy1hrq8yorfqvj31su2p8hdt.jpg,
https://wx1.sinaimg.cn/large/007VSKU1ly1hpdu5hlab3j32d035c1kz.jpg,
https://wx1.sinaimg.cn/large/007cpdPCly1hpet5259caj30u01hcwlt.jpg,
https://wx1.sinaimg.cn/large/007cpdPCly1hpet52oa1vj30u01hcn4k.jpg,
https://wx1.sinaimg.cn/large/007cpdPCly1hpet53nmpwj30u01hcgsi.jpg,
https://wx1.sinaimg.cn/large/007gFuiMly1hv025rl98wj30w90gwdxs.jpg,
https://wx1.sinaimg.cn/large/007gFuiMly1hv025uldiuj30w70hawxi.jpg,
https://wx1.sinaimg.cn/large/007gFuiMly1hv02qfw1j2j30wb0i3duh.jpg,
https://wx1.sinaimg.cn/large/0080iUENgy1huaovhaf3qj31s035shdu.jpg,
https://wx1.sinaimg.cn/large/0081aj8Hgy1hph75jgsr0j34mo2lrnpg.jpg,
https://wx1.sinaimg.cn/large/0081aj8Hgy1hph763rqhgj34mo2lrnpg.jpg,
https://wx1.sinaimg.cn/large/0081aj8Hgy1hph768yqplj34mo2lre84.jpg,
https://wx1.sinaimg.cn/large/0081aj8Hgy1hph76fndloj34mo2lrqv9.jpg,
https://wx1.sinaimg.cn/large/008F5cYPgy1huv4gkp56uj30rs0rswqu.jpg,
https://wx1.sinaimg.cn/large/008F5cYPgy1huv4gkpi82j30rs0rstjg.jpg,
https://wx1.sinaimg.cn/large/008F5cYPgy1huv4gkpwz0j30rs0rstkd.jpg,
https://wx1.sinaimg.cn/large/008F5cYPgy1huv4gkrioyj30rs0rsk3m.jpg,
https://wx1.sinaimg.cn/large/008F5cYPgy1huv4gqcqq9j30v92bchdt.jpg,
https://wx1.sinaimg.cn/large/008F5cYPgy1huv4gqi5l2j30v93h0hdu.jpg,
https://wx1.sinaimg.cn/large/008F5cYPgy1huv4i4fkjyj30v92bcx6p.jpg,
https://wx1.sinaimg.cn/large/51806b25gy1ht00kt9ot7j29vr5zse8i.jpg,
https://wx1.sinaimg.cn/large/51806b25gy1ht00lmsn66j25zs8zke8i.jpg,
https://wx1.sinaimg.cn/large/62ff67c7ly1hpkcd7m54dj22c0340qv6.jpg,
https://wx1.sinaimg.cn/large/62ff67c7ly1hplwhgt80rj22xs4eohdz.jpg,
https://wx1.sinaimg.cn/large/66008f64gy1hrllje9uemj21qn0yp1bo.jpg,
https://wx1.sinaimg.cn/large/66008f64gy1hrqxzl5pogj20p50zk48k.jpg,
https://wx1.sinaimg.cn/large/66008f64gy1hrqxzpk598j25eo3lse8a.jpg,
https://wx1.sinaimg.cn/large/66008f64gy1hrqxzvcjyaj24mo334hdw.jpg,
https://wx1.sinaimg.cn/large/66008f64gy1hrsapehy34j22xs4eo1l1.jpg,
https://wx1.sinaimg.cn/large/66008f64gy1hs9jj6k5lhj21o02yo4qq.jpg,
https://wx1.sinaimg.cn/large/66008f64gy1hsd62gm87uj24eo2xsu13.jpg,
https://wx1.sinaimg.cn/large/66008f64gy1hsd62l7bw1j24eo2xskjr.jpg,
https://wx1.sinaimg.cn/large/66008f64gy1ht2ktp76moj22xs4eonpi.jpg,
https://wx1.sinaimg.cn/large/66008f64gy1ht2ku51llej24eo2xsx6t.jpg,
https://wx1.sinaimg.cn/large/66008f64gy1ht2kunqey6j22xs4eonph.jpg,
https://wx1.sinaimg.cn/large/66008f64gy1huzs8kiw0vj21sc2dsqv5.jpg,
https://wx1.sinaimg.cn/large/66008f64ly1hjdbwlnn1gj23uw2fzu12.jpg,
https://wx1.sinaimg.cn/large/66008f64ly1hjdbwyuopqj22kl3uw7wk.jpg,
https://wx1.sinaimg.cn/large/66008f64ly1hjdbx4oa8nj22kl3uw4qu.jpg,
https://wx1.sinaimg.cn/large/66008f64ly1hjehl7zvb8j21eecmvkjt.jpg,
https://wx1.sinaimg.cn/large/66008f64ly1hltdg4a4sxj20zu25onpd.jpg,
https://wx1.sinaimg.cn/large/66008f64ly1hpek3scuqcj21o02yo4qq.jpg,
https://wx1.sinaimg.cn/large/66008f64ly1hpek499372j21dc2you0x.jpg,
https://wx1.sinaimg.cn/large/66008f64ly1hpek4amfd4j22uu28ie81.jpg,
https://wx1.sinaimg.cn/large/66008f64ly1hplooj58tzj23ls5eo1lb.jpg,
https://wx1.sinaimg.cn/large/66008f64ly1hplop236ayj23ls5eonpp.jpg,
https://wx1.sinaimg.cn/large/66008f64ly1hploq10u37j25eo3lsnpq.jpg,
https://wx1.sinaimg.cn/large/66008f64ly1hpqecz4i28j22c0340hdv.jpg,
https://wx1.sinaimg.cn/large/66008f64ly1hqbzjqlgj9j21o02yoe83.jpg,
https://wx1.sinaimg.cn/large/66008f64ly1hqbzk7ab3jj21o02yo4qr.jpg,
https://wx1.sinaimg.cn/large/66008f64ly1hqbzkf91u3j21o02yo7wj.jpg,
https://wx1.sinaimg.cn/large/66008f64ly1hqc85d2d90j21o02yob2b.jpg,
https://wx1.sinaimg.cn/large/66008f64ly1hqjelnb74jj20zu1po1bv.jpg,
https://wx1.sinaimg.cn/large/66008f64ly1hqvzk14mdxj22c03404qs.jpg,
https://wx1.sinaimg.cn/large/66008f64ly1hqvzk9cw5aj22c03407wk.jpg,
https://wx1.sinaimg.cn/large/66008f64ly1hqvzkouvmyj21sc2dse82.jpg,
https://wx1.sinaimg.cn/large/66008f64ly1hqvzl1q341j22c0340b2c.jpg,
https://wx1.sinaimg.cn/large/68ebcc2egy1ht0daz71fbj20u0190458.jpg,
https://wx1.sinaimg.cn/large/6b16aa1bly1hk0pemc927j20zu25o1kx.jpg,
https://wx1.sinaimg.cn/large/6b16aa1bly1hk0pentvpyj218g0tmqtn.jpg,
https://wx1.sinaimg.cn/large/6e7ad70fgy1hs1iy9my9wj20xc2g9npe.jpg,
https://wx1.sinaimg.cn/large/6e7ad70fgy1hs1iyeq45aj22a02a1u0x.jpg,
https://wx1.sinaimg.cn/large/6e7ad70fgy1hs1iygeft2j22a02a1x6q.jpg,
https://wx1.sinaimg.cn/large/74b75cf5gy1hlofzrmgs6j20xn0mf79b.jpg,
https://wx1.sinaimg.cn/large/74b75cf5gy1hlofzsbw6kj213g0qbdra.jpg,
https://wx1.sinaimg.cn/large/74b75cf5gy1hr1vj6x1vjj20zg1baqd5.jpg,
https://wx1.sinaimg.cn/large/74b75cf5gy1hr3qok0ypwj20k15bxhdt.jpg,
https://wx1.sinaimg.cn/large/74b75cf5gy1hsfdsqzixxj24eo2xknpi.jpg,
https://wx1.sinaimg.cn/large/74b75cf5ly1hrmidriccjj21o0280npe.jpg,
https://wx1.sinaimg.cn/large/74b75cf5ly1hrmihn2hvij20w616wk3o.jpg,
https://wx1.sinaimg.cn/large/74b75cf5ly1hrmiji7krij21o0280qv5.jpg,
https://wx1.sinaimg.cn/large/74b75cf5ly1hrmisivf1pj22801o0npd.jpg,
https://wx1.sinaimg.cn/large/7d6f5225gy1ht1g2e9wz5j22xt4eo7wt.jpg,
https://wx1.sinaimg.cn/large/852d8e71gy1hroojnl0j9j20u01900zc.jpg,
https://wx1.sinaimg.cn/large/8d275306gy1hrnauyaultj24n433k1ld.jpg,
https://wx1.sinaimg.cn/large/8d275306gy1hrnav8x55ij233k4n47wx.jpg,
https://wx1.sinaimg.cn/large/8d275306gy1hrnavgestuj233k4n4kk1.jpg,
https://wx1.sinaimg.cn/large/8d275306gy1hrnawq8n7ij233k4n44r5.jpg,
https://wx1.sinaimg.cn/large/8d275306gy1ht0b2qmwtsj233k4n4kk0.jpg,
https://wx1.sinaimg.cn/large/8d275306ly1hpdkql313tj235s24knpd.jpg,
https://wx1.sinaimg.cn/large/8d275306ly1hpdq5rd57yj22vv4blb2m.jpg,
https://wx1.sinaimg.cn/large/8d275306ly1hpdq5tnm4aj233k4n44qr.jpg,
https://wx1.sinaimg.cn/large/8f751903gy1hv09vmesiij21r03401kz.jpg,
https://wx1.sinaimg.cn/large/8f751903gy1hv09vuqstkj21r03401ky.jpg,
https://wx1.sinaimg.cn/large/8f751903gy1hv09vvezlsj21o0280kf3.jpg,
https://wx1.sinaimg.cn/large/8f751903gy1hv09vxkm23j22801o07wh.jpg,
https://wx1.sinaimg.cn/large/9036587cly1hq8kpnyybqj21900u0tfz.jpg,
https://wx1.sinaimg.cn/large/9036587cly1hq8kppbdflj21900u043y.jpg,
https://wx1.sinaimg.cn/large/9725ca93gy1hs0e2byk5ej25eo3lshe8.jpg,
https://wx1.sinaimg.cn/large/9725ca93gy1hs0e2ijv66j23ls5eohe9.jpg,
https://wx1.sinaimg.cn/large/9725ca93gy1hs0e2t5pruj25eo3lshe5.jpg,
https://wx1.sinaimg.cn/large/9725ca93gy1hs0e318ojdj263z3fqkk1.jpg,
https://wx1.sinaimg.cn/large/9725ca93gy1hs0e3eil8aj23ls5eo4qw.jpg,
https://wx1.sinaimg.cn/large/9da51f55gy1hppxgtu9opj27c04w07wy.jpg,
https://wx1.sinaimg.cn/large/9da51f55gy1hppxo5xayfj24w07c0x76.jpg,
https://wx1.sinaimg.cn/large/9da51f55gy1hppxocc6uxj27c04w0u1f.jpg,
https://wx1.sinaimg.cn/large/9da51f55gy1hppxojhj97j27c04w04r6.jpg,
https://wx1.sinaimg.cn/large/a025fb87ly1hp9u79du5ij243n21tb2f.jpg,
https://wx1.sinaimg.cn/large/a025fb87ly1hp9u8gnuf1j24eo1ueu13.jpg,
https://wx1.sinaimg.cn/large/a38016fcly1hpdpkmulvxj22802yob2a.jpg,
https://wx1.sinaimg.cn/large/a38016fcly1hpdpkxrucjj21o02yonpe.jpg,
https://wx1.sinaimg.cn/large/a8659f55ly1hpdrcwmji1j220m30ykjl.jpg,
https://wx1.sinaimg.cn/large/a8659f55ly1hpdrd2koipj21yu2ybx6p.jpg,
https://wx1.sinaimg.cn/large/a8659f55ly1hpdrd5kkq3j21tl2qfhdt.jpg,
https://wx1.sinaimg.cn/large/b04d3bbely1hperf3tpmqj23y82mtqv7.jpg,
https://wx1.sinaimg.cn/large/b04d3bbely1hperfqtrs5j23y82mt4qs.jpg,
https://wx1.sinaimg.cn/large/b04d3bbely1hpergan1flj23y82mt7wl.jpg,
https://wx1.sinaimg.cn/large/bf9f58e2gy1hue9ldasf7j20u0140n3y.jpg,
https://wx1.sinaimg.cn/large/bf9f58e2ly1hpf2zbzw8dj22dc35sb2b.jpg,
https://wx1.sinaimg.cn/large/bf9f58e2ly1hpf2zs1w47j22dc35su0y.jpg,
https://wx1.sinaimg.cn/large/bf9f58e2ly1hpf300fg6mj22dc35shdv.jpg,
https://wx1.sinaimg.cn/large/bf9f58e2ly1hpf30485zqj235s2dcx6q.jpg,
https://wx1.sinaimg.cn/large/bf9f58e2ly1huz0vstq5qj20u016u0yp.jpg,
https://wx1.sinaimg.cn/large/cff92cfcgy1hrl4ht2evjj21o0280hdt.jpg,
https://wx1.sinaimg.cn/large/cff92cfcgy1hrl4ihjs7yj22c0340qv7.jpg,
https://wx1.sinaimg.cn/large/cff92cfcly1hpbb1hd3hhj23ls5eohe3.jpg,
https://wx1.sinaimg.cn/large/cff92cfcly1hpbb2azez8j23ip59eb2h.jpg,
https://wx1.sinaimg.cn/large/cff92cfcly1hpbb2th4w3j25eo3c4e8c.jpg,
https://wx1.sinaimg.cn/large/cff92cfcly1hpbb32jihoj25eo3eu1l8.jpg,
https://wx1.sinaimg.cn/large/cff92cfcly1hpbb3hbo0aj233x4qwnpl.jpg,
https://wx1.sinaimg.cn/large/cff92cfcly1hpbb3y8f8fj24mo2bcqvg.jpg,
https://wx1.sinaimg.cn/large/cff92cfcly1hpbb47wazbj24mo2bcqvh.jpg,
https://wx1.sinaimg.cn/large/cff92cfcly1hqb92bqps1j23ls5eohe0.jpg,
https://wx1.sinaimg.cn/large/cff92cfcly1hqb93pz9fdj23ls5eoe88.jpg,
https://wx1.sinaimg.cn/large/e2738d20ly1hpf0ldg7dbj264w43cb2d.jpg,
https://wx1.sinaimg.cn/orj480/66008f64gy1hirn8now7kj20u0140tl4.jpg,
https://wx1.sinaimg.cn/orj480/66008f64ly1hk9u4gjvm9j21o02817wh.jpg,
https://wx1.sinaimg.cn/orj480/66008f64ly1hqun4ecrhvj21z41401fd.jpg,
https://wx2.sinaimg.cn/large/005JX2fegy1huf9qya8u6j30u01id7f5.jpg,
https://wx2.sinaimg.cn/large/005JyMTCgy1hroqq0ab3pj343c64wx6y.jpg,
https://wx2.sinaimg.cn/large/005NoO2uly1hpg4dgwvawj31900u0dk6.jpg,
https://wx2.sinaimg.cn/large/0060SqPlgy1ht2no3qgc3j34cr2wi1l2.jpg,
https://wx2.sinaimg.cn/large/0065GerGgy1hppahc75r4j343c64wnpp.jpg,
https://wx2.sinaimg.cn/large/0067o45Egy1hrnh2ml307j31d82yiu0z.jpg,
https://wx2.sinaimg.cn/large/0067o45Egy1hrnh2xgaefj31d82yinpf.jpg,
https://wx2.sinaimg.cn/large/0067o45Egy1hrnh30tbhij31d82yinpf.jpg,
https://wx2.sinaimg.cn/large/0067o45Egy1hrnh341owbj31d82yie83.jpg,
https://wx2.sinaimg.cn/large/0067o45Egy1hrnh3735wdj31d82yikjn.jpg,
https://wx2.sinaimg.cn/large/0067o45Egy1hrnh3905j4j30zk24xnpe.jpg,
https://wx2.sinaimg.cn/large/0067o45Egy1hsauzc0agfj31d82yiqv5.jpg,
https://wx2.sinaimg.cn/large/0067o45Ely1hpesmyorh5j31d82yie81.jpg,
https://wx2.sinaimg.cn/large/006BfQqCgy1hudyplpfs3j30u01hcgz8.jpg,
https://wx2.sinaimg.cn/large/006BfQqCgy1hudypr9xgbj32oc3kghdu.jpg,
https://wx2.sinaimg.cn/large/006BfQqCgy1hudypsqjmfj33kg2ocx6q.jpg,
https://wx2.sinaimg.cn/large/006a69Jcly1hpgxhgy6lhj313z0u0afa.jpg,
https://wx2.sinaimg.cn/large/006a69Jcly1hpgxhi2dyoj30u013zwix.jpg,
https://wx2.sinaimg.cn/large/006a69Jcly1hpgxhmla1bj31400u0n2z.jpg,
https://wx2.sinaimg.cn/large/006cgPMfly1hphas3fo1pj31900u0dmc.jpg,
https://wx2.sinaimg.cn/large/006cgPMfly1hphas3kdfxj31900u0450.jpg,
https://wx2.sinaimg.cn/large/006cgPMfly1hphas3non8j30u0190tf0.jpg,
https://wx2.sinaimg.cn/large/006cgPMfly1hphas3srr9j30u0190jy1.jpg,
https://wx2.sinaimg.cn/large/006fX5j1gy1hsbmgbalxkj33pc230hdu.jpg,
https://wx2.sinaimg.cn/large/006fX5j1gy1hsc7q8nm3vj34cr2wib2c.jpg,
https://wx2.sinaimg.cn/large/006fX5j1gy1hsc7qffdemj34eo2xsqv7.jpg,
https://wx2.sinaimg.cn/large/006hdkJkgy1hro37sr183j34mo334kjr.jpg,
https://wx2.sinaimg.cn/large/006hdkJkgy1hro37xvl9lj34mo3344qw.jpg,
https://wx2.sinaimg.cn/large/006hdkJkgy1hro399ca40j33344mohe1.jpg,
https://wx2.sinaimg.cn/large/006hdkJkgy1hud5uiu4ovj30u0190n38.jpg,
https://wx2.sinaimg.cn/large/006hdkJkgy1hud5ukae7zj31900u0dlh.jpg,
https://wx2.sinaimg.cn/large/006hdkJkgy1hud5uktyixj30u0190ter.jpg,
https://wx2.sinaimg.cn/large/006ixwxngy1hqfr4kwazaj31hc0u01if.jpg,
https://wx2.sinaimg.cn/large/006nJXj2gy1hpkn0zc3atj32yo1o0kjm.jpg,
https://wx2.sinaimg.cn/large/006nJXj2gy1hpkn5vpxwyj30u014013r.jpg,
https://wx2.sinaimg.cn/large/006nJXj2gy1hpknafwe3ej32c01r0x6p.jpg,
https://wx2.sinaimg.cn/large/006nJXj2gy1hpknajyvqnj31hc0u0qfw.jpg,
https://wx2.sinaimg.cn/large/006rUPVfly1hpeu1nfje1j32c03404qq.jpg,
https://wx2.sinaimg.cn/large/006yPoYygy1hrj4vk1uejj30m80m8k6q.jpg,
https://wx2.sinaimg.cn/large/0075VLesgy1hrq8ygjh1lj32p81su4qp.jpg,
https://wx2.sinaimg.cn/large/0075VLesgy1hrq8yiz2koj31su2p8b29.jpg,
https://wx2.sinaimg.cn/large/0075VLesgy1hrq8yjskdjj31su2p8e81.jpg,
https://wx2.sinaimg.cn/large/0075VLesgy1hrq8yme119j31su2p8e81.jpg,
https://wx2.sinaimg.cn/large/0075VLesgy1hrq8ypi7sjj31su2p8b29.jpg,
https://wx2.sinaimg.cn/large/007SOw48gy1hrq1l0ygc9j33344mo7wm.jpg,
https://wx2.sinaimg.cn/large/007VSKU1ly1hpdu51pjpkj32d035c4qr.jpg,
https://wx2.sinaimg.cn/large/007VSKU1ly1hpdu55vadbj32d035chdv.jpg,
https://wx2.sinaimg.cn/large/007VSKU1ly1hpdu58vs3nj33281q04qq.jpg,
https://wx2.sinaimg.cn/large/007VSKU1ly1hpdu5pyp6gj36ao4q04qu.jpg,
https://wx2.sinaimg.cn/large/007cpdPCly1hpet505abcj30u01hcn3j.jpg,
https://wx2.sinaimg.cn/large/007gFuiMly1hv025xwx3ej30vw0gtaqn.jpg,
https://wx2.sinaimg.cn/large/007gFuiMly1hv02r75pnmj30w90gvdyf.jpg,
https://wx2.sinaimg.cn/large/0080iUENgy1huaovjom67j31s035s4qq.jpg,
https://wx2.sinaimg.cn/large/00811Le1ly1hpjil82l1sj34mo334e8a.jpg,
https://wx2.sinaimg.cn/large/008BnHd9gy1hue5a5d74xj32v44aoqv7.jpg,
https://wx2.sinaimg.cn/large/008BnHd9gy1hue5a8ohoqj34ao2v4b2d.jpg,
https://wx2.sinaimg.cn/large/008BnHd9gy1hue5acdt0qj34ao2v4qv7.jpg,
https://wx2.sinaimg.cn/large/008F5cYPgy1huv4gksybaj30rs0rsk5q.jpg,
https://wx2.sinaimg.cn/large/4402be84gy1hpb4jowyvzj20uv10adu4.jpg,
https://wx2.sinaimg.cn/large/4402be84gy1hpb4jqe1y5j20uv10atrs.jpg,
https://wx2.sinaimg.cn/large/51806b25gy1ht00k540f0j28zk5zs7wz.jpg,
https://wx2.sinaimg.cn/large/51806b25gy1ht00l2c7fpj25zs8zkkk4.jpg,
https://wx2.sinaimg.cn/large/51806b25gy1ht00q47dhrj25zs8zkkk1.jpg,
https://wx2.sinaimg.cn/large/62ff67c7gy1hplw0ungetj24eo32me88.jpg,
https://wx2.sinaimg.cn/large/62ff67c7ly1hpkcc78g8sj222o340kjn.jpg,
https://wx2.sinaimg.cn/large/62ff67c7ly1hplwhvi62jj22xs4ryx6v.jpg,
https://wx2.sinaimg.cn/large/66008f64gy1hrlljevligj21hc0u07kf.jpg,
https://wx2.sinaimg.cn/large/66008f64gy1hrlljhizj2j22c0340kjm.jpg,
https://wx2.sinaimg.cn/large/66008f64gy1hrllji8f2zj21hc0u0apc.jpg,
https://wx2.sinaimg.cn/large/66008f64gy1hrlljuis65j22c0340kjn.jpg,
https://wx2.sinaimg.cn/large/66008f64gy1hrqxzsuh0cj2426638he2.jpg,
https://wx2.sinaimg.cn/large/66008f64gy1hrsaorndwpj22xs4eou11.jpg,
https://wx2.sinaimg.cn/large/66008f64gy1hrsaowfrnjj22xs4eo7wl.jpg,
https://wx2.sinaimg.cn/large/66008f64gy1hrsap1g3dkj22xs4eoqv9.jpg,
https://wx2.sinaimg.cn/large/66008f64gy1hrsapiv5z4j24eo2xse84.jpg,
https://wx2.sinaimg.cn/large/66008f64gy1hs9jj8jfc1j21o02yokjm.jpg,
https://wx2.sinaimg.cn/large/66008f64gy1hs9jjo51fjj20u01hch2x.jpg,
https://wx2.sinaimg.cn/large/66008f64gy1hsd622tq0xj22xs4eo4qu.jpg,
https://wx2.sinaimg.cn/large/66008f64gy1ht2ktvi9zkj22xs4eou12.jpg,
https://wx2.sinaimg.cn/large/66008f64gy1ht2ku0kawnj22xs4eokjp.jpg,
https://wx2.sinaimg.cn/large/66008f64gy1ht2kuit99bj22xs4eohdx.jpg,
https://wx2.sinaimg.cn/large/66008f64gy1ht2kuu96t0j24eo2r6qv9.jpg,
https://wx2.sinaimg.cn/large/66008f64gy1hugf3vgwngj22c0369b2d.jpg,
https://wx2.sinaimg.cn/large/66008f64ly1hjdbvtcplbj22kl3uwu10.jpg,
https://wx2.sinaimg.cn/large/66008f64ly1hjdbwpx2nvj22kl3uwqv7.jpg,
https://wx2.sinaimg.cn/large/66008f64ly1hjdbwugaw1j22kl3uw7wl.jpg,
https://wx2.sinaimg.cn/large/66008f64ly1hjdbxjucq4j22kl3uwhdw.jpg,
https://wx2.sinaimg.cn/large/66008f64ly1hjdbxo25r5j22kl3uwnpg.jpg,
https://wx2.sinaimg.cn/large/66008f64ly1hploltq474j24qn35ru12.jpg,
https://wx2.sinaimg.cn/large/66008f64ly1hplonb6om9j23ls5eoe8e.jpg,
https://wx2.sinaimg.cn/large/66008f64ly1hpqecnjc89j21ji2r2e81.jpg,
https://wx2.sinaimg.cn/large/66008f64ly1hpqecq8zosj21o02yo1ky.jpg,
https://wx2.sinaimg.cn/large/66008f64ly1hpqect2pzxj21o02yox6q.jpg,
https://wx2.sinaimg.cn/large/66008f64ly1hpqecwinatj21o02yokjm.jpg,
https://wx2.sinaimg.cn/large/66008f64ly1hq54gch9gtj2426638b2h.jpg,
https://wx2.sinaimg.cn/large/66008f64ly1hqaym0nixpj20u016f106.jpg,
https://wx2.sinaimg.cn/large/66008f64ly1hqaym1cxgnj20j60x8qcd.jpg,
https://wx2.sinaimg.cn/large/66008f64ly1hqaym2hgn9j20lc0sgqa2.jpg,
https://wx2.sinaimg.cn/large/66008f64ly1hqbzjz6nmcj21o02yob2b.jpg,
https://wx2.sinaimg.cn/large/66008f64ly1hqbzkbiy5uj21o02yo7wj.jpg,
https://wx2.sinaimg.cn/large/68ebcc2egy1ht0davy0zmj20u019dq97.jpg,
https://wx2.sinaimg.cn/large/68ebcc2egy1ht0db1zil8j219p0u0wmd.jpg,
https://wx2.sinaimg.cn/large/6b16aa1bly1hk0pekq0gjj21o01o07wi.jpg,
https://wx2.sinaimg.cn/large/6b16aa1bly1hk0pemqqw9j20pf0jvwk6.jpg,
https://wx2.sinaimg.cn/large/6e7ad70fgy1hs1iyaw65xj20xc175qv5.jpg,
https://wx2.sinaimg.cn/large/6e7ad70fgy1hs1iyee0rej22a22a1b2a.jpg,
https://wx2.sinaimg.cn/large/74b75cf5gy1hlofzqvk7fj20if0iftbj.jpg,
https://wx2.sinaimg.cn/large/74b75cf5gy1hlofzsucdsj21i0100wwn.jpg,
https://wx2.sinaimg.cn/large/74b75cf5gy1hr3qojz6rij20md3g6b29.jpg,
https://wx2.sinaimg.cn/large/74b75cf5gy1hr3r6f58n6j22v41wru0x.jpg,
https://wx2.sinaimg.cn/large/74b75cf5gy1hsfdt1e993j21ww7q27wo.jpg,
https://wx2.sinaimg.cn/large/74b75cf5gy1hsfdt7v6fij20u059r4qr.jpg,
https://wx2.sinaimg.cn/large/74b75cf5gy1hsfdtp7ekpj217w6i7nph.jpg,
https://wx2.sinaimg.cn/large/74b75cf5ly1hrmie2caelj22801o0u0x.jpg,
https://wx2.sinaimg.cn/large/7d6f5225gy1ht1fxx9xdhj22xt4eohe5.jpg,
https://wx2.sinaimg.cn/large/7d6f5225gy1ht1fypn4ipj22xt4eob2j.jpg,
https://wx2.sinaimg.cn/large/7d6f5225gy1ht1g6nz9mgj24eo2xu4qy.jpg,
https://wx2.sinaimg.cn/large/85092b1bly1hpgqqo6mwdj22kx3veb2c.jpg,
https://wx2.sinaimg.cn/large/852d8e71gy1hroojox0u6j20u0190n2w.jpg,
https://wx2.sinaimg.cn/large/8d275306gy1hrnavq5cufj233k4n44r5.jpg,
https://wx2.sinaimg.cn/large/8d275306gy1hrnawiac8mj233k4n4b2p.jpg,
https://wx2.sinaimg.cn/large/8d275306gy1ht0b2e3krdj24n433k4r5.jpg,
https://wx2.sinaimg.cn/large/8d275306gy1ht0b2kwezuj233k4n4e8h.jpg,
https://wx2.sinaimg.cn/large/8d275306gy1ht0b33tz49j233k4n47ww.jpg,
https://wx2.sinaimg.cn/large/8d275306gy1ht0b3dylvwj24n433ku1d.jpg,
https://wx2.sinaimg.cn/large/8d275306ly1hpdkqmgtt2j222t35shdt.jpg,
https://wx2.sinaimg.cn/large/8d275306ly1hpdq6huk0fj24jx31fnps.jpg,
https://wx2.sinaimg.cn/large/8d275306ly1hpdq6yo2oej24l3328x72.jpg,
https://wx2.sinaimg.cn/large/8f751903gy1hv09w3qufvj20xi1j9wsj.jpg,
https://wx2.sinaimg.cn/large/8f751903gy1hv09w6qaj0j20xi1nuwyn.jpg,
https://wx2.sinaimg.cn/large/9036587cly1hq8kpos1wfj21900u0dlu.jpg,
https://wx2.sinaimg.cn/large/9036587cly1hq8kpqdlayj21400u0jyp.jpg,
https://wx2.sinaimg.cn/large/9036587cly1hq8kpqsfp0j21400u0ag3.jpg,
https://wx2.sinaimg.cn/large/9036587cly1hq8kprdhr6j21900u07bp.jpg,
https://wx2.sinaimg.cn/large/9725ca93gy1hs0e1dwy27j25xc3j41l9.jpg,
https://wx2.sinaimg.cn/large/9725ca93gy1hs0e1j51xlj23fk55d7wq.jpg,
https://wx2.sinaimg.cn/large/9725ca93gy1hs0e1vm57mj23ls5eohe1.jpg,
https://wx2.sinaimg.cn/large/9725ca93gy1hs0e359lqvj25eo31ihe0.jpg,
https://wx2.sinaimg.cn/large/9da51f55gy1hppxh9t8cqj23a2402b2b.jpg,
https://wx2.sinaimg.cn/large/9da51f55gy1hppxnwz2vyj24hv6qs4r4.jpg,
https://wx2.sinaimg.cn/large/9da51f55gy1hppxp6q0iwj27c04w07x0.jpg,
https://wx2.sinaimg.cn/large/9da51f55gy1hppxpjseanj27c04w0heb.jpg,
https://wx2.sinaimg.cn/large/9da51f55gy1hppxpzy01vj220n4d8u0y.jpg,
https://wx2.sinaimg.cn/large/a025fb87ly1hp9u7istt7j215o7bo1l3.jpg,
https://wx2.sinaimg.cn/large/a025fb87ly1hp9u7se8drj22n53yqe88.jpg,
https://wx2.sinaimg.cn/large/a025fb87ly1hp9u8ogw8lj24eo27cu13.jpg,
https://wx2.sinaimg.cn/large/a025fb87ly1hp9u8wo9f7j243n21t4qw.jpg,
https://wx2.sinaimg.cn/large/a025fb87ly1hp9u9cm2pkj24eo27cqv9.jpg,
https://wx2.sinaimg.cn/large/a38016fcly1hpdpkonieqj21o02yoqv5.jpg,
https://wx2.sinaimg.cn/large/a38016fcly1hpdpktpy0jj21jq2r31ky.jpg,
https://wx2.sinaimg.cn/large/a38016fcly1hpdpkzdmrnj22802yo7wi.jpg,
https://wx2.sinaimg.cn/large/a8659f55ly1hpdrcxybwdj220830du0x.jpg,
https://wx2.sinaimg.cn/large/a8659f55ly1hpdrcyss9cj21rf2n6hdt.jpg,
https://wx2.sinaimg.cn/large/a8659f55ly1hpdrczhjgsj22q61tgkjl.jpg,
https://wx2.sinaimg.cn/large/a8659f55ly1hpdrd1bewgj22s11uou0x.jpg,
https://wx2.sinaimg.cn/large/a8659f55ly1hpdrd3pigwj22rv1uj1ky.jpg,
https://wx2.sinaimg.cn/large/a8659f55ly1hpdrdagpjhj21lf2e6e81.jpg,
https://wx2.sinaimg.cn/large/ab468647gy1hugme4c91lj22d035chdu.jpg,
https://wx2.sinaimg.cn/large/b04d3bbegy1hv0vkzkhq1j21n918g49o.jpg,
https://wx2.sinaimg.cn/large/b04d3bbely1hperfemhmcj23y82mtqv7.jpg,
https://wx2.sinaimg.cn/large/bf9f58e2gy1hue9laeaw2j20u011u44b.jpg,
https://wx2.sinaimg.cn/large/bf9f58e2gy1hue9lay424j20u015ngsa.jpg,
https://wx2.sinaimg.cn/large/bf9f58e2gy1hue9leawzyj20u0140dlo.jpg,
https://wx2.sinaimg.cn/large/bf9f58e2gy1hue9leukxhj20u015xtgd.jpg,
https://wx2.sinaimg.cn/large/bf9f58e2ly1hpf2zaq5rqj22dc35sb2b.jpg,
https://wx2.sinaimg.cn/large/bf9f58e2ly1hpf2zjz9zaj22dc35sqv7.jpg,
https://wx2.sinaimg.cn/large/bf9f58e2ly1huz0vqfx4ej20u0191wkg.jpg,
https://wx2.sinaimg.cn/large/bf9f58e2ly1huz0vro7ayj20u0140jx5.jpg,
https://wx2.sinaimg.cn/large/cff92cfcly1hpbb0sxr0jj23ls5eoe8a.jpg,
https://wx2.sinaimg.cn/large/cff92cfcly1hpbb10dq92j23jv57gkju.jpg,
https://wx2.sinaimg.cn/large/cff92cfcly1hpbb1vwyskj23ls5eob2j.jpg,
https://wx2.sinaimg.cn/large/cff92cfcly1hpbb2444q7j23ls5eou16.jpg,
https://wx2.sinaimg.cn/large/cff92cfcly1hqb9219rgyj23ls5eokjr.jpg,
https://wx2.sinaimg.cn/large/cff92cfcly1hqb94zq8zqj25eo3ls1l6.jpg,
https://wx2.sinaimg.cn/large/cff92cfcly1hqb96am2dkj23ls5eox6w.jpg,
https://wx2.sinaimg.cn/large/e2738d20ly1hpf0l77ov6j23r25n9hdw.jpg,
https://wx2.sinaimg.cn/large/e2738d20ly1hpf0lamccrj264w43cqv8.jpg,
https://wx2.sinaimg.cn/orj480/66008f64ly1hdj6mc3vxaj20u0141ai2.jpg,
https://wx2.sinaimg.cn/orj480/66008f64ly1hidnbbo3omj20u01hcgyx.jpg,
https://wx2.sinaimg.cn/orj480/66008f64ly1hkwsarh734j20u0140tr8.jpg,
https://wx2.sinaimg.cn/orj480/66008f64ly1hl88swtm1fj20u0141akc.jpg,
https://wx2.sinaimg.cn/orj480/a025fb87gy1hurzcejc1oj20u01hck0f.jpg,
https://wx3.sinaimg.cn/large/005JyMTCgy1hroqprsob3j34cq2wje84.jpg,
https://wx3.sinaimg.cn/large/005JyMTCgy1hroqpuklmqj343c64wb2j.jpg,
https://wx3.sinaimg.cn/large/005JyMTCgy1hroqq3c30tj343c64wx6x.jpg,
https://wx3.sinaimg.cn/large/005NoO2uly1hpg4dimygwj31900u00x4.jpg,
https://wx3.sinaimg.cn/large/0065GerGgy1hppah75siqj343c64w7wu.jpg,
https://wx3.sinaimg.cn/large/0065GerGgy1hppahhj245j364w43ce8b.jpg,
https://wx3.sinaimg.cn/large/0067o45Egy1hrnh2je2ovj31d82yiu0z.jpg,
https://wx3.sinaimg.cn/large/0067o45Egy1hsauzcrimgj31d82yiqv5.jpg,
https://wx3.sinaimg.cn/large/0067o45Egy1hsauzddtvgj31d82yihdt.jpg,
https://wx3.sinaimg.cn/large/0067o45Ely1hpesmvoyhsj31d82yie81.jpg,
https://wx3.sinaimg.cn/large/0067o45Ely1hpesmwid7uj31d82yihdt.jpg,
https://wx3.sinaimg.cn/large/006BfQqCgy1hudyphyk4yj30s735se81.jpg,
https://wx3.sinaimg.cn/large/006BfQqCgy1hudypyal08j32oc3kg1l0.jpg,
https://wx3.sinaimg.cn/large/006a69Jcly1hpgxhj50ulj30u013zn22.jpg,
https://wx3.sinaimg.cn/large/006a69Jcly1hpgxhnsj5tj30u0140teg.jpg,
https://wx3.sinaimg.cn/large/006a69Jcly1hpgxhpjblaj30u0140n2r.jpg,
https://wx3.sinaimg.cn/large/006cgPMfly1hphas2tlr1j31900u07b6.jpg,
https://wx3.sinaimg.cn/large/006cgPMfly1hphas3enzgj30u0190agk.jpg,
https://wx3.sinaimg.cn/large/006cgPMfly1hphas3l550j31900u0dmg.jpg,
https://wx3.sinaimg.cn/large/006dquMegy1hrovftzu7bj30u014010o.jpg,
https://wx3.sinaimg.cn/large/006dquMely1hpdx1hdf3tj30u0140tiw.jpg,
https://wx3.sinaimg.cn/large/006dquMely1hpdx1ij78hj30u0140nab.jpg,
https://wx3.sinaimg.cn/large/006dquMely1hpdx1jgcw5j30u0140amf.jpg,
https://wx3.sinaimg.cn/large/006fX5j1gy1hsbmgb2le2j34eo27eb2b.jpg,
https://wx3.sinaimg.cn/large/006hdkJkgy1hro38npvekj34mo334kjr.jpg,
https://wx3.sinaimg.cn/large/006hdkJkgy1hro38sva58j34mo334npk.jpg,
https://wx3.sinaimg.cn/large/006hdkJkgy1hud5ufutlvj30u0190dlm.jpg,
https://wx3.sinaimg.cn/large/006hdkJkly1hpeei825dkj34mo334he0.jpg,
https://wx3.sinaimg.cn/large/006hdkJkly1hpeeidwh48j33344moqvd.jpg,
https://wx3.sinaimg.cn/large/006hdkJkly1hpeeipd6p4j33344moe89.jpg,
https://wx3.sinaimg.cn/large/006hdkJkly1hpeeiw0d6uj33344mo1l6.jpg,
https://wx3.sinaimg.cn/large/006hdkJkly1hpeejal8b3j34mo3341l5.jpg,
https://wx3.sinaimg.cn/large/006nJXj2gy1hpkn0oyy2uj32yo1o04qq.jpg,
https://wx3.sinaimg.cn/large/006nJXj2gy1hpkn0vkp04j32yo1o01ky.jpg,
https://wx3.sinaimg.cn/large/006nJXj2gy1hpknajb0ddj31o0280qv5.jpg,
https://wx3.sinaimg.cn/large/006rUPVfly1hpeu1k303ej33402c0u0x.jpg,
https://wx3.sinaimg.cn/large/006rUPVfly1hpeu1om1iwj33402c07wi.jpg,
https://wx3.sinaimg.cn/large/006rUPVfly1hpeu1qavvhj32ao1j41h4.jpg,
https://wx3.sinaimg.cn/large/006rUPVfly1hpeu1sllomj32ao1j4kf5.jpg,
https://wx3.sinaimg.cn/large/006yPoYygy1hrj4vfe2nkj30rs34ob29.jpg,
https://wx3.sinaimg.cn/large/006yPoYygy1hrj4vl52laj30rs34ob29.jpg,
https://wx3.sinaimg.cn/large/0075VLesgy1hrq8yfve3jj32p81su7wh.jpg,
https://wx3.sinaimg.cn/large/007SOw48gy1hrq1ks4p1rj33344mox6t.jpg,
https://wx3.sinaimg.cn/large/007VSKU1ly1hpdu5wfbenj32d035chdw.jpg,
https://wx3.sinaimg.cn/large/007cpdPCly1hpet50m0caj30u01hcgt2.jpg,
https://wx3.sinaimg.cn/large/007cpdPCly1hpet514o0uj30u01hcjzj.jpg,
https://wx3.sinaimg.cn/large/007cpdPCly1hpet51nvn0j30u01hcjyb.jpg,
https://wx3.sinaimg.cn/large/007gFuiMly1hv025n6yo9j30w50i1k4k.jpg,
https://wx3.sinaimg.cn/large/007gFuiMly1hv025oqnahj30w50hsgzr.jpg,
https://wx3.sinaimg.cn/large/007gFuiMly1hv0264zew1j30vy0gwdxa.jpg,
https://wx3.sinaimg.cn/large/007gFuiMly1hv0266bfsgj30vv0gpnez.jpg,
https://wx3.sinaimg.cn/large/007gFuiMly1hv02mgy43tj30zk0fwtap.jpg,
https://wx3.sinaimg.cn/large/007gFuiMly1hv02sls9noj30wb0i24k2.jpg,
https://wx3.sinaimg.cn/large/007gFuiMly1hv02spnz6oj30w60gytsg.jpg,
https://wx3.sinaimg.cn/large/0080iUENgy1huaovf78p8j31s035shdu.jpg,
https://wx3.sinaimg.cn/large/0080iUENgy1huaovs6sjyj31s035snpe.jpg,
https://wx3.sinaimg.cn/large/00811Le1ly1hpjiliien2j33344moe8a.jpg,
https://wx3.sinaimg.cn/large/00811Le1ly1hpjim3aumgj34mo334npm.jpg,
https://wx3.sinaimg.cn/large/0081aj8Hgy1hph75d9iwlj33364monph.jpg,
https://wx3.sinaimg.cn/large/0081aj8Hgy1hph75ndra0j34mo2lrkjo.jpg,
https://wx3.sinaimg.cn/large/0081aj8Hgy1hph75zo86qj33364mox6t.jpg,
https://wx3.sinaimg.cn/large/008F5cYPgy1huv4gkpqhvj30rs0rswsp.jpg,
https://wx3.sinaimg.cn/large/4402be84gy1hpb4jp27uxj20uv10ah3g.jpg,
https://wx3.sinaimg.cn/large/4402be84gy1hpb4jp392uj20uv10awxv.jpg,
https://wx3.sinaimg.cn/large/4402be84gy1hpb4jpniqsj21hc0u04qp.jpg,
https://wx3.sinaimg.cn/large/4402be84gy1hpb4jpnll7j20uv10ah0m.jpg,
https://wx3.sinaimg.cn/large/51806b25gy1ht00qtttqhj26qo8zkqvl.jpg,
https://wx3.sinaimg.cn/large/51806b25gy1ht00rewflgj25zs8zk7ww.jpg,
https://wx3.sinaimg.cn/large/62ff67c7gy1hplwc4snfij25eo3ls1l6.jpg,
https://wx3.sinaimg.cn/large/62ff67c7gy1hplwcph4kqj22xs4eo4qw.jpg,
https://wx3.sinaimg.cn/large/62ff67c7ly1hpkcck9gltj222o340hdw.jpg,
https://wx3.sinaimg.cn/large/62ff67c7ly1hpkccyupcaj222o340npf.jpg,
https://wx3.sinaimg.cn/large/66008f64gy1hrlljkc7kfj22c0340qv6.jpg,
https://wx3.sinaimg.cn/large/66008f64gy1hrqxzxll89j24mo334nph.jpg,
https://wx3.sinaimg.cn/large/66008f64gy1hrsap5kat2j24eo2xse85.jpg,
https://wx3.sinaimg.cn/large/66008f64gy1hrsap9ulahj22xs4eohdx.jpg,
https://wx3.sinaimg.cn/large/66008f64gy1hrsapnn2nwj24eo2xs7wl.jpg,
https://wx3.sinaimg.cn/large/66008f64gy1hs0o6mzi5oj20wi1yc7wh.jpg,
https://wx3.sinaimg.cn/large/66008f64gy1hs1k55bm93j21o02yob2a.jpg,
https://wx3.sinaimg.cn/large/66008f64gy1hs9jjlufxfj21o02yo4qq.jpg,
https://wx3.sinaimg.cn/large/66008f64gy1hs9jkwhj9jj22c0340npe.jpg,
https://wx3.sinaimg.cn/large/66008f64gy1hsd62859lej24eo2xsx6w.jpg,
https://wx3.sinaimg.cn/large/66008f64gy1hsd62bywcmj24eo2xsqva.jpg,
https://wx3.sinaimg.cn/large/66008f64gy1hsd62qpbk2j22xs4eox6v.jpg,
https://wx3.sinaimg.cn/large/66008f64gy1ht2kua2t0vj22r64eou12.jpg,
https://wx3.sinaimg.cn/large/66008f64gy1ht2kuevehbj22xs4eou11.jpg,
https://wx3.sinaimg.cn/large/66008f64gy1hugf3y5oo1j22c03404qs.jpg,
https://wx3.sinaimg.cn/large/66008f64ly1hjdbwfs2tkj23uw2kle85.jpg,
https://wx3.sinaimg.cn/large/66008f64ly1hjdbx9nbaaj22kl3uwkjp.jpg,
https://wx3.sinaimg.cn/large/66008f64ly1hltdfy1bihj20zu25ohdt.jpg,
https://wx3.sinaimg.cn/large/66008f64ly1hpek3ps2bkj21o02yo4qq.jpg,
https://wx3.sinaimg.cn/large/66008f64ly1hpek431syrj21o02yo4qq.jpg,
https://wx3.sinaimg.cn/large/66008f64ly1hpek4bf4ywj21cq214qid.jpg,
https://wx3.sinaimg.cn/large/66008f64ly1hplombg68oj24eo32m7wp.jpg,
https://wx3.sinaimg.cn/large/66008f64ly1hplonxt8e5j25eo3lse8e.jpg,
https://wx3.sinaimg.cn/large/66008f64ly1hpqeccx8soj21o02yoe82.jpg,
https://wx3.sinaimg.cn/large/66008f64ly1hpqecjkcuzj21o02yox6p.jpg,
https://wx3.sinaimg.cn/large/66008f64ly1hpqecmgl9hj21o02yo4qq.jpg,
https://wx3.sinaimg.cn/large/66008f64ly1hqbzk30rs2j21o02yo1kz.jpg,
https://wx3.sinaimg.cn/large/66008f64ly1hqbzkj9vgqj21o02yob2b.jpg,
https://wx3.sinaimg.cn/large/66008f64ly1hqjekjw2qgj21o02yo1ky.jpg,
https://wx3.sinaimg.cn/large/66008f64ly1hqvzkj9nytj22c03401l0.jpg,
https://wx3.sinaimg.cn/large/66008f64ly1hqvzkmjc8lj21o02yohdv.jpg,
https://wx3.sinaimg.cn/large/66008f64ly1hqvzkwbzaij22c0340e86.jpg,
https://wx3.sinaimg.cn/large/68ebcc2egy1ht0daxdzf3j20u0190dn2.jpg,
https://wx3.sinaimg.cn/large/68ebcc2egy1ht0db009b0j20u0190n3w.jpg,
https://wx3.sinaimg.cn/large/68ebcc2egy1ht0db151p6j21770u07dq.jpg,
https://wx3.sinaimg.cn/large/68ebcc2egy1ht0db395eaj218k0u0guw.jpg,
https://wx3.sinaimg.cn/large/68ebcc2egy1ht0db4sim9j218h0u0jxv.jpg,
https://wx3.sinaimg.cn/large/6b16aa1bly1hk0pextb3hj20u011uaxk.jpg,
https://wx3.sinaimg.cn/large/6e7ad70fgy1hs1iy73vbsj20xc18p1kx.jpg,
https://wx3.sinaimg.cn/large/6e7ad70fgy1hs1iydndhjj22a02a1npe.jpg,
https://wx3.sinaimg.cn/large/6e7ad70fgy1hs1iydo5nmj22a22a1npe.jpg,
https://wx3.sinaimg.cn/large/74b75cf5gy1hlofzrn3i5j20j50j5dm7.jpg,
https://wx3.sinaimg.cn/large/74b75cf5gy1hlofzrxkitj20xn0mf46j.jpg,
https://wx3.sinaimg.cn/large/74b75cf5gy1hlofzsei0vj214k0r1gy1.jpg,
https://wx3.sinaimg.cn/large/74b75cf5gy1hr3r7sdarzj23mw1k3hdw.jpg,
https://wx3.sinaimg.cn/large/74b75cf5gy1hr3r91snk8j22v41m17wi.jpg,
https://wx3.sinaimg.cn/large/74b75cf5gy1hsfdtcm2twj20u04z4x6q.jpg,
https://wx3.sinaimg.cn/large/74b75cf5gy1hsfdtfmbx3j21ww7aq1l5.jpg,
https://wx3.sinaimg.cn/large/74b75cf5ly1hrmidndvgvj22801o0hdt.jpg,
https://wx3.sinaimg.cn/large/74b75cf5ly1hrmiiqn73ij20mm0u54a3.jpg,
https://wx3.sinaimg.cn/large/74b75cf5ly1hrmijl7c4nj21o02801ky.jpg,
https://wx3.sinaimg.cn/large/74b75cf5ly1hrmijp4zz9j21o0280hdu.jpg,
https://wx3.sinaimg.cn/large/7d6f5225gy1ht1fwijibpj223v35sb2e.jpg,
https://wx3.sinaimg.cn/large/7d6f5225gy1ht1fzzto2xj22xt4eou18.jpg,
https://wx3.sinaimg.cn/large/7d6f5225gy1ht1g72kvwqj24eo2xtnpq.jpg,
https://wx3.sinaimg.cn/large/852d8e71gy1hroojksovhj20u0192q8q.jpg,
https://wx3.sinaimg.cn/large/8d275306gy1hrnavxz0orj233k4n4e8g.jpg,
https://wx3.sinaimg.cn/large/8d275306gy1hrnaw9815fj233k4n44r6.jpg,
https://wx3.sinaimg.cn/large/8d275306gy1ht0b2wdeynj233k4n4qvj.jpg,
https://wx3.sinaimg.cn/large/8d275306ly1hpdq6kcfp4j233k4n41kz.jpg,
https://wx3.sinaimg.cn/large/8d275306ly1hpdq7hdl7lj24n433k4r3.jpg,
https://wx3.sinaimg.cn/large/8d275306ly1hpdq7kpec5j233k4n4qv7.jpg,
https://wx3.sinaimg.cn/large/8f751903gy1hv09vg7di7j21sc2dskjl.jpg,
https://wx3.sinaimg.cn/large/8f751903gy1hv09w0touwj21r0340e82.jpg,
https://wx3.sinaimg.cn/large/9036587cly1hq8kpngapbj20u0190gsb.jpg,
https://wx3.sinaimg.cn/large/948bd9a7ly1hpek5s3mz1j23ls5eoe87.jpg,
https://wx3.sinaimg.cn/large/948bd9a7ly1hpek5staadj25eo3lsx6v.jpg,
https://wx3.sinaimg.cn/large/9725ca93gy1hs0e18byddj23kn5cyu19.jpg,
https://wx3.sinaimg.cn/large/9da51f55gy1hppxnhvnitj27c04w0b2r.jpg,
https://wx3.sinaimg.cn/large/9da51f55gy1hppxnyzn0kj220n4d84qq.jpg,
https://wx3.sinaimg.cn/large/9da51f55gy1hppxpqs1gxj27et4xvhea.jpg,
https://wx3.sinaimg.cn/large/a025fb87ly1hp9u7keqbcj21d921wkjl.jpg,
https://wx3.sinaimg.cn/large/a025fb87ly1hp9u7vuxvqj219l1osqv5.jpg,
https://wx3.sinaimg.cn/large/a025fb87ly1hp9u8672qqj245h268x6u.jpg,
https://wx3.sinaimg.cn/large/a025fb87ly1hp9u94mhssj22jv3ttnpj.jpg,
https://wx3.sinaimg.cn/large/a025fb87ly1hp9u9lnwylj24eo27c4qw.jpg,
https://wx3.sinaimg.cn/large/a8659f55ly1hpdrcvo91fj21y52xahdt.jpg,
https://wx3.sinaimg.cn/large/a8659f55ly1hpdrd0b0laj22rp1ugnpd.jpg,
https://wx3.sinaimg.cn/large/a8659f55ly1hpdrd4l5z6j21hp28l4qp.jpg,
https://wx3.sinaimg.cn/large/a8659f55ly1hpdrd734p3j21ou2jahdt.jpg,
https://wx3.sinaimg.cn/large/a8659f55ly1hpdrd81ktgj21mk2fwb29.jpg,
https://wx3.sinaimg.cn/large/ab468647gy1hugme5m734j235s2dcb2b.jpg,
https://wx3.sinaimg.cn/large/b04d3bbegy1hufaevdnbcj23y82mte84.jpg,
https://wx3.sinaimg.cn/large/b04d3bbegy1hufaezbo61j23y82mtnpf.jpg,
https://wx3.sinaimg.cn/large/b04d3bbely1hperev1v5vj23y82mt4qs.jpg,
https://wx3.sinaimg.cn/large/b04d3bbely1hperg24hyjj22mt3y8kjp.jpg,
https://wx3.sinaimg.cn/large/bf9f58e2gy1hue9lbwv0gj20u0171tew.jpg,
https://wx3.sinaimg.cn/large/bf9f58e2gy1hue9lfdpi4j20u0140tfu.jpg,
https://wx3.sinaimg.cn/large/bf9f58e2ly1huz0vrao3oj20u015mn3o.jpg,
https://wx3.sinaimg.cn/large/bf9f58e2ly1huz0vs1knuj20u0140dlm.jpg,
https://wx3.sinaimg.cn/large/bf9f58e2ly1huz0vsfb4ej20u01597ab.jpg,
https://wx3.sinaimg.cn/large/bf9f58e2ly1huz0vtl6hrj20u014044h.jpg,
https://wx3.sinaimg.cn/large/cff92cfcgy1hrl4hma9czj21o0280hdt.jpg,
https://wx3.sinaimg.cn/large/cff92cfcly1hpbb1np92uj23ls57wu13.jpg,
https://wx3.sinaimg.cn/large/cff92cfcly1hpbb3a8icoj23jk5bcx6y.jpg,
https://wx3.sinaimg.cn/large/cff92cfcly1hpbb3pr9lvj23ls5eoe8c.jpg,
https://wx3.sinaimg.cn/large/cff92cfcly1hqb91nvtvjj23ls5eonpk.jpg,
https://wx3.sinaimg.cn/large/cff92cfcly1hqb92qul2lj23ls5eox6w.jpg,
https://wx3.sinaimg.cn/large/cff92cfcly1hqb94ali63j25eo3lskjs.jpg,
https://wx3.sinaimg.cn/large/cff92cfcly1hqb959clahj25eo3lsqvc.jpg,
https://wx3.sinaimg.cn/large/cff92cfcly1hqb96ku6jaj23ls5eox6x.jpg,
https://wx3.sinaimg.cn/orj480/66008f64gy1hsgl8vhzaej21401hch64.jpg,
https://wx3.sinaimg.cn/orj480/66008f64gy1ht3szp3zm9j21401hcgxt.jpg,
https://wx3.sinaimg.cn/orj480/66008f64ly1hk6f13se8yj21o0281e81.jpg,
https://wx3.sinaimg.cn/orj480/6da54451gy1hufvvrpnwoj21hc0u04b7.jpg,
https://wx3.sinaimg.cn/orj480/74b75cf5gy1hqzc6w4022j20k00qptcj.jpg,
https://wx4.sinaimg.cn/large/005JX2fegy1huf9qwya26j30u014046s.jpg,
https://wx4.sinaimg.cn/large/005JyMTCgy1hroqpqfl4ij364w43cqvc.jpg,
https://wx4.sinaimg.cn/large/0060SqPlgy1ht2nndroywj32wi4crnph.jpg,
https://wx4.sinaimg.cn/large/0060SqPlgy1ht2nng06kxj32wi4crkjo.jpg,
https://wx4.sinaimg.cn/large/0060SqPlgy1ht2nnkkfvaj32wi4cru10.jpg,
https://wx4.sinaimg.cn/large/0060SqPlgy1ht2nnmvj6yj34cr2wi4qu.jpg,
https://wx4.sinaimg.cn/large/0060SqPlgy1ht2nnran4fj32wi4crb2d.jpg,
https://wx4.sinaimg.cn/large/0060SqPlgy1ht2nnx00vbj32wi4crnph.jpg,
https://wx4.sinaimg.cn/large/0060SqPlgy1ht2no0qxrhj32wi4crhdx.jpg,
https://wx4.sinaimg.cn/large/0060SqPlgy1ht2no9m0e8j34cr2wiu11.jpg,
https://wx4.sinaimg.cn/large/0065GerGgy1hppah2dnylj343c64w7wt.jpg,
https://wx4.sinaimg.cn/large/0067o45Egy1hsauzdz2rwj32yi1d87wh.jpg,
https://wx4.sinaimg.cn/large/006BfQqCgy1hudypgsgcyj32dc35s1ky.jpg,
https://wx4.sinaimg.cn/large/006BfQqCgy1hudyppop5yj32oc3kgb2b.jpg,
https://wx4.sinaimg.cn/large/006QJqMgly8hq6m6xlh1kj35eo3lse83.jpg,
https://wx4.sinaimg.cn/large/006cgPMfly1hphas31kq7j31900u00yz.jpg,
https://wx4.sinaimg.cn/large/006cgPMfly1hphas3od5cj31900u0tf7.jpg,
https://wx4.sinaimg.cn/large/006dquMegy1hrovfsljvjj30u0140gtm.jpg,
https://wx4.sinaimg.cn/large/006dquMegy1hrovtg03udj30va0u0diy.jpg,
https://wx4.sinaimg.cn/large/006dquMely1hpdx1i5gapj30u0140123.jpg,
https://wx4.sinaimg.cn/large/006dquMely1hpdx1kixpij30u0140qg8.jpg,
https://wx4.sinaimg.cn/large/006fX5j1gy1hsbmgbbbbvj34eo2ha7wj.jpg,
https://wx4.sinaimg.cn/large/006fX5j1gy1hsbmgbcnbjj34eo2hahdv.jpg,
https://wx4.sinaimg.cn/large/006fX5j1gy1hsbmgclxykj32xu4eox6r.jpg,
https://wx4.sinaimg.cn/large/006fX5j1gy1hsbmgdqlu4j32mt3y8b2c.jpg,
https://wx4.sinaimg.cn/large/006fX5j1gy1hsc7qb82mmj33y82807wj.jpg,
https://wx4.sinaimg.cn/large/006fX5j1gy1hsc7qbb63vj33pc2gw7wj.jpg,
https://wx4.sinaimg.cn/large/006hdkJkgy1hro384ieb1j33344mox6w.jpg,
https://wx4.sinaimg.cn/large/006hdkJkgy1hro38iao0nj33344mo4qw.jpg,
https://wx4.sinaimg.cn/large/006hdkJkgy1hro39evhi2j33344mo4qv.jpg,
https://wx4.sinaimg.cn/large/006hdkJkly1hpeeijz0fnj33344mokjt.jpg,
https://wx4.sinaimg.cn/large/006hdkJkly1hpeejfkb0yj34mo334e89.jpg,
https://wx4.sinaimg.cn/large/006nJXj2gy1hpknad39jcj32yo1o0kjm.jpg,
https://wx4.sinaimg.cn/large/006nJXj2gy1hpknai5lddj32yo1o0b2a.jpg,
https://wx4.sinaimg.cn/large/006rUPVfly1hpeu1mbaggj33402c0u0x.jpg,
https://wx4.sinaimg.cn/large/006rUPVfly1hpeu1rd5w8j32ao1j41j0.jpg,
https://wx4.sinaimg.cn/large/006yPoYygy1hrj4vid9gbj30m80m8qma.jpg,
https://wx4.sinaimg.cn/large/006yPoYygy1hrj4vjxpdkj30m80m8nbu.jpg,
https://wx4.sinaimg.cn/large/007Q5Faily1hpyf42pilmj30r30kytmf.jpg,
https://wx4.sinaimg.cn/large/007SOw48gy1hrq1kjgm7aj33344mo1l2.jpg,
https://wx4.sinaimg.cn/large/007SOw48gy1hrq1l9rhubj33344mo1l2.jpg,
https://wx4.sinaimg.cn/large/007VSKU1ly1hpdu4s75ktj34q06aoe88.jpg,
https://wx4.sinaimg.cn/large/007VSKU1ly1hpdu4wpt06j32d035cnpf.jpg,
https://wx4.sinaimg.cn/large/007VSKU1ly1hpdu5c85uoj31q0328u0x.jpg,
https://wx4.sinaimg.cn/large/007gFuiMly1hv025tftodj30w20guwsn.jpg,
https://wx4.sinaimg.cn/large/007gFuiMly1hv025z8998j30w80gqwv9.jpg,
https://wx4.sinaimg.cn/large/007gFuiMly1hv0261xrjsj30vx0hlqj9.jpg,
https://wx4.sinaimg.cn/large/007gFuiMly1hv0268x701j30vx0gw4hp.jpg,
https://wx4.sinaimg.cn/large/007gFuiMly1hv027nwrjyj30wb0i5qmi.jpg,
https://wx4.sinaimg.cn/large/007gFuiMly1hv02srbtsuj30wa0gsaub.jpg,
https://wx4.sinaimg.cn/large/0080iUENgy1huaovm95wzj31s035skjm.jpg,
https://wx4.sinaimg.cn/large/0080iUENgy1huaovqfjv1j31s035shdu.jpg,
https://wx4.sinaimg.cn/large/00811Le1ly1hpjilt390vj33344mo7wq.jpg,
https://wx4.sinaimg.cn/large/0081aj8Hgy1hph75eyuuuj355s2wib2c.jpg,
https://wx4.sinaimg.cn/large/0081aj8Hgy1hph75u9voaj34mo2lrqv8.jpg,
https://wx4.sinaimg.cn/large/008usgTFgy1hudt7u6yobj31i02001ky.jpg,
https://wx4.sinaimg.cn/large/008usgTFgy1hudt7v62k6j34eo3b0u0y.jpg,
https://wx4.sinaimg.cn/large/008x2yfngy1hp7qq98qvsj33cs5yqqvc.jpg,
https://wx4.sinaimg.cn/large/51806b25gy1ht00kia28nj29et5zse8i.jpg,
https://wx4.sinaimg.cn/large/51806b25gy1ht00qj5x65j28zk5zse8i.jpg,
https://wx4.sinaimg.cn/large/51806b25gy1ht00r4xdksj25x78vphe8.jpg,
https://wx4.sinaimg.cn/large/62ff67c7gy1hplwh41byuj22xs4eohe0.jpg,
https://wx4.sinaimg.cn/large/62ff67c7gy1hplwi9qfdjj24eo2xsnpk.jpg,
https://wx4.sinaimg.cn/large/62ff67c7ly1hplwhz91uwj24qn35rnph.jpg,
https://wx4.sinaimg.cn/large/62ff67c7ly1hplwiqk13lj22xs4tknpk.jpg,
https://wx4.sinaimg.cn/large/66008f64gy1hrlljmawxkj22c0340kjm.jpg,
https://wx4.sinaimg.cn/large/66008f64gy1hrlljrzu8mj22c0340qv6.jpg,
https://wx4.sinaimg.cn/large/66008f64gy1hrlll4a2hpj22c0340kjn.jpg,
https://wx4.sinaimg.cn/large/66008f64gy1hrqxzki3v9j23344moqv8.jpg,
https://wx4.sinaimg.cn/large/66008f64gy1hrsaon25c4j22xs4eohdx.jpg,
https://wx4.sinaimg.cn/large/66008f64gy1hrsaprx7j4j22xs4eou10.jpg,
https://wx4.sinaimg.cn/large/66008f64gy1hs9jjbgkzhj21o02yox6q.jpg,
https://wx4.sinaimg.cn/large/66008f64gy1hs9jjetmvij21o02yoqv6.jpg,
https://wx4.sinaimg.cn/large/66008f64gy1hs9jjjghwmj22c0340hdv.jpg,
https://wx4.sinaimg.cn/large/66008f64gy1hs9jjnjysjj21o02yox6p.jpg,
https://wx4.sinaimg.cn/large/66008f64gy1hsag392hnhj21o02yoe82.jpg,
https://wx4.sinaimg.cn/large/66008f64gy1hsd61xayfyj24eo2h9u12.jpg,
https://wx4.sinaimg.cn/large/66008f64gy1hsd62vimm7j24eo2h84qv.jpg,
https://wx4.sinaimg.cn/large/66008f64gy1hsd62yzc80j24eo2ha7wl.jpg,
https://wx4.sinaimg.cn/large/66008f64gy1hugf3wmou5j22c03401kz.jpg,
https://wx4.sinaimg.cn/large/66008f64gy1hugf3zaxjnj22c03404qq.jpg,
https://wx4.sinaimg.cn/large/66008f64ly1hjdbw4f909j22kl3uw4qu.jpg,
https://wx4.sinaimg.cn/large/66008f64ly1hjdbwau3pij22kl3uwb2e.jpg,
https://wx4.sinaimg.cn/large/66008f64ly1hjdbxewho3j23k02db000.jpg,
https://wx4.sinaimg.cn/large/66008f64ly1hjdbxt62moj22kb3uwx6u.jpg,
https://wx4.sinaimg.cn/large/66008f64ly1hltdjwsil1j20zu25ou0x.jpg,
https://wx4.sinaimg.cn/large/66008f64ly1hpek3zmqpvj22xs4eonph.jpg,
https://wx4.sinaimg.cn/large/66008f64ly1hpek46srxbj22802yonpe.jpg,
https://wx4.sinaimg.cn/large/66008f64ly1hpek4b03jij20yw1ikk1a.jpg,
https://wx4.sinaimg.cn/large/66008f64ly1hplomr5rbwj25eo3lse8a.jpg,
https://wx4.sinaimg.cn/large/66008f64ly1hploph46i8j25eo3lskju.jpg,
https://wx4.sinaimg.cn/large/66008f64ly1hpqecg88mvj21o02yo7wi.jpg,
https://wx4.sinaimg.cn/large/66008f64ly1hq1rp4uv5lj21o02yo7wi.jpg,
https://wx4.sinaimg.cn/large/66008f64ly1hqbzjmkg7sj21o02yo4qr.jpg,
https://wx4.sinaimg.cn/large/66008f64ly1hqbzknjv45j21o02yoe83.jpg,
https://wx4.sinaimg.cn/large/66008f64ly1hqbzkscamcj21o02yob2b.jpg,
https://wx4.sinaimg.cn/large/66008f64ly1hqvzk4ufg7j22c0340kjn.jpg,
https://wx4.sinaimg.cn/large/66008f64ly1hqvzket69ej22c03407wm.jpg,
https://wx4.sinaimg.cn/large/68ebcc2egy1ht0daxza81j20u018lagi.jpg,
https://wx4.sinaimg.cn/large/6b16aa1bly1hk0pev9u39j24eo2nwqvb.jpg,
https://wx4.sinaimg.cn/large/6e7ad70fgy1hs1iygwuosj22a02a1npe.jpg,
https://wx4.sinaimg.cn/large/74b75cf5gy1hlofzt0plaj216r0sitqa.jpg,
https://wx4.sinaimg.cn/large/74b75cf5gy1hr3r6ep9vpj22v41wrx6p.jpg,
https://wx4.sinaimg.cn/large/74b75cf5gy1hsfdthzck0j24eo2xke84.jpg,
https://wx4.sinaimg.cn/large/74b75cf5gy1hsfdtkocc8j24eo2xknpi.jpg,
https://wx4.sinaimg.cn/large/74b75cf5gy1hsfdtnialej22xk4eonpi.jpg,
https://wx4.sinaimg.cn/large/74b75cf5ly1hrmidyqrytj21o02804qq.jpg,
https://wx4.sinaimg.cn/large/74b75cf5ly1hrmie5mm7tj22801o0npd.jpg,
https://wx4.sinaimg.cn/large/74b75cf5ly1hrmiecootfj22801o01ky.jpg,
https://wx4.sinaimg.cn/large/7d6f5225gy1ht1g3cbvddj24eo2xt4r1.jpg,
https://wx4.sinaimg.cn/large/7d6f5225gy1ht1g5yqx71j24eo2xtqvc.jpg,
https://wx4.sinaimg.cn/large/852d8e71gy1hroojmgldcj20u0190gsi.jpg,
https://wx4.sinaimg.cn/large/8d275306gy1hrnaupvte9j233k4n44r5.jpg,
https://wx4.sinaimg.cn/large/8d275306ly1hpdq5a7wglj22wv4d21lb.jpg,
https://wx4.sinaimg.cn/large/8d275306ly1hpdq5w8018j233k4n4e83.jpg,
https://wx4.sinaimg.cn/large/8f751903gy1hv09vh3rw3j20xi0imah6.jpg,
https://wx4.sinaimg.cn/large/8f751903gy1hv09vpld2ij21r03407wi.jpg,
https://wx4.sinaimg.cn/large/8f751903gy1hv09vyc9zkj21ct2177rs.jpg,
https://wx4.sinaimg.cn/large/8f751903gy1hv09w1ize3j21o0280qsg.jpg,
https://wx4.sinaimg.cn/large/9036587cly1hq8kpoaccaj21900u0djs.jpg,
https://wx4.sinaimg.cn/large/9036587cly1hq8kppsrskj21900u0n6l.jpg,
https://wx4.sinaimg.cn/large/948bd9a7ly1hpek5smze0j25eo3lshdz.jpg,
https://wx4.sinaimg.cn/large/948bd9a7ly1hpek5spauwj23ls5eokjs.jpg,
https://wx4.sinaimg.cn/large/9725ca93gy1hs0e1ptnxij25eo31ib2m.jpg,
https://wx4.sinaimg.cn/large/9725ca93gy1hs0e23d5c7j25p93su4r1.jpg,
https://wx4.sinaimg.cn/large/9725ca93gy1hs0e2nrbfvj23ls5eo4r3.jpg,
https://wx4.sinaimg.cn/large/9da51f55gy1hppxnpteimj27c04w0e8j.jpg,
https://wx4.sinaimg.cn/large/9da51f55gy1hppxoqkea4j27c04w0kjx.jpg,
https://wx4.sinaimg.cn/large/9da51f55gy1hppxoz4kt9j27c04w0b2r.jpg,
https://wx4.sinaimg.cn/large/9da51f55gy1hppxpcqx3xj23ul5rw4r2.jpg,
https://wx4.sinaimg.cn/large/9da51f55gy1hppxpx26waj24w07c0kk4.jpg,
https://wx4.sinaimg.cn/large/9da51f55gy1hppxq5o6hxj24df3a21l0.jpg,
https://wx4.sinaimg.cn/large/a025fb87ly1hp9u7bfwv4j21361mqe81.jpg,
https://wx4.sinaimg.cn/large/a025fb87ly1hp9u88va1aj22yo3y8kjn.jpg,
https://wx4.sinaimg.cn/large/a38016fcly1hpdpkrhfvgj21o02yox6p.jpg,
https://wx4.sinaimg.cn/large/a38016fcly1hpp2pu66pxj21o0280kjl.jpg,
https://wx4.sinaimg.cn/large/a38016fcly1hpp2pzj603j21o02yob2b.jpg,
https://wx4.sinaimg.cn/large/a8659f55ly1hpdrd68odaj21s62oakjl.jpg,
https://wx4.sinaimg.cn/large/a8659f55ly1hpdrd8mcalj21cm20v4qp.jpg,
https://wx4.sinaimg.cn/large/a8659f55ly1hpdrd9hhcdj21zn2zinpd.jpg,
https://wx4.sinaimg.cn/large/a8659f55ly1hpdrdbbbfjj21vn2tjqv5.jpg,
https://wx4.sinaimg.cn/large/ab468647gy1hugme4w577j21o0280b29.jpg,
https://wx4.sinaimg.cn/large/ab468647gy1hugme6gd7sj235s2dcnpf.jpg,
https://wx4.sinaimg.cn/large/b04d3bbegy1hufaex4nquj23y82mtb2c.jpg,
https://wx4.sinaimg.cn/large/b04d3bbegy1hv0vkxn3lsj20zk0qoq6s.jpg,
https://wx4.sinaimg.cn/large/b04d3bbegy1hv0vkyoea7j21n918gn3w.jpg,
https://wx4.sinaimg.cn/large/bf9f58e2gy1hue9l9sv05j20u0140n3h.jpg,
https://wx4.sinaimg.cn/large/bf9f58e2gy1hue9ldu1evj20u01400ye.jpg,
https://wx4.sinaimg.cn/large/bf9f58e2ly1hpf2zgl65zj22dc35sqv7.jpg,
https://wx4.sinaimg.cn/large/bf9f58e2ly1hpf2znw1rkj22dc35snpe.jpg,
https://wx4.sinaimg.cn/large/bf9f58e2ly1hpf2zwg87fj22dc35se83.jpg,
https://wx4.sinaimg.cn/large/bf9f58e2ly1huz0vqv6gzj20u01407ae.jpg,
https://wx4.sinaimg.cn/large/bf9f58e2ly1huz0vt7aehj20u0176qa7.jpg,
https://wx4.sinaimg.cn/large/cff92cfcgy1hrl4hoqnymj21o0280npd.jpg,
https://wx4.sinaimg.cn/large/cff92cfcly1hpbb0awue4j25eo3lsqve.jpg,
https://wx4.sinaimg.cn/large/cff92cfcly1hpbb0lxobyj23344mokjy.jpg,
https://wx4.sinaimg.cn/large/cff92cfcly1hpbb17ix3yj24mo2lr7wq.jpg,
https://wx4.sinaimg.cn/large/cff92cfcly1hpbb2klgmoj25bz3hub2l.jpg,
https://wx4.sinaimg.cn/large/cff92cfcly1hqb91s0uz1j215o6cq1kz.jpg,
https://wx4.sinaimg.cn/large/cff92cfcly1hqb937hce1j23ls5eohe1.jpg,
https://wx4.sinaimg.cn/large/cff92cfcly1hqb95szz4pj23ls5eonpk.jpg,
https://wx4.sinaimg.cn/orj480/66008f64gy1hfy15e7yr4j20u01hcnb1.jpg,
https://wx4.sinaimg.cn/orj480/66008f64gy1hm791f4rgmj21o0281u0x.jpg,
https://wx4.sinaimg.cn/orj480/66008f64ly1hq7p99dfqrj20u0141nau.jpg,
https://wx4.sinaimg.cn/orj480/7225ade5gy1hudwydki58j20om0wuk0r.jpg