https://wx1.sinaimg.cn/crop.0.134.1080.600/005Mbx3Bgy1gxuue0tjrwj30u0190tg5.jpg,
https://wx1.sinaimg.cn/large/005Mbx3Bgy1hizw1j8oy1j323u35sb2h.jpg,
https://wx1.sinaimg.cn/large/005Mbx3Bgy1hizw1p8aefj335s23u1l1.jpg,
https://wx1.sinaimg.cn/large/005Mbx3Bgy1hizw24qd5dj335s23u7wj.jpg,
https://wx1.sinaimg.cn/large/005Mbx3Bgy1hk2p0ldlosj323u35s7wj.jpg,
https://wx1.sinaimg.cn/large/005Mbx3Bgy1hk2p0uz6kaj335s23u1l0.jpg,
https://wx1.sinaimg.cn/large/005Mbx3Bgy1hoydyft9efj30u01910zw.jpg,
https://wx1.sinaimg.cn/large/005Mbx3Bgy1hpa7cjstutj30u01hcjze.jpg,
https://wx1.sinaimg.cn/large/005Mbx3Bgy1hpa7cuu3osj30u01haah8.jpg,
https://wx1.sinaimg.cn/large/005Mbx3Bgy1hpcahk1kuej30u0140dpe.jpg,
https://wx1.sinaimg.cn/large/005Mbx3Bgy1hpccyrcpq0j30u0140wkd.jpg,
https://wx1.sinaimg.cn/large/005Mbx3Bgy1hpi37bv8m7j31ce0u0n72.jpg,
https://wx1.sinaimg.cn/large/005Mbx3Bgy1hpi37hcbjgj30u014010e.jpg,
https://wx1.sinaimg.cn/large/005Mbx3Bgy1hpke07fegsj30u01407dq.jpg,
https://wx1.sinaimg.cn/large/005Mbx3Bgy1hpp5o2tuv8j31910u0ago.jpg,
https://wx1.sinaimg.cn/large/005Mbx3Bgy1hpp5o4y8rij30u0191jww.jpg,
https://wx1.sinaimg.cn/large/005Mbx3Bgy1hqzo6h3mpgj31sc2dskjl.jpg,
https://wx1.sinaimg.cn/large/005Mbx3Bgy1hqzo6k57tlj32c0340e82.jpg,
https://wx1.sinaimg.cn/large/005Mbx3Bgy1hqzo6nu9gnj32c03407wi.jpg,
https://wx1.sinaimg.cn/large/005Mbx3Bgy1hsiwkjvkg1j32c0340x6q.jpg,
https://wx1.sinaimg.cn/large/005Mbx3Bgy1hsktzcvqn1j32xs4hne84.jpg,
https://wx1.sinaimg.cn/large/005Mbx3Bgy1hsktzjyoopj32xs4itx6s.jpg,
https://wx1.sinaimg.cn/large/005Mbx3Bgy1hsktzs2tjnj34eo2i11l0.jpg,
https://wx1.sinaimg.cn/large/005Mbx3Bgy1hsku1kp910j32xs4eox6s.jpg,
https://wx1.sinaimg.cn/large/005Mbx3Bgy1hu3glrpwloj326o39sqv6.jpg,
https://wx1.sinaimg.cn/large/005Mbx3Bgy1hu3glubhngj339s1u8qv5.jpg,
https://wx1.sinaimg.cn/large/005Mbx3Bgy1hu3glzr4vgj339s26ou0x.jpg,
https://wx1.sinaimg.cn/large/005Mbx3Bgy1hu3gwutwfmj339s26o7wi.jpg,
https://wx1.sinaimg.cn/large/005Mbx3Bgy1hukuhthgh6j32xc4eoqv7.jpg,
https://wx1.sinaimg.cn/large/005Mbx3Bgy1hukuhx4rp1j32xu4eo7wl.jpg,
https://wx1.sinaimg.cn/large/005Mbx3Bgy1hukui9heocj32xu4eoqv8.jpg,
https://wx1.sinaimg.cn/large/005Mbx3Bgy1hukuigznkrj34eo2xuqv8.jpg,
https://wx1.sinaimg.cn/large/005Mbx3Bly1hrntamfe7vj31uz2k8b2a.jpg,
https://wx1.sinaimg.cn/large/005Mbx3Bly1hrntaoz9olj32c03407wj.jpg,
https://wx1.sinaimg.cn/large/005Mbx3Bly1hrntaqjmhvj32c0340x6q.jpg,
https://wx1.sinaimg.cn/large/005Mbx3Bly1hrntarowmij324p2u9npe.jpg,
https://wx1.sinaimg.cn/large/005Y4jrmly1hpjpyfw5cyj35og3sgu0z.jpg,
https://wx1.sinaimg.cn/large/005Y4jrmly1hpjpykbb30j35fx3mrqv7.jpg,
https://wx1.sinaimg.cn/large/0060SqPlly1hpjiypwek3j34mo2lr7wl.jpg,
https://wx1.sinaimg.cn/large/006HyQKGgy1hrpwz2blr4j30sg0sg7bs.jpg,
https://wx1.sinaimg.cn/large/006HyQKGgy1hrpwz2cierj31hc0u04cn.jpg,
https://wx1.sinaimg.cn/large/006HyQKGgy1hrpwz2d57qj30sg0sgdmn.jpg,
https://wx1.sinaimg.cn/large/006f8wK2gy1hn941d28n7j635s24nx6q02.jpg,
https://wx1.sinaimg.cn/large/006f8wK2gy1hn941l1uj8j64eo2xsu1102.jpg,
https://wx1.sinaimg.cn/large/006f8wK2gy1hn941lgz4ej64eo2xsb2g02.jpg,
https://wx1.sinaimg.cn/large/006f8wK2gy1hn941lsd48j64mo334qvc02.jpg,
https://wx1.sinaimg.cn/large/006mNVNagy1hp15fgo5tuj323u35sx6q.jpg,
https://wx1.sinaimg.cn/large/006mNVNagy1hp15fncx2zj323u35se82.jpg,
https://wx1.sinaimg.cn/large/006xuaM8ly1hpgvec8o86j32tc480e84.jpg,
https://wx1.sinaimg.cn/large/00703nXLgy1hkz9xxvlcej31jk1101kx.jpg,
https://wx1.sinaimg.cn/large/00703nXLgy1hkz9xzpd75j31jk2bchdu.jpg,
https://wx1.sinaimg.cn/large/007Ww2Xhgy1hoxd3yxrnrj34mo334npd.jpg,
https://wx1.sinaimg.cn/large/007Ww2Xhgy1hoxd40nl2jj34mo334kjl.jpg,
https://wx1.sinaimg.cn/large/007wCjoKgy1hsm55mb5raj33ls5eoqvk.jpg,
https://wx1.sinaimg.cn/large/007wCjoKgy1hsm582zo28j33ls5eob2i.jpg,
https://wx1.sinaimg.cn/large/007wCjoKgy1hsm59oj37mj35eo3lsnpt.jpg,
https://wx1.sinaimg.cn/large/008uWM3Fly1hpfo3kdsprj31400u043y.jpg,
https://wx1.sinaimg.cn/large/66008f64ly1hpek3scuqcj21o02yo4qq.jpg,
https://wx1.sinaimg.cn/large/66008f64ly1hpek499372j21dc2you0x.jpg,
https://wx1.sinaimg.cn/large/66008f64ly1hpek4amfd4j22uu28ie81.jpg,
https://wx1.sinaimg.cn/large/6ddddd9egy1hrayf8uq02j20dw0dwdgr.jpg,
https://wx1.sinaimg.cn/large/71a12c18gy1hpjn5dtlv5j239s26ohdx.jpg,
https://wx1.sinaimg.cn/large/71a12c18gy1hpjn5e6mxoj239s26onpg.jpg,
https://wx1.sinaimg.cn/large/71a12c18gy1hpjn5gaq2pj239s26o7wm.jpg,
https://wx1.sinaimg.cn/large/74f23285gy1hsp1weda7tj2223334u0y.jpg,
https://wx1.sinaimg.cn/large/868dc955ly1hpehyu6ur3j26dc48whe1.jpg,
https://wx1.sinaimg.cn/large/868dc955ly1hpei09o3m1j26dc48wu14.jpg,
https://wx1.sinaimg.cn/large/8d275306gy1hs3k4l222uj233k4n4u1d.jpg,
https://wx1.sinaimg.cn/large/8d275306gy1hs3k5bok7dj233k4n44r7.jpg,
https://wx1.sinaimg.cn/large/8d275306gy1hsrtn2m3wfj22w84c61la.jpg,
https://wx1.sinaimg.cn/large/8d275306gy1hsrtndnk3mj233k4n4qvi.jpg,
https://wx1.sinaimg.cn/large/8d275306gy1hsrtnim9q0j233k4n4x74.jpg,
https://wx1.sinaimg.cn/large/8d275306ly1hpdtyifvuuj21wz2vhu0x.jpg,
https://wx1.sinaimg.cn/large/8d275306ly1hpdtyrhbktj21wf2une82.jpg,
https://wx1.sinaimg.cn/large/8f056289gy1hsml4guvpkj22bc3h0hdt.jpg,
https://wx1.sinaimg.cn/large/8f056289gy1hsml4hq4s4j22bc3h0qv5.jpg,
https://wx1.sinaimg.cn/large/8f056289gy1hsml4i3v16j21jk2bcnid.jpg,
https://wx1.sinaimg.cn/large/a46db53bly1hpsrh5jhfjj21eu2ix1kx.jpg,
https://wx1.sinaimg.cn/large/a46db53bly1hpsrhbb875j21262iv4qp.jpg,
https://wx1.sinaimg.cn/orj480/005Mbx3Bgy1hb11x7bmg0j30u0141dl0.jpg,
https://wx1.sinaimg.cn/orj480/005Mbx3Bgy1hls20bq5cyj31o02817wh.jpg,
https://wx1.sinaimg.cn/orj480/005Mbx3Bgy1hp0uvdz10xj30u0141wl6.jpg,
https://wx1.sinaimg.cn/orj480/005Mbx3Bgy1hr2v2gx4xij31o0280e81.jpg,
https://wx1.sinaimg.cn/orj480/005Mbx3Bgy1hrx1l9oq7oj31o0281qv5.jpg,
https://wx1.sinaimg.cn/orj480/005Mbx3Bly1gr0u7m5e00j30ku0rsq51.jpg,
https://wx1.sinaimg.cn/orj480/005Mbx3Bly1gshsr2lzogj30u0140jt4.jpg,
https://wx1.sinaimg.cn/orj480/005Mbx3Bly1hopbo41db3j30u01hc4d8.jpg,
https://wx1.sinaimg.cn/orj480/005Mbx3Bly1hr69f6z0jzj30u01hcnan.jpg,
https://wx1.sinaimg.cn/orj480/6dd57c31gy1hsaloqncaxj20mh0u00up.jpg,
https://wx2.sinaimg.cn/crop.0.44.1302.724/005Mbx3Bgy1gwq9djec8sj31060mm10y.jpg,
https://wx2.sinaimg.cn/large/005Mbx3Bgy1hizw1f8llgj315ob0nkjr.jpg,
https://wx2.sinaimg.cn/large/005Mbx3Bgy1hizw1yi4fjj323u35sb2b.jpg,
https://wx2.sinaimg.cn/large/005Mbx3Bgy1hizw276xazj323u35snpf.jpg,
https://wx2.sinaimg.cn/large/005Mbx3Bgy1hizw29p0foj335s23unpf.jpg,
https://wx2.sinaimg.cn/large/005Mbx3Bgy1hizw2clhaaj323u35s7wk.jpg,
https://wx2.sinaimg.cn/large/005Mbx3Bgy1hk2p0isjv5j335s23ub2b.jpg,
https://wx2.sinaimg.cn/large/005Mbx3Bgy1hk2p0ov6mvj335s23ue84.jpg,
https://wx2.sinaimg.cn/large/005Mbx3Bgy1hk2p0xztc2j335s23ux6r.jpg,
https://wx2.sinaimg.cn/large/005Mbx3Bgy1hk2p10aadgj32pc1swnpe.jpg,
https://wx2.sinaimg.cn/large/005Mbx3Bgy1hk2p13emyjj323u35su0z.jpg,
https://wx2.sinaimg.cn/large/005Mbx3Bgy1hk2p164wp4j323u35skjn.jpg,
https://wx2.sinaimg.cn/large/005Mbx3Bgy1hoydygbgkkj31910u0wlj.jpg,
https://wx2.sinaimg.cn/large/005Mbx3Bgy1hoydyh7m3fj319e0u0k0p.jpg,
https://wx2.sinaimg.cn/large/005Mbx3Bgy1hp8jhykr14j335s23uhdv.jpg,
https://wx2.sinaimg.cn/large/005Mbx3Bgy1hpa7cipuq6j30u01407c7.jpg,
https://wx2.sinaimg.cn/large/005Mbx3Bgy1hpa7cklugbj30u01hcjyv.jpg,
https://wx2.sinaimg.cn/large/005Mbx3Bgy1hpi37cd3w8j30u0140n6k.jpg,
https://wx2.sinaimg.cn/large/005Mbx3Bgy1hpi37czy90j30u01hc49j.jpg,
https://wx2.sinaimg.cn/large/005Mbx3Bgy1hpi37f6ecdj30u0140dpj.jpg,
https://wx2.sinaimg.cn/large/005Mbx3Bgy1hpi37gtilnj30u0140qc7.jpg,
https://wx2.sinaimg.cn/large/005Mbx3Bgy1hpp5o3b9n9j31910u0dl9.jpg,
https://wx2.sinaimg.cn/large/005Mbx3Bgy1hrq1igp5f8j33uw2knhdz.jpg,
https://wx2.sinaimg.cn/large/005Mbx3Bgy1hsktypfmomj32xs4ghnpg.jpg,
https://wx2.sinaimg.cn/large/005Mbx3Bgy1hsktz76vyxj32xs4hnkjo.jpg,
https://wx2.sinaimg.cn/large/005Mbx3Bgy1hsku101qi5j32xs4j1u10.jpg,
https://wx2.sinaimg.cn/large/005Mbx3Bgy1hu3gwsw8d2j339s26okjm.jpg,
https://wx2.sinaimg.cn/large/005Mbx3Bgy1hu3gwvuy0dj326o39s7wi.jpg,
https://wx2.sinaimg.cn/large/005Y4jrmly1hpjpy8lgr5j34jm3174qq.jpg,
https://wx2.sinaimg.cn/large/005Y4jrmly1hpjpyel3s0j35og3sgkjm.jpg,
https://wx2.sinaimg.cn/large/005Y4jrmly1hpjpyh69jrj35og3sge83.jpg,
https://wx2.sinaimg.cn/large/005Y4jrmly1hpjpyiowhbj35og3sg7wk.jpg,
https://wx2.sinaimg.cn/large/006HyQKGgy1hrpwz2adx3j30sg0sgqbl.jpg,
https://wx2.sinaimg.cn/large/006f8wK2gy1hn941h1djwj635s23ue8402.jpg,
https://wx2.sinaimg.cn/large/006f8wK2gy1hn941i5sz8j635s23u7wk02.jpg,
https://wx2.sinaimg.cn/large/006f8wK2gy1hn941liuymj64eo2xsqv902.jpg,
https://wx2.sinaimg.cn/large/006f8wK2gy1hn941lxddbj64eo2xse8902.jpg,
https://wx2.sinaimg.cn/large/006fv6thgy1hp4ae7ulmdj32tc4807wl.jpg,
https://wx2.sinaimg.cn/large/006fv6thgy1hp4aeb41tcj32tc4807wl.jpg,
https://wx2.sinaimg.cn/large/006fv6thgy1hp4aegzr36j32tc480x6t.jpg,
https://wx2.sinaimg.cn/large/006fv6thgy1hp4aejufxsj32tc480x6s.jpg,
https://wx2.sinaimg.cn/large/006fv6thgy1hp4aeutlemj34232a6b2d.jpg,
https://wx2.sinaimg.cn/large/006fv6thgy1hp4aezsol8j34802di1l0.jpg,
https://wx2.sinaimg.cn/large/006mNVNagy1hp15fa6litj323u35skjm.jpg,
https://wx2.sinaimg.cn/large/006mNVNagy1hp15flh0jsj335s23ub2a.jpg,
https://wx2.sinaimg.cn/large/00703nXLgy1hkz9xypu6hj31jk2bcu0x.jpg,
https://wx2.sinaimg.cn/large/00703nXLgy1hkz9y10e0gj31jk115e81.jpg,
https://wx2.sinaimg.cn/large/007Ww2Xhgy1hoxd44fj74j34mo334hdx.jpg,
https://wx2.sinaimg.cn/large/007Ww2Xhgy1hoxd47nukvj34mo334kjl.jpg,
https://wx2.sinaimg.cn/large/007wCjoKgy1hsm56806iij35eo3ls7ww.jpg,
https://wx2.sinaimg.cn/large/007wCjoKgy1hsm57oxokij35eo3lshe7.jpg,
https://wx2.sinaimg.cn/large/007wCjoKgy1hsm58naz2yj35eo3lsx74.jpg,
https://wx2.sinaimg.cn/large/007wCjoKgy1hsm5a32gulj33ls5eox6s.jpg,
https://wx2.sinaimg.cn/large/6ddddd9egy1hrayf8sh4gj20dw0dw0tg.jpg,
https://wx2.sinaimg.cn/large/6ddddd9egy1hrayf8vqloj20dw0dwjt2.jpg,
https://wx2.sinaimg.cn/large/6ddddd9egy1hrayf8vycyj20dw0dwtat.jpg,
https://wx2.sinaimg.cn/large/71a12c18gy1hpjn5ccxbkj239s26ox6r.jpg,
https://wx2.sinaimg.cn/large/71a12c18gy1hpjn5ceg1sj239s26o7wk.jpg,
https://wx2.sinaimg.cn/large/71a12c18gy1hpjn5dljmpj239s26oe85.jpg,
https://wx2.sinaimg.cn/large/74f23285gy1hsp1wcljxmj2223334u0y.jpg,
https://wx2.sinaimg.cn/large/74f23285gy1hsp1wfz1qqj2223334qv6.jpg,
https://wx2.sinaimg.cn/large/868dc955ly1hpehyl4tygj248w6dcb2h.jpg,
https://wx2.sinaimg.cn/large/868dc955ly1hpehz2mmm3j248w6dc7wp.jpg,
https://wx2.sinaimg.cn/large/868dc955ly1hpehzcv71aj26dc48wnpk.jpg,
https://wx2.sinaimg.cn/large/8d275306gy1hs3k55jnvcj22r244fb2k.jpg,
https://wx2.sinaimg.cn/large/8d275306gy1hsrtnsa8kbj233k4n4qvk.jpg,
https://wx2.sinaimg.cn/large/8d275306ly1hpdtylaxxyj21zy2zznpd.jpg,
https://wx2.sinaimg.cn/large/8d275306ly1hpdtyoc6ghj21v72stu0x.jpg,
https://wx2.sinaimg.cn/large/8d275306ly1hpdtypvzvmj220w31c4qq.jpg,
https://wx2.sinaimg.cn/large/8f056289gy1hsml4gdqkgj22bc1jkkdj.jpg,
https://wx2.sinaimg.cn/large/8f056289gy1hsml4iw3tij22bc1jke0p.jpg,
https://wx2.sinaimg.cn/large/a46db53bly1hpsrh39le7j20xc2zj4qp.jpg,
https://wx2.sinaimg.cn/orj480/005Mbx3Bgy1hivx9gw3czj31o02817wh.jpg,
https://wx2.sinaimg.cn/orj480/005Mbx3Bgy1hj8q64ki65j31o0281e81.jpg,
https://wx2.sinaimg.cn/orj480/005Mbx3Bgy1hky16s3rllj31o02811kx.jpg,
https://wx2.sinaimg.cn/orj480/005Mbx3Bgy1hle9jz8vwrj31o0281b29.jpg,
https://wx2.sinaimg.cn/orj480/005Mbx3Bgy1ho97nkilh9j30u0141446.jpg,
https://wx2.sinaimg.cn/orj480/005Mbx3Bgy1hp4djn5lw6j32yo1o0e81.jpg,
https://wx2.sinaimg.cn/orj480/005Mbx3Bgy1hr0lmwhr45j31o0281b29.jpg,
https://wx2.sinaimg.cn/orj480/bf6af3c9ly1hlhqdeppxaj20u00csdh5.jpg,
https://wx3.sinaimg.cn/large/005Mbx3Bgy1h8e3l9amgbj31hc0u0juw.jpg,
https://wx3.sinaimg.cn/large/005Mbx3Bgy1hizw1lwo8sj323u35su0z.jpg,
https://wx3.sinaimg.cn/large/005Mbx3Bgy1hizw1rekj7j323u35sx6q.jpg,
https://wx3.sinaimg.cn/large/005Mbx3Bgy1hp8jhu5ekej321z35re82.jpg,
https://wx3.sinaimg.cn/large/005Mbx3Bgy1hpa7claxbhj30u01hcq9z.jpg,
https://wx3.sinaimg.cn/large/005Mbx3Bgy1hpa7co1fpcj30u01hck0x.jpg,
https://wx3.sinaimg.cn/large/005Mbx3Bgy1hpcahiq2ekj30u0140afx.jpg,
https://wx3.sinaimg.cn/large/005Mbx3Bgy1hpi37dhu4oj30u0140qdb.jpg,
https://wx3.sinaimg.cn/large/005Mbx3Bgy1hpke06zyxfj30u0140wmt.jpg,
https://wx3.sinaimg.cn/large/005Mbx3Bgy1hpp5o5ze9kj31910u0q9u.jpg,
https://wx3.sinaimg.cn/large/005Mbx3Bgy1hsiwkiyw89j32c03401kz.jpg,
https://wx3.sinaimg.cn/large/005Mbx3Bgy1hu3glwyyxyj326o39sb2a.jpg,
https://wx3.sinaimg.cn/large/005Mbx3Bgy1hu3glyuh5gj326o39s4qr.jpg,
https://wx3.sinaimg.cn/large/005Mbx3Bgy1hukui1h0knj32xu4eo1l0.jpg,
https://wx3.sinaimg.cn/large/005Mbx3Bgy1hukui5cq7qj32xu4eoqv8.jpg,
https://wx3.sinaimg.cn/large/005Mbx3Bgy1hukuicobfbj32vx4eo1l0.jpg,
https://wx3.sinaimg.cn/large/005Mbx3Bgy1hukuizg074j32vd4eox6r.jpg,
https://wx3.sinaimg.cn/large/005Y4jrmly1hpjpy7ugqrj33sg5ognpe.jpg,
https://wx3.sinaimg.cn/large/005Y4jrmly1hpjpy9kh2fj35og3sgqv6.jpg,
https://wx3.sinaimg.cn/large/005Y4jrmly1hpjpyalt5yj35og3sgnpe.jpg,
https://wx3.sinaimg.cn/large/005Y4jrmly1hpjpydfzeej35og3sgnpe.jpg,
https://wx3.sinaimg.cn/large/0060SqPlly1hpjivnn05tj34mo2lru11.jpg,
https://wx3.sinaimg.cn/large/006HyQKGgy1hlswn6fjukj30u016gdnt.jpg,
https://wx3.sinaimg.cn/large/006f8wK2gy1hn941e3jxpj635s23u7wj02.jpg,
https://wx3.sinaimg.cn/large/006f8wK2gy1hn941hmfq1j635s23ux6r02.jpg,
https://wx3.sinaimg.cn/large/006fv6thgy1hp4aemaqpij34802dihdw.jpg,
https://wx3.sinaimg.cn/large/006fv6thgy1hp4aep2vduj34hm2ixnpg.jpg,
https://wx3.sinaimg.cn/large/006fv6thgy1hp4aesfnupj34802di7wl.jpg,
https://wx3.sinaimg.cn/large/006fv6thgy1hp4aewpwj6j34671sd4qr.jpg,
https://wx3.sinaimg.cn/large/006fv6thgy1hp4afd3j6kj32di480kjo.jpg,
https://wx3.sinaimg.cn/large/006fv6thgy1hp4afju7djj32tc4807wl.jpg,
https://wx3.sinaimg.cn/large/006fv6thgy1hp4aflfbw2j31l02tc1ky.jpg,
https://wx3.sinaimg.cn/large/006mNVNagy1hp15f7vmfsj323u35snpe.jpg,
https://wx3.sinaimg.cn/large/006mNVNagy1hp15fi6s6sj323u35shdu.jpg,
https://wx3.sinaimg.cn/large/006mNVNagy1hp15fjkhslj323u35s7wi.jpg,
https://wx3.sinaimg.cn/large/006xuaM8ly1hpgve2f0mzj30u01907a5.jpg,
https://wx3.sinaimg.cn/large/006xuaM8ly1hpgve7kvo1j32tc480hdx.jpg,
https://wx3.sinaimg.cn/large/00703nXLgy1hkz9xxd44wj31jk11t4kj.jpg,
https://wx3.sinaimg.cn/large/007Ww2Xhgy1hoxd3yrqdmj34mo3344qs.jpg,
https://wx3.sinaimg.cn/large/007Ww2Xhgy1hoxd44tjfej34mo334b29.jpg,
https://wx3.sinaimg.cn/large/007wCjoKgy1hsm574umsij33ls5eokjo.jpg,
https://wx3.sinaimg.cn/large/66008f64ly1hpek3ps2bkj21o02yo4qq.jpg,
https://wx3.sinaimg.cn/large/66008f64ly1hpek431syrj21o02yo4qq.jpg,
https://wx3.sinaimg.cn/large/66008f64ly1hpek4bf4ywj21cq214qid.jpg,
https://wx3.sinaimg.cn/large/6ddddd9egy1hrayf8up0ej20dw0dwwfe.jpg,
https://wx3.sinaimg.cn/large/6ddddd9egy1hrayf8wkwtj20dw0dw40i.jpg,
https://wx3.sinaimg.cn/large/71a12c18gy1hpjn5e1ujyj239s26okjp.jpg,
https://wx3.sinaimg.cn/large/74f23285gy1hsp1wjs1w7j22233344qr.jpg,
https://wx3.sinaimg.cn/large/74f23285gy1hsp1wm4t5uj22233347wj.jpg,
https://wx3.sinaimg.cn/large/8d275306gy1hs3k4prgxcj22s345we8e.jpg,
https://wx3.sinaimg.cn/large/8d275306gy1hs3k4w1xcbj22wh4chqvk.jpg,
https://wx3.sinaimg.cn/large/8d275306gy1hs3k51g11wj233k4n4npu.jpg,
https://wx3.sinaimg.cn/large/8d275306gy1hs3k5hooscj233k4n4qvl.jpg,
https://wx3.sinaimg.cn/large/8d275306gy1hsrtn917wij22vk4b6he5.jpg,
https://wx3.sinaimg.cn/large/8d275306gy1hsrtnnoz2dj233k4n4e8g.jpg,
https://wx3.sinaimg.cn/large/8d275306gy1hsrto0i0wwj233k4n4e8e.jpg,
https://wx3.sinaimg.cn/large/8d275306ly1hpdtyh42aaj21pp2kkx6p.jpg,
https://wx3.sinaimg.cn/large/8d275306ly1hpdtyn35hgj220w31c4qq.jpg,
https://wx3.sinaimg.cn/large/8f056289gy1hsml4g0rdaj22bc1jkaw1.jpg,
https://wx3.sinaimg.cn/large/a46db53bly1hprrfymkcwj20xc37c4qp.jpg,
https://wx3.sinaimg.cn/large/a46db53bly1hpsrh1d4u1j20xc2on1kx.jpg,
https://wx3.sinaimg.cn/large/a46db53bly1hpsrh1zsfgj215o2pgqtm.jpg,
https://wx3.sinaimg.cn/large/a46db53bly1hpsrh6a19vj20xc4i5kjl.jpg,
https://wx3.sinaimg.cn/orj480/005Mbx3Bgy1gm3mr358c3j30ku0rsdhl.jpg,
https://wx3.sinaimg.cn/orj480/005Mbx3Bgy1gwck4kj8rlj30u00gwjv1.jpg,
https://wx3.sinaimg.cn/orj480/005Mbx3Bgy1h0nexz48znj30u0140tor.jpg,
https://wx3.sinaimg.cn/orj480/005Mbx3Bgy1hik7et2ib2j31o0281b29.jpg,
https://wx3.sinaimg.cn/orj480/005Mbx3Bgy1hj2pm3v63wj31o0281u0x.jpg,
https://wx3.sinaimg.cn/orj480/005Mbx3Bgy1hlokvoxsdtj31o02814qp.jpg,
https://wx3.sinaimg.cn/orj480/005Mbx3Bgy1hmuajzyqboj30u0141gt8.jpg,
https://wx3.sinaimg.cn/orj480/005Mbx3Bly1hpev6fgosoj30u0141afi.jpg,
https://wx4.sinaimg.cn/crop.0.39.1146.637/005Mbx3Bgy1giklnyw9stj30vu0jxnmg.jpg,
https://wx4.sinaimg.cn/large/005Mbx3Bgy1hizw1tw5m2j335s23ue83.jpg,
https://wx4.sinaimg.cn/large/005Mbx3Bgy1hizw20w1gtj335s23uhdv.jpg,
https://wx4.sinaimg.cn/large/005Mbx3Bgy1hizw2f6v81j335s23ue83.jpg,
https://wx4.sinaimg.cn/large/005Mbx3Bgy1hk2p0s9vwcj335s23u7wk.jpg,
https://wx4.sinaimg.cn/large/005Mbx3Bgy1hoydygrd3ej31am0u0guc.jpg,
https://wx4.sinaimg.cn/large/005Mbx3Bgy1hpi37eodllj30u01hcgxd.jpg,
https://wx4.sinaimg.cn/large/005Mbx3Bgy1hpi37fp9cjj30u014012t.jpg,
https://wx4.sinaimg.cn/large/005Mbx3Bgy1hpp5o3oyezj31910u0jxu.jpg,
https://wx4.sinaimg.cn/large/005Mbx3Bgy1hpp5o45ovxj31910u0jxw.jpg,
https://wx4.sinaimg.cn/large/005Mbx3Bgy1hpp5o4khjgj30u0191q9p.jpg,
https://wx4.sinaimg.cn/large/005Mbx3Bgy1hpp5o5e8cnj30u0191jxt.jpg,
https://wx4.sinaimg.cn/large/005Mbx3Bgy1hpp5o6kz1uj31910u0tf8.jpg,
https://wx4.sinaimg.cn/large/005Mbx3Bgy1hrq1il3qd1j32kn3uw1l3.jpg,
https://wx4.sinaimg.cn/large/005Mbx3Bgy1hsktyv40ltj32xs4hv4qt.jpg,
https://wx4.sinaimg.cn/large/005Mbx3Bgy1hsktznnn67j34eo2i9b2c.jpg,
https://wx4.sinaimg.cn/large/005Mbx3Bgy1hu3glvm20tj339s1u8kjl.jpg,
https://wx4.sinaimg.cn/large/005Mbx3Bgy1hukuikbx4ej32xu4eo4qt.jpg,
https://wx4.sinaimg.cn/large/005Y4jrmly1hpjpyc3q07j35og3sg7wj.jpg,
https://wx4.sinaimg.cn/large/0060SqPlly1hpjiwpktqjj34mo2lr4qt.jpg,
https://wx4.sinaimg.cn/large/0060SqPlly1hpjixuh8lkj34mo2lr7wl.jpg,
https://wx4.sinaimg.cn/large/0060SqPlly1hpjiyawr11j32wj4cqx6s.jpg,
https://wx4.sinaimg.cn/large/006f8wK2gy1hn941cz3tjj635s23uqv602.jpg,
https://wx4.sinaimg.cn/large/006f8wK2gy1hn941i5p93j63e329ehdw02.jpg,
https://wx4.sinaimg.cn/large/006f8wK2gy1hn941ih7ruj623u35s4qt02.jpg,
https://wx4.sinaimg.cn/large/006fv6thgy1hp4aedq4yxj34pp20qqv8.jpg,
https://wx4.sinaimg.cn/large/006mNVNagy1hp15fbned7j323u35sqv6.jpg,
https://wx4.sinaimg.cn/large/006mNVNagy1hp15fdn9oqj323u35s1kz.jpg,
https://wx4.sinaimg.cn/large/00703nXLgy1hkz9xuu5zfj31jk2bcqv5.jpg,
https://wx4.sinaimg.cn/large/00703nXLgy1hkz9xw0iexj31jk2bce82.jpg,
https://wx4.sinaimg.cn/large/00703nXLgy1hkz9xwrg0pj31jk2bkkjl.jpg,
https://wx4.sinaimg.cn/large/00703nXLgy1hkz9y1l6dmj31jk1111kx.jpg,
https://wx4.sinaimg.cn/large/007Ww2Xhgy1hoxd3qr96fj34mo334qv5.jpg,
https://wx4.sinaimg.cn/large/007Ww2Xhgy1hoxd3spnwyj34mo328qv5.jpg,
https://wx4.sinaimg.cn/large/007Ww2Xhgy1hoxd3xoyc3j34mo334b2d.jpg,
https://wx4.sinaimg.cn/large/007wCjoKgy1hsm56um401j33ls5eo1lc.jpg,
https://wx4.sinaimg.cn/large/66008f64ly1hpek3zmqpvj22xs4eonph.jpg,
https://wx4.sinaimg.cn/large/66008f64ly1hpek46srxbj22802yonpe.jpg,
https://wx4.sinaimg.cn/large/66008f64ly1hpek4b03jij20yw1ikk1a.jpg,
https://wx4.sinaimg.cn/large/6ddddd9egy1hrayf8ur51j20dw0dw75p.jpg,
https://wx4.sinaimg.cn/large/6ddddd9egy1hrayf8ur62j20dw0dw3zr.jpg,
https://wx4.sinaimg.cn/large/6ddddd9egy1hrayf8w8qdj20dw0dwdiu.jpg,
https://wx4.sinaimg.cn/large/71a12c18gy1hpjn59x4q3j21gf26i1ky.jpg,
https://wx4.sinaimg.cn/large/71a12c18gy1hpjn5ckkmxj239s26ou0z.jpg,
https://wx4.sinaimg.cn/large/74f23285gy1hsp1whzz3bj2223334b2b.jpg,
https://wx4.sinaimg.cn/large/868dc955ly1hpehzl8q8cj26dc48wnpk.jpg,
https://wx4.sinaimg.cn/large/8d275306gy1hs3k4cxqgmj233k4n4e8i.jpg,
https://wx4.sinaimg.cn/large/8d275306gy1hs3k4gs92gj22pn41zkjw.jpg,
https://wx4.sinaimg.cn/large/8d275306gy1hsrtmxi2wej233k4n4npq.jpg,
https://wx4.sinaimg.cn/large/8d275306gy1hsrtnw56wkj233k4n4e8g.jpg,
https://wx4.sinaimg.cn/large/8d275306ly1hpdtyk01buj220w31c4qq.jpg,
https://wx4.sinaimg.cn/large/8d275306ly1hpdu3ruwkkj220w31ce88.jpg,
https://wx4.sinaimg.cn/large/8f056289gy1hsml4h8xnnj21jk2bckbl.jpg,
https://wx4.sinaimg.cn/large/8f056289gy1hsml4ifgerj21jk2bctuq.jpg,
https://wx4.sinaimg.cn/large/8f056289gy1hsml4j6smoj21jk2bcx20.jpg,
https://wx4.sinaimg.cn/large/a46db53bly1hprrfsslqij228y2ishdu.jpg,
https://wx4.sinaimg.cn/large/a46db53bly1hprrfxplasj20xc4bwkjl.jpg,
https://wx4.sinaimg.cn/large/a46db53bly1hpsrh2k8bzj20we2ipe7n.jpg,
https://wx4.sinaimg.cn/large/a46db53bly1hpsrh47sbej20uk56xu0x.jpg,
https://wx4.sinaimg.cn/large/a46db53bly1hpsrh4y0fuj228y2iwkjl.jpg,
https://wx4.sinaimg.cn/large/e2738d20ly1hpexs5a289j264w43ce83.jpg,
https://wx4.sinaimg.cn/large/e2738d20ly1hpexs7lja0j23xd63ne83.jpg,
https://wx4.sinaimg.cn/orj480/005Mbx3Bgy1hb33halozxj30u01hcdi2.jpg,
https://wx4.sinaimg.cn/orj480/005Mbx3Bgy1hjaze3i63mj31o0281hdt.jpg,
https://wx4.sinaimg.cn/orj480/005Mbx3Bgy1hkmbwhj9lbj31o0281hdt.jpg,
https://wx4.sinaimg.cn/orj480/005Mbx3Bgy1hkon1we51mj31o0281b29.jpg,
https://wx4.sinaimg.cn/orj480/005Mbx3Bgy1hkt52t2rolj31o02817wh.jpg,
https://wx4.sinaimg.cn/orj480/005Mbx3Bgy1hm9fagw6hij31o02814qp.jpg,
https://wx4.sinaimg.cn/orj480/005Mbx3Bgy1hsj75j7k28j31o0281kjl.jpg