https://wx1.sinaimg.cn/large/005IkzJ3gy1hqkeqm38s0j31hc0u01iz.jpg,
https://wx1.sinaimg.cn/large/005QAmhgly1hq67kk1yv4j31hc0u0gv2.jpg,
https://wx1.sinaimg.cn/large/005RJf8Yly1hpkoj4kryjj30wr0luwjv.jpg,
https://wx1.sinaimg.cn/large/005V2ztigy1hucnqtdzedj3426638kjt.jpg,
https://wx1.sinaimg.cn/large/005wEnUTgy1hu9tes3xwbj33pc231qv7.jpg,
https://wx1.sinaimg.cn/large/005wEnUTgy1hu9tetcflqj33pc232qv7.jpg,
https://wx1.sinaimg.cn/large/0069pzrQgy1hun2yhrxajj31900u0dlh.jpg,
https://wx1.sinaimg.cn/large/006QZngZgy1hrkalyzm5uj30ru459e81.jpg,
https://wx1.sinaimg.cn/large/006RrQAVly1hpx5stdyj3j32v44aob2d.jpg,
https://wx1.sinaimg.cn/large/006RrQAVly1hpx5u1n7c0j30u00v5q5i.jpg,
https://wx1.sinaimg.cn/large/006aXqPEly1hpn3nnb68pj32v44ao1l2.jpg,
https://wx1.sinaimg.cn/large/006aXqPEly1hpn3o77j65j328x3de1l1.jpg,
https://wx1.sinaimg.cn/large/006fCZYWly1hpfkdvpwbtj31900u0jxc.jpg,
https://wx1.sinaimg.cn/large/006fW6V6gy1hrlp4lgll3j30v91jkkjl.jpg,
https://wx1.sinaimg.cn/large/006fW6V6gy1hrlp4n4q13j30v91jkb29.jpg,
https://wx1.sinaimg.cn/large/006fW6V6gy1hrlp4nrng6j30v91jk7hp.jpg,
https://wx1.sinaimg.cn/large/006fW6V6gy1hukae2zciaj34eo2xuhdy.jpg,
https://wx1.sinaimg.cn/large/006fX5j1gy1hsbmgat4w3j33pc230npe.jpg,
https://wx1.sinaimg.cn/large/006fX5j1gy1hsbmgb709bj34qo2nzqv6.jpg,
https://wx1.sinaimg.cn/large/006fX5j1gy1hsbmge2y5nj34mo336qv8.jpg,
https://wx1.sinaimg.cn/large/006fX5j1gy1hsc7q479zuj32gy3pc000.jpg,
https://wx1.sinaimg.cn/large/006fX5j1gy1hsc7qfmd1rj34eo2xu1kz.jpg,
https://wx1.sinaimg.cn/large/006hQojfgy1hs619dyq6ej34eo2hab2e.jpg,
https://wx1.sinaimg.cn/large/006hQojfgy1hs619jx30sj34eo2h9npl.jpg,
https://wx1.sinaimg.cn/large/006hdkJkly1hpln8j2fstj34mo3341l7.jpg,
https://wx1.sinaimg.cn/large/006wX4Kxgy1hrpsen3jhgj30wi0j1gnb.jpg,
https://wx1.sinaimg.cn/large/0076iYMPgy1hroxw4npzjj333k4n4he1.jpg,
https://wx1.sinaimg.cn/large/0076iYMPgy1hroxw8sf09j333k4n4he1.jpg,
https://wx1.sinaimg.cn/large/007Syzn9gy1hu9mhqxkh5j31b90u0grw.jpg,
https://wx1.sinaimg.cn/large/007Syzn9gy1hu9mhwzn6qj30u0171grz.jpg,
https://wx1.sinaimg.cn/large/007qlcyKgy1hsaw27aw56j31091dj1kx.jpg,
https://wx1.sinaimg.cn/large/007qlcyKgy1hsaw28omwdj31id13t4qp.jpg,
https://wx1.sinaimg.cn/large/007qlcyKgy1hsaw29mbj5j31xw2ni7wh.jpg,
https://wx1.sinaimg.cn/large/007qlcyKgy1hujdo9csp8j31d21v0qv5.jpg,
https://wx1.sinaimg.cn/large/007qlcyKgy1hukmb8ak9lj32i33f0hdw.jpg,
https://wx1.sinaimg.cn/large/007qlcyKgy1hukmdq5z28j30zx1d27wa.jpg,
https://wx1.sinaimg.cn/large/0085nJ5Rgy1hpg1z4qte4j336o4s01l3.jpg,
https://wx1.sinaimg.cn/large/0085nJ5Rgy1hpg1z54amsj34s036ou12.jpg,
https://wx1.sinaimg.cn/large/008CJcuLgy1hujntpsutoj33g5567kjq.jpg,
https://wx1.sinaimg.cn/large/008CJcuLgy1hujnu05x04j32w01xc7wi.jpg,
https://wx1.sinaimg.cn/large/008ezEnXly1hpcfndptibj34mo334e85.jpg,
https://wx1.sinaimg.cn/large/008ezEnXly1hpcfnx0p5cj33344mohdy.jpg,
https://wx1.sinaimg.cn/large/008hW9GDgy1hpv9mjob6ij32ik24z7u6.jpg,
https://wx1.sinaimg.cn/large/008ioxLogy1hpkf2bi3mzj30go0gowjr.jpg,
https://wx1.sinaimg.cn/large/008ioxLogy1hpkf2r9rd3j30yq4mox6q.jpg,
https://wx1.sinaimg.cn/large/4402be84gy1huh3svaudgj20sg0i2457.jpg,
https://wx1.sinaimg.cn/large/53f496b6ly1hpg6wz0awyj2334223kjm.jpg,
https://wx1.sinaimg.cn/large/53f496b6ly1hpg6xdeet1j22233347wi.jpg,
https://wx1.sinaimg.cn/large/53f496b6ly1hphetzgn7sj2334223npf.jpg,
https://wx1.sinaimg.cn/large/53f496b6ly1hpheulookij2334223hdv.jpg,
https://wx1.sinaimg.cn/large/53f496b6ly1hpheurcgkjj2223334e83.jpg,
https://wx1.sinaimg.cn/large/53f496b6ly1hpheuwxw4qj2334223qv7.jpg,
https://wx1.sinaimg.cn/large/53f496b6ly1hphev9uxgoj2223334npf.jpg,
https://wx1.sinaimg.cn/large/53f496b6ly1hpheveq941j2334223npe.jpg,
https://wx1.sinaimg.cn/large/53f496b6ly1hphevyashij2334223qv7.jpg,
https://wx1.sinaimg.cn/large/5a6f1199ly1hro23axuf5j22yo4g0b2c.jpg,
https://wx1.sinaimg.cn/large/5a6f1199ly1hro23b0i4dj22yo4g0b2c.jpg,
https://wx1.sinaimg.cn/large/5a6f1199ly1hro23b2fk6j22yo4g0e84.jpg,
https://wx1.sinaimg.cn/large/5a6f1199ly1hro23b4nr5j22yo4g0npg.jpg,
https://wx1.sinaimg.cn/large/65f91eabgy1huaan37xqwj21aw1qk7rt.jpg,
https://wx1.sinaimg.cn/large/68376de0gy1huarufxsk0j2223334qv6.jpg,
https://wx1.sinaimg.cn/large/6ab8e0cbly1hph24j7ss5j20u0190101.jpg,
https://wx1.sinaimg.cn/large/6ab8e0cbly1hph24k2r78j20u0190ah4.jpg,
https://wx1.sinaimg.cn/large/712065b9ly1hpg05dwidgj21st2p8x6p.jpg,
https://wx1.sinaimg.cn/large/712065b9ly1hpg05dz445j21st2p8npd.jpg,
https://wx1.sinaimg.cn/large/722dfcdagy1hue6esfzwkj22p241lb2c.jpg,
https://wx1.sinaimg.cn/large/8149bcfdgy1hqx3ol41j6j24eo2xshdz.jpg,
https://wx1.sinaimg.cn/large/8149bcfdgy1hqx3q2qew7j24eo2xskjs.jpg,
https://wx1.sinaimg.cn/large/8805e11agy1hrnmzbz024j20zu25oaun.jpg,
https://wx1.sinaimg.cn/large/8805e11agy1hropuk3qtqj2364284qv7.jpg,
https://wx1.sinaimg.cn/large/8805e11agy1hropv3on8wj22hd3nsx6r.jpg,
https://wx1.sinaimg.cn/large/8805e11agy1hropvkrvfij22xs4eo7wm.jpg,
https://wx1.sinaimg.cn/large/8805e11agy1hropvt7j3lj24eo2xshdy.jpg,
https://wx1.sinaimg.cn/large/8805e11agy1hropw16vsjj22tf4eoe85.jpg,
https://wx1.sinaimg.cn/large/8805e11agy1hropw6e9k0j23cx2byqv7.jpg,
https://wx1.sinaimg.cn/large/8805e11agy1hs76hgmde0j24eo2h8u13.jpg,
https://wx1.sinaimg.cn/large/8805e11agy1hs76htbhgdj24eo2h9npj.jpg,
https://wx1.sinaimg.cn/large/8805e11agy1hs76hwzccsj24eo2h9hdw.jpg,
https://wx1.sinaimg.cn/large/8805e11agy1hs76i6844kj23344moe89.jpg,
https://wx1.sinaimg.cn/large/8805e11agy1hs76i92swbj27c044inpq.jpg,
https://wx1.sinaimg.cn/large/8805e11aly1hpnsjfu0epj21ly2v17wj.jpg,
https://wx1.sinaimg.cn/large/8805e11aly1hpnsjuav39j21il2p24qr.jpg,
https://wx1.sinaimg.cn/large/8805e11aly1hpnsk7wbavj218f26zx6p.jpg,
https://wx1.sinaimg.cn/large/8805e11aly1hpp6egoyg8j21c82dsx6p.jpg,
https://wx1.sinaimg.cn/large/9725ca93gy1hs0e2byk5ej25eo3lshe8.jpg,
https://wx1.sinaimg.cn/large/9725ca93gy1hs0e2ijv66j23ls5eohe9.jpg,
https://wx1.sinaimg.cn/large/9725ca93gy1hs0e2t5pruj25eo3lshe5.jpg,
https://wx1.sinaimg.cn/large/9725ca93gy1hs0e318ojdj263z3fqkk1.jpg,
https://wx1.sinaimg.cn/large/9725ca93gy1hs0e3eil8aj23ls5eo4qw.jpg,
https://wx1.sinaimg.cn/large/97c80decgy1hrxud3m05fj24kj63e4r1.jpg,
https://wx1.sinaimg.cn/large/97c80decgy1hrxudd8wcaj23n35gnu19.jpg,
https://wx1.sinaimg.cn/large/97c80decgy1hrxuefaa5aj26gp4b4e8f.jpg,
https://wx1.sinaimg.cn/large/9801b567gy1hrnq2qez38j22803y81ky.jpg,
https://wx1.sinaimg.cn/large/9801b567gy1hrnq3dniqgj22803y8npk.jpg,
https://wx1.sinaimg.cn/large/9801b567gy1hrnq3g7te2j21o02yoe82.jpg,
https://wx1.sinaimg.cn/large/a025fb87ly1hp9u79du5ij243n21tb2f.jpg,
https://wx1.sinaimg.cn/large/a025fb87ly1hp9u8gnuf1j24eo1ueu13.jpg,
https://wx1.sinaimg.cn/large/a025fb87ly1hpjbzum2o3j24eo2xsqvc.jpg,
https://wx1.sinaimg.cn/large/a025fb87ly1hpjc1jzwosj22xs4eob2g.jpg,
https://wx1.sinaimg.cn/large/a025fb87ly1hpjc3duxcbj24eo2xsb2g.jpg,
https://wx1.sinaimg.cn/large/a46db53bly1hplqac56iyj21900u0dob.jpg,
https://wx1.sinaimg.cn/large/a8ef9007gy1hr2q21iflkj21r2340u0y.jpg,
https://wx1.sinaimg.cn/large/a8ef9007gy1hr2q257tj9j23402c0u0y.jpg,
https://wx1.sinaimg.cn/large/a8ef9007gy1hrljm3g55ej22c0340qv5.jpg,
https://wx1.sinaimg.cn/large/a8ef9007gy1hukxw0a52uj22xu4eonpg.jpg,
https://wx1.sinaimg.cn/large/a8ef9007gy1hukxw3wxf9j24eo2xu4qs.jpg,
https://wx1.sinaimg.cn/large/a8ef9007gy1hukxwelg15j22xu4eonpg.jpg,
https://wx1.sinaimg.cn/large/ba90b301ly1hphwllfi2bj21ha0u012e.jpg,
https://wx1.sinaimg.cn/large/ba90b301ly1hphwlm0tjij20u0190jz2.jpg,
https://wx1.sinaimg.cn/large/ba90b301ly1hphwlpx04yj20u0190dn4.jpg,
https://wx1.sinaimg.cn/large/cff92cfcly1hpbb1hd3hhj23ls5eohe3.jpg,
https://wx1.sinaimg.cn/large/cff92cfcly1hpbb2azez8j23ip59eb2h.jpg,
https://wx1.sinaimg.cn/large/cff92cfcly1hpbb2th4w3j25eo3c4e8c.jpg,
https://wx1.sinaimg.cn/large/cff92cfcly1hpbb32jihoj25eo3eu1l8.jpg,
https://wx1.sinaimg.cn/large/cff92cfcly1hpbb3hbo0aj233x4qwnpl.jpg,
https://wx1.sinaimg.cn/large/cff92cfcly1hpbb3y8f8fj24mo2bcqvg.jpg,
https://wx1.sinaimg.cn/large/cff92cfcly1hpbb47wazbj24mo2bcqvh.jpg,
https://wx1.sinaimg.cn/large/ea44527bgy1hqyd6r6mq9j21ka2t9npf.jpg,
https://wx1.sinaimg.cn/large/ea44527bgy1hqyd6ve1o8j21o02wtx6r.jpg,
https://wx1.sinaimg.cn/large/ea44527bgy1hrq2dp9w8cj23y82mtkjo.jpg,
https://wx1.sinaimg.cn/large/ea44527bgy1hrq2ec4jmjj24eo2xs4qx.jpg,
https://wx1.sinaimg.cn/large/ea44527bgy1hrq2fiv7y9j22xs4eox6v.jpg,
https://wx1.sinaimg.cn/large/ea44527bgy1hrwovdpzshj21o02vzhdu.jpg,
https://wx1.sinaimg.cn/large/ea44527bgy1hsd8nl9rqfj23y82801l2.jpg,
https://wx1.sinaimg.cn/large/ea44527bgy1hsd8o7oow5j23y8280kjp.jpg,
https://wx1.sinaimg.cn/large/ea44527bgy1hsd8ot3nbsj22mt3y8e86.jpg,
https://wx1.sinaimg.cn/large/ea44527bgy1hu9eali7p7j22xs4eo7wn.jpg,
https://wx1.sinaimg.cn/large/ea44527bgy1hu9ekpq3l5j21o02yoqv7.jpg,
https://wx1.sinaimg.cn/large/ea44527bgy1hu9eks2o88j21401ikas3.jpg,
https://wx1.sinaimg.cn/large/ea44527bgy1hug98qb0khj22xs4eonpi.jpg,
https://wx1.sinaimg.cn/large/ea44527bgy1hug99ar7o2j22xs4eoqvc.jpg,
https://wx1.sinaimg.cn/large/ea44527bly1hpc8iapnxbj21o02yoqv8.jpg,
https://wx1.sinaimg.cn/large/ea44527bly1hpjendb4fgj22xs4eohdz.jpg,
https://wx1.sinaimg.cn/large/ea44527bly1hpjenx23wtj22xs4eo7wq.jpg,
https://wx1.sinaimg.cn/large/ea44527bly1hpjeqs296ej24eo2xsqvd.jpg,
https://wx1.sinaimg.cn/large/ea44527bly1hpjer1wochj24eo2xsx6w.jpg,
https://wx1.sinaimg.cn/large/ea44527bly1hq4agghqixj21kg2qxx6p.jpg,
https://wx1.sinaimg.cn/large/ea44527bly1hue3macty0j22et2c0b2b.jpg,
https://wx1.sinaimg.cn/orj480/0072YtPCly1hq26jqwjtlj30k00zkaha.jpg,
https://wx1.sinaimg.cn/orj480/a8ef9007ly1hpqdoybo26j21o02811kx.jpg,
https://wx2.sinaimg.cn/large/005RJf8Yly1hpkoj4stg3j30wr0lvjw2.jpg,
https://wx2.sinaimg.cn/large/005RJf8Yly1hpkoj51nkzj30wr0igahd.jpg,
https://wx2.sinaimg.cn/large/005RJf8Yly1hpkoj5jdydj30ws0lvgqt.jpg,
https://wx2.sinaimg.cn/large/005V2ztigy1hucnqz8z3gj34w07c0b2r.jpg,
https://wx2.sinaimg.cn/large/0069pzrQgy1hun2yf9dhqj31900u0aes.jpg,
https://wx2.sinaimg.cn/large/0069pzrQgy1hun2yfunpuj31900u0dlc.jpg,
https://wx2.sinaimg.cn/large/0069pzrQgy1hun2yghcnjj31900u044b.jpg,
https://wx2.sinaimg.cn/large/006QZngZgy1hrkaly45aaj30ru54zu0x.jpg,
https://wx2.sinaimg.cn/large/006RrQAVly1hpx5s6g7xpj32v44ao7wl.jpg,
https://wx2.sinaimg.cn/large/006RrQAVly1hpx5smb1m7j32v44ao4qz.jpg,
https://wx2.sinaimg.cn/large/006UoCk4gy1hu8k3q1gimj32wi4cre83.jpg,
https://wx2.sinaimg.cn/large/006aXqPEly1hpn3lfr306j341n2p3b2e.jpg,
https://wx2.sinaimg.cn/large/006aXqPEly1hpn3lpuf8cj32v44aohdy.jpg,
https://wx2.sinaimg.cn/large/006aXqPEly1hpn3mjl6s7j32k83ucx6t.jpg,
https://wx2.sinaimg.cn/large/006aXqPEly1hpn3mvo4usj348l2duqv9.jpg,
https://wx2.sinaimg.cn/large/006aXqPEly1hpn3nd8gu3j32p341nb2e.jpg,
https://wx2.sinaimg.cn/large/006aXqPEly1hpn3o02ie1j32v44aonpk.jpg,
https://wx2.sinaimg.cn/large/006fCZYWly1hpfkdvuvx1j30u0190wlk.jpg,
https://wx2.sinaimg.cn/large/006fW6V6gy1hrlp4oc6p4j30v91jktkl.jpg,
https://wx2.sinaimg.cn/large/006fW6V6gy1hrlp4pflc8j30v91jkap1.jpg,
https://wx2.sinaimg.cn/large/006fW6V6gy1hukae4z3foj31yk2xuu0y.jpg,
https://wx2.sinaimg.cn/large/006fX5j1gy1hsbmgbalxkj33pc230hdu.jpg,
https://wx2.sinaimg.cn/large/006fX5j1gy1hsc7q8nm3vj34cr2wib2c.jpg,
https://wx2.sinaimg.cn/large/006fX5j1gy1hsc7qffdemj34eo2xsqv7.jpg,
https://wx2.sinaimg.cn/large/006hQojfgy1hs6198m02zj34eo2h9kjp.jpg,
https://wx2.sinaimg.cn/large/006hQojfgy1hs63jtiq1lj32xs4eo4qv.jpg,
https://wx2.sinaimg.cn/large/006hdkJkly1hpln7ve13xj33344mox6z.jpg,
https://wx2.sinaimg.cn/large/006hdkJkly1hpln8utqswj34mo334x6y.jpg,
https://wx2.sinaimg.cn/large/006wX4Kxgy1hrpsekqaw6j30u00v6ju2.jpg,
https://wx2.sinaimg.cn/large/006wX4Kxgy1hrpsem56nmj30wh0cwmym.jpg,
https://wx2.sinaimg.cn/large/006wX4Kxgy1hrpsempw41j30wi0cfmy9.jpg,
https://wx2.sinaimg.cn/large/007P2GFHgy1hu9s56k3x3j34mo3344qx.jpg,
https://wx2.sinaimg.cn/large/007Syzn9gy1hu9mhrxcbgj31900u044z.jpg,
https://wx2.sinaimg.cn/large/007Syzn9gy1hu9mhy2jfpj31900u0jx8.jpg,
https://wx2.sinaimg.cn/large/007qlcyKgy1hsaw281kerj31d11uznpd.jpg,
https://wx2.sinaimg.cn/large/007qlcyKgy1hsaw2a85vlj32ix1ukb29.jpg,
https://wx2.sinaimg.cn/large/007qlcyKgy1hujdo4wfp4j31d11uzqv5.jpg,
https://wx2.sinaimg.cn/large/007qlcyKgy1hujdocdxzpj31d21v0u0x.jpg,
https://wx2.sinaimg.cn/large/0085nJ5Rgy1hpg1yynj6aj318228bhdt.jpg,
https://wx2.sinaimg.cn/large/008CJcuLgy1hujntuqtyhj35eo3lsqve.jpg,
https://wx2.sinaimg.cn/large/008ezEnXly1hpcfna8attj34mo334npg.jpg,
https://wx2.sinaimg.cn/large/008ezEnXly1hpcfnjs1d9j33344moqv8.jpg,
https://wx2.sinaimg.cn/large/008ezEnXly1hpcfo026v3j33344moqv9.jpg,
https://wx2.sinaimg.cn/large/008ioxLogy1hpkf2bipo1j30go0gowja.jpg,
https://wx2.sinaimg.cn/large/008ioxLogy1hpkf2bjmcnj30go0gojwv.jpg,
https://wx2.sinaimg.cn/large/008ioxLogy1hpkf2hculdj30go0goaf4.jpg,
https://wx2.sinaimg.cn/large/008ioxLogy1hpkl6afb9pj30yq3qqb2a.jpg,
https://wx2.sinaimg.cn/large/008sbF3aly1hrd4ftgr5aj322535wb29.jpg,
https://wx2.sinaimg.cn/large/008wavPhgy1hpynycc0fdj31z41hchdt.jpg,
https://wx2.sinaimg.cn/large/53f496b6ly1hpg6w9nb26j2334223b2a.jpg,
https://wx2.sinaimg.cn/large/53f496b6ly1hpg6wjivz5j2334223hdu.jpg,
https://wx2.sinaimg.cn/large/53f496b6ly1hpg6x964u3j2223334qv6.jpg,
https://wx2.sinaimg.cn/large/53f496b6ly1hphevng0a3j2334223b2b.jpg,
https://wx2.sinaimg.cn/large/5a6f1199ly1hro23aul6pj22yo4g0e84.jpg,
https://wx2.sinaimg.cn/large/65f91eabgy1huaamrx9b7j22c0340x6q.jpg,
https://wx2.sinaimg.cn/large/68376de0gy1huaruf8chmj23343ese83.jpg,
https://wx2.sinaimg.cn/large/6ab8e0cbly1hph24kpynoj20u0190q9s.jpg,
https://wx2.sinaimg.cn/large/6ab8e0cbly1hph24lchdmj20u0190jyz.jpg,
https://wx2.sinaimg.cn/large/712065b9ly1hpg05dt7udj22p81stkjl.jpg,
https://wx2.sinaimg.cn/large/712065b9ly1hpg05dvlb7j21st2p8qv5.jpg,
https://wx2.sinaimg.cn/large/8805e11agy1hs76hl28x3j24eo2h91l4.jpg,
https://wx2.sinaimg.cn/large/8805e11aly1hplonoe33qj21o02yokjn.jpg,
https://wx2.sinaimg.cn/large/8805e11aly1hpnskptkc0j21j52q11kz.jpg,
https://wx2.sinaimg.cn/large/8805e11aly1hpnskvws6tj21ga2kyx6q.jpg,
https://wx2.sinaimg.cn/large/8805e11aly1hpnsl3wx2pj21d12f6qv6.jpg,
https://wx2.sinaimg.cn/large/8805e11aly1hpnslfgbq3j24eo2ooe87.jpg,
https://wx2.sinaimg.cn/large/8805e11aly1hpq0dgc3afj21o02yob2b.jpg,
https://wx2.sinaimg.cn/large/8805e11aly1hpq0dyyg6qj21o02yo1ky.jpg,
https://wx2.sinaimg.cn/large/8805e11aly1hpq0e3hcykj21o02yob2a.jpg,
https://wx2.sinaimg.cn/large/9725ca93gy1hs0e1dwy27j25xc3j41l9.jpg,
https://wx2.sinaimg.cn/large/9725ca93gy1hs0e1j51xlj23fk55d7wq.jpg,
https://wx2.sinaimg.cn/large/9725ca93gy1hs0e1vm57mj23ls5eohe1.jpg,
https://wx2.sinaimg.cn/large/9725ca93gy1hs0e359lqvj25eo31ihe0.jpg,
https://wx2.sinaimg.cn/large/97c80decgy1hrxuawfsgaj24b46gpnpp.jpg,
https://wx2.sinaimg.cn/large/97c80decgy1hrxub1tzahj24b46gp7wr.jpg,
https://wx2.sinaimg.cn/large/97c80decgy1hrxue2llsvj24kj63ehe6.jpg,
https://wx2.sinaimg.cn/large/9801b567gy1hrnq2ofugsj22yo3y8u14.jpg,
https://wx2.sinaimg.cn/large/9801b567gy1hrnq2zedctj22803y8qvb.jpg,
https://wx2.sinaimg.cn/large/a025fb87gy1hrulonvh2oj21o02i07wi.jpg,
https://wx2.sinaimg.cn/large/a025fb87ly1hp9u7istt7j215o7bo1l3.jpg,
https://wx2.sinaimg.cn/large/a025fb87ly1hp9u7se8drj22n53yqe88.jpg,
https://wx2.sinaimg.cn/large/a025fb87ly1hp9u8ogw8lj24eo27cu13.jpg,
https://wx2.sinaimg.cn/large/a025fb87ly1hp9u8wo9f7j243n21t4qw.jpg,
https://wx2.sinaimg.cn/large/a025fb87ly1hp9u9cm2pkj24eo27cqv9.jpg,
https://wx2.sinaimg.cn/large/a025fb87ly1hpjbz3czd2j23r02i07wk.jpg,
https://wx2.sinaimg.cn/large/a025fb87ly1hpjc2pvwsdj24eo2xsx6w.jpg,
https://wx2.sinaimg.cn/large/a46db53bly1hplqa6rl7uj20u0190ahx.jpg,
https://wx2.sinaimg.cn/large/a46db53bly1hplqa984guj217c0u0agq.jpg,
https://wx2.sinaimg.cn/large/a46db53bly1hplqackicij21900u0th2.jpg,
https://wx2.sinaimg.cn/large/a8ef9007gy1hr2q23x6cpj23402c0hdu.jpg,
https://wx2.sinaimg.cn/large/a8ef9007gy1hr2q2btkb3j21r0340hdu.jpg,
https://wx2.sinaimg.cn/large/a8ef9007gy1hr2q2p3civj21r02mi7wi.jpg,
https://wx2.sinaimg.cn/large/a8ef9007gy1hrljlv0n52j22c03404qq.jpg,
https://wx2.sinaimg.cn/large/a8ef9007gy1hrljlwdo06j20qw1bsk4o.jpg,
https://wx2.sinaimg.cn/large/a8ef9007gy1hrljm094xuj22c0340npe.jpg,
https://wx2.sinaimg.cn/large/a8ef9007gy1hukxvsaeiuj22xu4eou0z.jpg,
https://wx2.sinaimg.cn/large/a8ef9007gy1hukxvv4b6zj22xu4eo7wk.jpg,
https://wx2.sinaimg.cn/large/a8ef9007gy1hukxvwl0hfj22xu4eoqv7.jpg,
https://wx2.sinaimg.cn/large/ba90b301ly1hphwlnsqntj21900u044g.jpg,
https://wx2.sinaimg.cn/large/ba90b301ly1hphwlotp1cj21900u0qa5.jpg,
https://wx2.sinaimg.cn/large/bd1d130agy1hqtn10fg45j20u014011f.jpg,
https://wx2.sinaimg.cn/large/bd1d130agy1hqtn13d01uj20u01hc4f8.jpg,
https://wx2.sinaimg.cn/large/bd1d130agy1hqtn1p51z7j20u01hcwv6.jpg,
https://wx2.sinaimg.cn/large/cff92cfcly1hpbb0sxr0jj23ls5eoe8a.jpg,
https://wx2.sinaimg.cn/large/cff92cfcly1hpbb10dq92j23jv57gkju.jpg,
https://wx2.sinaimg.cn/large/cff92cfcly1hpbb1vwyskj23ls5eob2j.jpg,
https://wx2.sinaimg.cn/large/cff92cfcly1hpbb2444q7j23ls5eou16.jpg,
https://wx2.sinaimg.cn/large/ea44527bgy1hrq2eyo0j8j22xs4eob2g.jpg,
https://wx2.sinaimg.cn/large/ea44527bgy1hrwov23nosj21o02yob2a.jpg,
https://wx2.sinaimg.cn/large/ea44527bgy1hrwov5g6efj21o02upu0y.jpg,
https://wx2.sinaimg.cn/large/ea44527bgy1hrwovbcm8oj21k62pdhdu.jpg,
https://wx2.sinaimg.cn/large/ea44527bgy1hsd8nv21ihj23y8280u0z.jpg,
https://wx2.sinaimg.cn/large/ea44527bgy1hu9eagxdkuj20zk1bewpc.jpg,
https://wx2.sinaimg.cn/large/ea44527bgy1huf70n9bzkj21la2lv1ky.jpg,
https://wx2.sinaimg.cn/large/ea44527bgy1huf70q4ktwj22yo1o07wj.jpg,
https://wx2.sinaimg.cn/large/ea44527bgy1hug97lrumcj23y8280b2d.jpg,
https://wx2.sinaimg.cn/large/ea44527bgy1hug97pivb6j23y82mte83.jpg,
https://wx2.sinaimg.cn/large/ea44527bgy1hug98lwpgoj22xs4eo1l5.jpg,
https://wx2.sinaimg.cn/large/ea44527bly1hpjen0nhx7j24eo2xshe2.jpg,
https://wx2.sinaimg.cn/large/ea44527bly1hpjepwvv4kj24eo2xs7wn.jpg,
https://wx2.sinaimg.cn/large/ea44527bly1hqljn22ko3j21a12ce4qr.jpg,
https://wx2.sinaimg.cn/large/ea44527bly1hqljnen1zrj21mu2oax6q.jpg,
https://wx2.sinaimg.cn/orj480/006QZngZgy1hu8vb4e4erj30qo0f07ng.jpg,
https://wx2.sinaimg.cn/orj480/006QZngZgy1hugd3dvl7jj30vu0hwh9m.jpg,
https://wx2.sinaimg.cn/orj480/3e054e1ely1hsg9dzqa8qj20k00qoq8a.jpg,
https://wx3.sinaimg.cn/large/005IkzJ3gy1hqkeqplc1tj31hc0u07wh.jpg,
https://wx3.sinaimg.cn/large/005QAmhgly1hq67je7hx7j31hc0u01ky.jpg,
https://wx3.sinaimg.cn/large/005RJf8Yly1hpkoj3j8bvj30ws0lv0xi.jpg,
https://wx3.sinaimg.cn/large/005RJf8Yly1hpkoj4bxmqj30wr0ign2j.jpg,
https://wx3.sinaimg.cn/large/005V2ztigy1hucnqpuzm0j34w07c0kk3.jpg,
https://wx3.sinaimg.cn/large/005wEnUTgy1hu9tes4t6vj32313pchdv.jpg,
https://wx3.sinaimg.cn/large/005wEnUTgy1hu9tev7fvej32313ruqv7.jpg,
https://wx3.sinaimg.cn/large/0069pzrQgy1hun2yemxq2j31900u0dlg.jpg,
https://wx3.sinaimg.cn/large/006QZngZgy1hug77at2gdj31hc0u0kjm.jpg,
https://wx3.sinaimg.cn/large/006RrQAVly1hpx5rpj24hj32v44aob2d.jpg,
https://wx3.sinaimg.cn/large/006RrQAVly1hpx5rv0a30j32v44ao4qt.jpg,
https://wx3.sinaimg.cn/large/006RrQAVly1hpx5snw28dj32j83sv7wh.jpg,
https://wx3.sinaimg.cn/large/006UoCk4gy1hu8k3rcs88j32wi4cr4qr.jpg,
https://wx3.sinaimg.cn/large/006aXqPEly1hpn3m6to23j32v44ao7wl.jpg,
https://wx3.sinaimg.cn/large/006aXqPEly1hpn3n34qghj34642s3kjq.jpg,
https://wx3.sinaimg.cn/large/006aXqPEly1hpn3nhwrmrj33oi22jkjm.jpg,
https://wx3.sinaimg.cn/large/006fCZYWly1hpfkdvj0nlj30u019044s.jpg,
https://wx3.sinaimg.cn/large/006fW6V6gy1hrlp4k7w82j30v91jkk46.jpg,
https://wx3.sinaimg.cn/large/006fW6V6gy1hrlp4ttby0j30v91jkk1r.jpg,
https://wx3.sinaimg.cn/large/006fX5j1gy1hsbmgb2le2j34eo27eb2b.jpg,
https://wx3.sinaimg.cn/large/006hQojfgy1hs63hqqz1jj34eo2xsnph.jpg,
https://wx3.sinaimg.cn/large/006hQojfgy1hs63ihvz3tj34eo2xs1l3.jpg,
https://wx3.sinaimg.cn/large/006hdkJkly1hpln81xud5j33344mohe3.jpg,
https://wx3.sinaimg.cn/large/006iOIaqly1hueyk82hbij30nm0hqgmk.jpg,
https://wx3.sinaimg.cn/large/006wX4Kxgy1hrpsel3peqj30u01i27c7.jpg,
https://wx3.sinaimg.cn/large/0076iYMPgy1hroxvwep48j34n433k1l6.jpg,
https://wx3.sinaimg.cn/large/0076iYMPgy1hroxw082avj34l1325npk.jpg,
https://wx3.sinaimg.cn/large/007P2GFHgy1hu9s51bg4ej34mo334he0.jpg,
https://wx3.sinaimg.cn/large/007P2GFHgy1hua8gzzx8bj32232zj4qr.jpg,
https://wx3.sinaimg.cn/large/007Syzn9gy1hu9mhngkiyj31940u0jxc.jpg,
https://wx3.sinaimg.cn/large/007Syzn9gy1hu9mhpkceuj316g0u045u.jpg,
https://wx3.sinaimg.cn/large/007qlcyKgy1hsaw2921a2j30r010vwqj.jpg,
https://wx3.sinaimg.cn/large/007qlcyKgy1hujdo7e1i5j31v01d2npd.jpg,
https://wx3.sinaimg.cn/large/007qlcyKgy1hujdodv5wtj31d21v0npd.jpg,
https://wx3.sinaimg.cn/large/007qlcyKgy1hujdof5vjmj31d21v0x6p.jpg,
https://wx3.sinaimg.cn/large/0085nJ5Rgy1hpg1z16wt7j325n3oju0y.jpg,
https://wx3.sinaimg.cn/large/0085nJ5Rgy1hpg1z4ez42j336o4s04qu.jpg,
https://wx3.sinaimg.cn/large/0085nJ5Rgy1hpg1z4s1paj32r74inkjs.jpg,
https://wx3.sinaimg.cn/large/008CJcuLgy1hujnty93xaj33ls5eou14.jpg,
https://wx3.sinaimg.cn/large/008ezEnXly1hpcfngv5d9j33344mou11.jpg,
https://wx3.sinaimg.cn/large/008ezEnXly1hpcfnppyp4j34mo334qv8.jpg,
https://wx3.sinaimg.cn/large/008ezEnXly1hpcfntcl4mj34mo334qv8.jpg,
https://wx3.sinaimg.cn/large/008ioxLogy1hpkf2bhnt6j30go0goq7y.jpg,
https://wx3.sinaimg.cn/large/008ioxLogy1hpkf2k8ck5j30p05s0qv6.jpg,
https://wx3.sinaimg.cn/large/008sbF3aly1hrd4m74uyfj318h17kwro.jpg,
https://wx3.sinaimg.cn/large/008wavPhgy1hpynyatcusj31g30yq4qa.jpg,
https://wx3.sinaimg.cn/large/53f496b6ly1hpg6woeln0j2223334kjm.jpg,
https://wx3.sinaimg.cn/large/53f496b6ly1hpg6x481pjj2334223kjm.jpg,
https://wx3.sinaimg.cn/large/53f496b6ly1hpg6xicz8bj2334223hdu.jpg,
https://wx3.sinaimg.cn/large/53f496b6ly1hpheu4nmo0j23342234qs.jpg,
https://wx3.sinaimg.cn/large/53f496b6ly1hpheugajv9j2334223npf.jpg,
https://wx3.sinaimg.cn/large/5a6f1199ly1hro23alt21j22yo4g0b2c.jpg,
https://wx3.sinaimg.cn/large/5a6f1199ly1hro23b8fnwj22yo4g0e84.jpg,
https://wx3.sinaimg.cn/large/65f91eabgy1huaamxp6pxj22c03401kz.jpg,
https://wx3.sinaimg.cn/large/65f91eabgy1huaan0bownj22c0340kjn.jpg,
https://wx3.sinaimg.cn/large/68376de0gy1huarudpwcoj233425sx6p.jpg,
https://wx3.sinaimg.cn/large/68376de0gy1huarug4ug5j23343esb2c.jpg,
https://wx3.sinaimg.cn/large/68376de0gy1huarug62h4j2223334npe.jpg,
https://wx3.sinaimg.cn/large/712065b9ly1hpg05dx89lj21st2p8qv5.jpg,
https://wx3.sinaimg.cn/large/712065b9ly1hpg05e4a9lj21jo2bju0x.jpg,
https://wx3.sinaimg.cn/large/722dfcdagy1hue6essgwpj23344moe86.jpg,
https://wx3.sinaimg.cn/large/8149bcfdgy1hqx3pv7re2j24eo2xsx6v.jpg,
https://wx3.sinaimg.cn/large/8805e11agy1hropuxw3mlj233424w1l1.jpg,
https://wx3.sinaimg.cn/large/8805e11agy1hrum4tc8nrj21c82dskjm.jpg,
https://wx3.sinaimg.cn/large/8805e11agy1hrum4x5bg4j21c82dsnpe.jpg,
https://wx3.sinaimg.cn/large/8805e11agy1hs76i42ihfj24d66jrb2k.jpg,
https://wx3.sinaimg.cn/large/8805e11agy1huevxlruyvj21o0280npe.jpg,
https://wx3.sinaimg.cn/large/8805e11agy1huevxrv2hfj23401r01ky.jpg,
https://wx3.sinaimg.cn/large/8805e11agy1huew126psdj20zu25okjm.jpg,
https://wx3.sinaimg.cn/large/8805e11aly1hpnsjn9bqcj21cl2eee82.jpg,
https://wx3.sinaimg.cn/large/8805e11aly1hpnskcwktij21cg2e57wi.jpg,
https://wx3.sinaimg.cn/large/8805e11aly1hpq0darxkbj21o02you0x.jpg,
https://wx3.sinaimg.cn/large/8805e11aly1hpq0dpqk7tj21o02yokjm.jpg,
https://wx3.sinaimg.cn/large/8805e11aly1hpq0dulk4lj21o02yoe82.jpg,
https://wx3.sinaimg.cn/large/8805e11aly1hpq0e7gxxbj21o02yokjm.jpg,
https://wx3.sinaimg.cn/large/8805e11aly1hpq0ebryiyj21o02you0y.jpg,
https://wx3.sinaimg.cn/large/9725ca93gy1hs0e18byddj23kn5cyu19.jpg,
https://wx3.sinaimg.cn/large/97c80decgy1hrxudoyqgej24b46gpb2m.jpg,
https://wx3.sinaimg.cn/large/97c80decgy1hrxuezaduej24kj63enpq.jpg,
https://wx3.sinaimg.cn/large/97c80decgy1hrxufnjn4rj24b46gphe3.jpg,
https://wx3.sinaimg.cn/large/9801b567gy1hrnq33iuzvj22yo3y81l4.jpg,
https://wx3.sinaimg.cn/large/9801b567gy1hrnq51bf1gj22803y8kjm.jpg,
https://wx3.sinaimg.cn/large/982578b0gy1hrz7o8o2s1j20wi1yctu5.jpg,
https://wx3.sinaimg.cn/large/9af1dcdegy1hubsczfsojj22ml3ghb2f.jpg,
https://wx3.sinaimg.cn/large/9da51f55ly1hu94xv7qwoj23402c0x6u.jpg,
https://wx3.sinaimg.cn/large/a025fb87ly1hp9u7keqbcj21d921wkjl.jpg,
https://wx3.sinaimg.cn/large/a025fb87ly1hp9u7vuxvqj219l1osqv5.jpg,
https://wx3.sinaimg.cn/large/a025fb87ly1hp9u8672qqj245h268x6u.jpg,
https://wx3.sinaimg.cn/large/a025fb87ly1hp9u94mhssj22jv3ttnpj.jpg,
https://wx3.sinaimg.cn/large/a025fb87ly1hp9u9lnwylj24eo27c4qw.jpg,
https://wx3.sinaimg.cn/large/a025fb87ly1hpjbzj8tmrj24eo2xshdz.jpg,
https://wx3.sinaimg.cn/large/a46db53bly1hplqa7ttxij20u0140dnl.jpg,
https://wx3.sinaimg.cn/large/a46db53bly1hplqa9t9c5j21900u0gsa.jpg,
https://wx3.sinaimg.cn/large/a46db53bly1hplqaageaxj21900u0do1.jpg,
https://wx3.sinaimg.cn/large/a46db53bly1hplqaazlvuj21900u0jz5.jpg,
https://wx3.sinaimg.cn/large/a46db53bly1hplqabkw0qj20u0190ahr.jpg,
https://wx3.sinaimg.cn/large/a8ef9007gy1hr2q22hw81j22xx27ghdu.jpg,
https://wx3.sinaimg.cn/large/a8ef9007gy1hr2q2r6kaej22c01r0b2a.jpg,
https://wx3.sinaimg.cn/large/a8ef9007gy1hrljlrmi6gj21xk2kqnpe.jpg,
https://wx3.sinaimg.cn/large/a8ef9007gy1hrljltydvgj22c0340x6p.jpg,
https://wx3.sinaimg.cn/large/a8ef9007gy1hrljlxvfpdj22c0340e82.jpg,
https://wx3.sinaimg.cn/large/a8ef9007gy1hrljm4xyg6j20qw1bsam3.jpg,
https://wx3.sinaimg.cn/large/a8ef9007gy1hukxw21k7qj24eo2xu7wk.jpg,
https://wx3.sinaimg.cn/large/a8ef9007gy1hukxw7zjazj22xu4eo7wk.jpg,
https://wx3.sinaimg.cn/large/ad3f174fgy1hugcj8xgvhj21hc0u0kjm.jpg,
https://wx3.sinaimg.cn/large/ba90b301ly1hphwm74mg1j20u0190n3x.jpg,
https://wx3.sinaimg.cn/large/bd1d130agy1hqtn121dhej20u01hcgxb.jpg,
https://wx3.sinaimg.cn/large/bd1d130agy1hqtn12mbyzj20u01hdqfs.jpg,
https://wx3.sinaimg.cn/large/cff92cfcly1hpbb1np92uj23ls57wu13.jpg,
https://wx3.sinaimg.cn/large/cff92cfcly1hpbb3a8icoj23jk5bcx6y.jpg,
https://wx3.sinaimg.cn/large/cff92cfcly1hpbb3pr9lvj23ls5eoe8c.jpg,
https://wx3.sinaimg.cn/large/ea44527bgy1hqyd79ko66j21iv2tj4qr.jpg,
https://wx3.sinaimg.cn/large/ea44527bgy1hqyd7c2vq5j21ns2v8qv6.jpg,
https://wx3.sinaimg.cn/large/ea44527bgy1hrq2dfyeaej22xs4eokjr.jpg,
https://wx3.sinaimg.cn/large/ea44527bgy1hrq2fpqq0rj23y82mtkjs.jpg,
https://wx3.sinaimg.cn/large/ea44527bgy1hs8gesopbpj225o0zukjm.jpg,
https://wx3.sinaimg.cn/large/ea44527bgy1hsd85ix0evj22mt3y8nph.jpg,
https://wx3.sinaimg.cn/large/ea44527bgy1hsd8pcitgej23y82mte86.jpg,
https://wx3.sinaimg.cn/large/ea44527bgy1hu9earkbloj24eo2xshdz.jpg,
https://wx3.sinaimg.cn/large/ea44527bgy1hu9ekrmh2wj211x1o1k4m.jpg,
https://wx3.sinaimg.cn/large/ea44527bgy1hug97f6o1wj23y82mtx6t.jpg,
https://wx3.sinaimg.cn/large/ea44527bly1hpjen749vnj22xs4eo7wo.jpg,
https://wx3.sinaimg.cn/large/ea44527bly1hpjeq7ok2qj23y82mthdz.jpg,
https://wx3.sinaimg.cn/large/ea44527bly1hpscgtqe1xj225o0zunpe.jpg,
https://wx3.sinaimg.cn/large/ea44527bly1hq4afswzlvj21es293u0y.jpg,
https://wx3.sinaimg.cn/large/ea44527bly1hq4ag5m34bj21z32y24qu.jpg,
https://wx3.sinaimg.cn/large/ea44527bly1hr303xhdukj22c0340qv6.jpg,
https://wx4.sinaimg.cn/large/005QAmhgly1hq67jbqtv2j31hc0u0kj4.jpg,
https://wx4.sinaimg.cn/large/005QAmhgly1hq67jg2dy2j31hc0u07wh.jpg,
https://wx4.sinaimg.cn/large/005QAmhgly1hq67kmjipbj31hc0u0kjl.jpg,
https://wx4.sinaimg.cn/large/005RJf8Yly1hpkoj3rt2xj30ws0lv42t.jpg,
https://wx4.sinaimg.cn/large/005RJf8Yly1hpkoj431ddj30ws0igq8n.jpg,
https://wx4.sinaimg.cn/large/005RJf8Yly1hpkoj5t1r9j30ws0lvgsc.jpg,
https://wx4.sinaimg.cn/large/005V2ztigy1hu9ql21dskj34266387wq.jpg,
https://wx4.sinaimg.cn/large/005wEnUTgy1hu9tek1sdyj31zr37qu0y.jpg,
https://wx4.sinaimg.cn/large/005wEnUTgy1hu9terbv8rj33d124ab2b.jpg,
https://wx4.sinaimg.cn/large/0060ys8Ggy1hrukj2840gj30sn165n99.jpg,
https://wx4.sinaimg.cn/large/0069pzrQgy1hun2yh56b3j30u01900xv.jpg,
https://wx4.sinaimg.cn/large/006RrQAVly1hpx5s0xapqj32v44aob2d.jpg,
https://wx4.sinaimg.cn/large/006RrQAVly1hpx5szl13mj32v44aou10.jpg,
https://wx4.sinaimg.cn/large/006aXqPEly1hpn3l4j26nj32v44aoqvd.jpg,
https://wx4.sinaimg.cn/large/006aXqPEly1hpn3lya7e9j34ao2v47wl.jpg,
https://wx4.sinaimg.cn/large/006aXqPEly1hpn3mdx5qsj34ao2v4x6s.jpg,
https://wx4.sinaimg.cn/large/006aXqPEly1hpn3mopr3xj33s02iou11.jpg,
https://wx4.sinaimg.cn/large/006fCZYWly1hpfkdue7rfj31900u0tf1.jpg,
https://wx4.sinaimg.cn/large/006fCZYWly1hpfkdupy5ej31900u0wjm.jpg,
https://wx4.sinaimg.cn/large/006fCZYWly1hpfkdvgqmdj30u0190wld.jpg,
https://wx4.sinaimg.cn/large/006fW6V6gy1hrlp4qk2h9j30v91jk7g9.jpg,
https://wx4.sinaimg.cn/large/006fW6V6gy1hrlp4stp0cj30v91vonpd.jpg,
https://wx4.sinaimg.cn/large/006fX5j1gy1hsbmgbbbbvj34eo2ha7wj.jpg,
https://wx4.sinaimg.cn/large/006fX5j1gy1hsbmgbcnbjj34eo2hahdv.jpg,
https://wx4.sinaimg.cn/large/006fX5j1gy1hsbmgclxykj32xu4eox6r.jpg,
https://wx4.sinaimg.cn/large/006fX5j1gy1hsbmgdqlu4j32mt3y8b2c.jpg,
https://wx4.sinaimg.cn/large/006fX5j1gy1hsc7qb82mmj33y82807wj.jpg,
https://wx4.sinaimg.cn/large/006fX5j1gy1hsc7qbb63vj33pc2gw7wj.jpg,
https://wx4.sinaimg.cn/large/006hQojfgy1hs63gs1va9j34eo2xs7wk.jpg,
https://wx4.sinaimg.cn/large/006hQojfgy1hs63hi02ehj34eo2xs4qw.jpg,
https://wx4.sinaimg.cn/large/006hQojfgy1hs63j4fo72j32xs4eo4qu.jpg,
https://wx4.sinaimg.cn/large/006hQojfgy1hs63jzw96gj34eo2xsnpg.jpg,
https://wx4.sinaimg.cn/large/006hdkJkly1hpln7p4hvbj34572rgqvc.jpg,
https://wx4.sinaimg.cn/large/006hdkJkly1hpln8oigmej344w2r9npk.jpg,
https://wx4.sinaimg.cn/large/006wX4Kxgy1hrpsellx47j30u00yhacr.jpg,
https://wx4.sinaimg.cn/large/0076iYMPgy1hroxvs6x3tj333k4n41l6.jpg,
https://wx4.sinaimg.cn/large/007P2GFHgy1hu9s54lb89j34mo334hdy.jpg,
https://wx4.sinaimg.cn/large/007Syzn9gy1hu9mhoi6l3j318k0u00yi.jpg,
https://wx4.sinaimg.cn/large/007Syzn9gy1hu9mht2gr0j30u01cqqbx.jpg,
https://wx4.sinaimg.cn/large/007Syzn9gy1hu9mhvwekfj318t0u0ag5.jpg,
https://wx4.sinaimg.cn/large/007qlcyKgy1hujdoauqgij31d21v0x6p.jpg,
https://wx4.sinaimg.cn/large/0085nJ5Rgy1hpg1z49t45j336o4s01l2.jpg,
https://wx4.sinaimg.cn/large/0085nJ5Rgy1hpg26q3i7uj32wx4ddqv9.jpg,
https://wx4.sinaimg.cn/large/008eydJSgy1hudn1n7qn5j318f0u0dks.jpg,
https://wx4.sinaimg.cn/large/008ezEnXly1hpcfnmzo50j33344moe86.jpg,
https://wx4.sinaimg.cn/large/008ioxLogy1hpkf2bhngkj30go0gotfd.jpg,
https://wx4.sinaimg.cn/large/008wavPhgy1hpynyg0j8kj32b832znpf.jpg,
https://wx4.sinaimg.cn/large/008wavPhgy1hpynyivxezj32882yzb2b.jpg,
https://wx4.sinaimg.cn/large/53f496b6ly1hpg6werwssj2223334u0y.jpg,
https://wx4.sinaimg.cn/large/53f496b6ly1hpg6wtnx1gj2223334kjm.jpg,
https://wx4.sinaimg.cn/large/53f496b6ly1hpheuahhicj2223334kjn.jpg,
https://wx4.sinaimg.cn/large/53f496b6ly1hphev37yt8j2334223qv7.jpg,
https://wx4.sinaimg.cn/large/53f496b6ly1hphevk26yuj2334223b2b.jpg,
https://wx4.sinaimg.cn/large/53f496b6ly1hphevqo65nj2223334qv6.jpg,
https://wx4.sinaimg.cn/large/53f496b6ly1hphevugfocj2334223x6r.jpg,
https://wx4.sinaimg.cn/large/5a6f1199ly1hro23axenkj22yo4g0e84.jpg,
https://wx4.sinaimg.cn/large/5a6f1199ly1hro23aypeej22yo4g0e84.jpg,
https://wx4.sinaimg.cn/large/65f91eabgy1huaamv1297j22c03404qr.jpg,
https://wx4.sinaimg.cn/large/65f91eabgy1huaan26qkej21vy2imkjl.jpg,
https://wx4.sinaimg.cn/large/68376de0gy1huarue0rmtj2223334kjm.jpg,
https://wx4.sinaimg.cn/large/712065b9ly1hpg05d7xc6j22p81sthdt.jpg,
https://wx4.sinaimg.cn/large/712065b9ly1hpg05degnwj21st2p8hdt.jpg,
https://wx4.sinaimg.cn/large/712065b9ly1hpg05dl370j21st2p8npd.jpg,
https://wx4.sinaimg.cn/large/8149bcfdgy1hqx3obqf49j24eo2xsb2f.jpg,
https://wx4.sinaimg.cn/large/8149bcfdgy1hqx3otu252j24eo2xse88.jpg,
https://wx4.sinaimg.cn/large/8149bcfdgy1hqx3p2oj8oj22xs4eo1l4.jpg,
https://wx4.sinaimg.cn/large/8149bcfdgy1hqx3peb7n4j22xs4eonpk.jpg,
https://wx4.sinaimg.cn/large/8149bcfdgy1hqx3pln8sej22xs4eoe87.jpg,
https://wx4.sinaimg.cn/large/8149bcfdgy1hqx3q6jlb4j223u35rnpf.jpg,
https://wx4.sinaimg.cn/large/8805e11agy1hrcxshx1kzj21c82ds1ky.jpg,
https://wx4.sinaimg.cn/large/8805e11agy1hropuou3uhj23sa2iv7wl.jpg,
https://wx4.sinaimg.cn/large/8805e11agy1hroputv2brj23342231l0.jpg,
https://wx4.sinaimg.cn/large/8805e11agy1hrum4zvcfoj21c82dse82.jpg,
https://wx4.sinaimg.cn/large/8805e11agy1hrum52fd8sj21c82dsb2a.jpg,
https://wx4.sinaimg.cn/large/8805e11agy1hs76i141eaj24mo2lre86.jpg,
https://wx4.sinaimg.cn/large/8805e11agy1hs76ic5j05j24mo334hdz.jpg,
https://wx4.sinaimg.cn/large/8805e11agy1huevxpof7lj21o0280qv6.jpg,
https://wx4.sinaimg.cn/large/8805e11aly1hpnsjytfc9j217z2661ky.jpg,
https://wx4.sinaimg.cn/large/8805e11aly1hpnsk4636pj21fj2jmx6q.jpg,
https://wx4.sinaimg.cn/large/8805e11aly1hpnskjybdkj21it2pfhdv.jpg,
https://wx4.sinaimg.cn/large/8805e11aly1hpq0dkrffcj21o02yoqv6.jpg,
https://wx4.sinaimg.cn/large/9725ca93gy1hs0e1ptnxij25eo31ib2m.jpg,
https://wx4.sinaimg.cn/large/9725ca93gy1hs0e23d5c7j25p93su4r1.jpg,
https://wx4.sinaimg.cn/large/9725ca93gy1hs0e2nrbfvj23ls5eo4r3.jpg,
https://wx4.sinaimg.cn/large/97c80decgy1hrxucvo26qj26go4b5he6.jpg,
https://wx4.sinaimg.cn/large/97c80decgy1hrxudu0gxfj24kj63ex6y.jpg,
https://wx4.sinaimg.cn/large/97c80decgy1hrxuf69e7vj26gp4b47wr.jpg,
https://wx4.sinaimg.cn/large/97c80decgy1hrxugmfe4ej24kj63enpo.jpg,
https://wx4.sinaimg.cn/large/9801b567gy1hrnq36hwl1j22803y8npj.jpg,
https://wx4.sinaimg.cn/large/9801b567gy1hrnq504vt7j22803y84qq.jpg,
https://wx4.sinaimg.cn/large/982578b0gy1hrz7od9woxj206o06ot8q.jpg,
https://wx4.sinaimg.cn/large/a025fb87ly1hp9u7bfwv4j21361mqe81.jpg,
https://wx4.sinaimg.cn/large/a025fb87ly1hp9u88va1aj22yo3y8kjn.jpg,
https://wx4.sinaimg.cn/large/a025fb87ly1hpjbz8nafxj21x02vikjm.jpg,
https://wx4.sinaimg.cn/large/a025fb87ly1hpjc15yty6j24eo2xsqvb.jpg,
https://wx4.sinaimg.cn/large/a025fb87ly1hpjc1x3xkkj22xs4eoe88.jpg,
https://wx4.sinaimg.cn/large/a025fb87ly1hpjc32o9k8j22xs4eohe0.jpg,
https://wx4.sinaimg.cn/large/a46db53bly1hplqa7b69kj20u0140461.jpg,
https://wx4.sinaimg.cn/large/a46db53bly1hplqa8cd4oj21900u0dn9.jpg,
https://wx4.sinaimg.cn/large/a46db53bly1hplqa8qlprj20u01a3ahs.jpg,
https://wx4.sinaimg.cn/large/a8ef9007gy1hr2q29e27aj21r23401kz.jpg,
https://wx4.sinaimg.cn/large/a8ef9007gy1hr2q2mu4e2j22c0340u0y.jpg,
https://wx4.sinaimg.cn/large/a8ef9007gy1hrljloy980j22c0340kjm.jpg,
https://wx4.sinaimg.cn/large/a8ef9007gy1hrljlq5a6yj22c0340npe.jpg,
https://wx4.sinaimg.cn/large/a8ef9007gy1hrljlsqih1j22262qwkjm.jpg,
https://wx4.sinaimg.cn/large/a8ef9007gy1hrljm1q09qj22c0340qv7.jpg,
https://wx4.sinaimg.cn/large/a8ef9007gy1hukxw5ykioj24eo2xue84.jpg,
https://wx4.sinaimg.cn/large/a8ef9007gy1hukxwbrkvfj22xu4eonpf.jpg,
https://wx4.sinaimg.cn/large/ba90b301ly1hphwloboa4j21900u0dnp.jpg,
https://wx4.sinaimg.cn/large/ba90b301ly1hphwlqg6zfj20u0190wml.jpg,
https://wx4.sinaimg.cn/large/ba90b301ly1hphwlr0e5jj21900u0jy3.jpg,
https://wx4.sinaimg.cn/large/bd1d130agy1hqtn11hfjcj20u01hcgyf.jpg,
https://wx4.sinaimg.cn/large/cff92cfcly1hpbb0awue4j25eo3lsqve.jpg,
https://wx4.sinaimg.cn/large/cff92cfcly1hpbb0lxobyj23344mokjy.jpg,
https://wx4.sinaimg.cn/large/cff92cfcly1hpbb17ix3yj24mo2lr7wq.jpg,
https://wx4.sinaimg.cn/large/cff92cfcly1hpbb2klgmoj25bz3hub2l.jpg,
https://wx4.sinaimg.cn/large/ea44527bgy1hqyd70b4f1j21h62n3x6p.jpg,
https://wx4.sinaimg.cn/large/ea44527bgy1hqyd76bhduj227l4fbx6t.jpg,
https://wx4.sinaimg.cn/large/ea44527bgy1hrld79868pj21o02w2npe.jpg,
https://wx4.sinaimg.cn/large/ea44527bgy1hrwov94xj1j21k62hdkjm.jpg,
https://wx4.sinaimg.cn/large/ea44527bgy1hrwowdvudlj21gm2d4kjl.jpg,
https://wx4.sinaimg.cn/large/ea44527bgy1hs1er2vcu7j21o02yoqv7.jpg,
https://wx4.sinaimg.cn/large/ea44527bgy1hs8germb7xj225o0zukjm.jpg,
https://wx4.sinaimg.cn/large/ea44527bgy1hsat4ph5rqj21l22kl1kx.jpg,
https://wx4.sinaimg.cn/large/ea44527bgy1hsd85sqw91j22mt3y8nph.jpg,
https://wx4.sinaimg.cn/large/ea44527bgy1hsd864xuhej22mt3y8kjp.jpg,
https://wx4.sinaimg.cn/large/ea44527bgy1hsd86crqr5j23y82mtu12.jpg,
https://wx4.sinaimg.cn/large/ea44527bgy1hu9ekqn9rhj218z0u0k26.jpg,
https://wx4.sinaimg.cn/large/ea44527bgy1hu9ekr5msrj21401o0wv3.jpg,
https://wx4.sinaimg.cn/large/ea44527bgy1huf70le8ttj22di2tz7wn.jpg,
https://wx4.sinaimg.cn/large/ea44527bgy1huf70p2eymj21nw2uuu0y.jpg,
https://wx4.sinaimg.cn/large/ea44527bgy1huf70r9wosj22yo1o04qs.jpg,
https://wx4.sinaimg.cn/large/ea44527bgy1huf70rr7aaj20qo0mt0w4.jpg,
https://wx4.sinaimg.cn/large/ea44527bgy1hug96zpgspj24eo2xs7wm.jpg,
https://wx4.sinaimg.cn/large/ea44527bgy1hug9826s2xj22se4d9e86.jpg,
https://wx4.sinaimg.cn/large/ea44527bgy1hug98vdc72j24eo2xskjq.jpg,
https://wx4.sinaimg.cn/large/ea44527bly1hpfzt24082j21uo0u07gp.jpg,
https://wx4.sinaimg.cn/large/ea44527bly1hpjemgnggcj24eo2xsqv9.jpg,
https://wx4.sinaimg.cn/large/ea44527bly1hq4agbb043j21i82rex6p.jpg,
https://wx4.sinaimg.cn/large/ea44527bly1hqljmpg0goj21kj2ofx6q.jpg,
https://wx4.sinaimg.cn/large/ea44527bly1hqljn7xkqcj21cn2fl1ky.jpg,
https://wx4.sinaimg.cn/large/eaed06dfgy1hrvg760lxsj20zl1hc4h9.jpg