https://tvax3.sinaimg.cn/crop.0.0.600.600.180/008webo2ly8hmanualvttj30go0gowfu.jpg?KID=imgbed,tva&Expires=1730478234&ssig=jIttA%2Fn982,
https://wx1.sinaimg.cn/crop.0.6.1920.1067/007IC2c2gy1hqgkcvh85zj31hc0u07hz.jpg,
https://wx1.sinaimg.cn/crop.0.6.1920.1067/007IC2c2gy1hrlhvzp8icj31hc0u0k7u.jpg,
https://wx1.sinaimg.cn/crop.0.6.1920.1067/007IC2c2gy1ht96m5nablj31hc0u0qj3.jpg,
https://wx1.sinaimg.cn/large/005E5yvIgy1hpfsmsab4xj32kw3vcb2b.jpg,
https://wx1.sinaimg.cn/large/005E5yvIgy1hpfsmsbp0hj33vc2kwkjn.jpg,
https://wx1.sinaimg.cn/large/005E5yvIgy1hpmx4nqrjgj34qn35rb2d.jpg,
https://wx1.sinaimg.cn/large/005E5yvIgy1hpx40nkhusj31c92dsu0x.jpg,
https://wx1.sinaimg.cn/large/005E5yvIgy1hqec53j027j31kw35se82.jpg,
https://wx1.sinaimg.cn/large/005E5yvIgy1hqec5cix49j329a35s1ky.jpg,
https://wx1.sinaimg.cn/large/005E5yvIgy1hqfup43ev7j30u01huqdf.jpg,
https://wx1.sinaimg.cn/large/005E5yvIgy1hqq74cqfctj31o82z2qv5.jpg,
https://wx1.sinaimg.cn/large/005E5yvIgy1hqwu558szbj31ov30ab29.jpg,
https://wx1.sinaimg.cn/large/005E5yvIgy1hqwu55m4sbj31k12rme81.jpg,
https://wx1.sinaimg.cn/large/005E5yvIgy1hqwu57hefpj31r0340e82.jpg,
https://wx1.sinaimg.cn/large/005E5yvIgy1hqxbyaa0suj31gt2lxx6p.jpg,
https://wx1.sinaimg.cn/large/005E5yvIgy1hr5bdvst68j31nx2yj1ky.jpg,
https://wx1.sinaimg.cn/large/005E5yvIgy1hr5be09bpij31nm2y0b2a.jpg,
https://wx1.sinaimg.cn/large/005E5yvIgy1hr5be0hjo6j31kt2pue82.jpg,
https://wx1.sinaimg.cn/large/005E5yvIgy1hr5be10fs5j31r0340kjm.jpg,
https://wx1.sinaimg.cn/large/005E5yvIgy1hr7lftp4naj31o02yohdu.jpg,
https://wx1.sinaimg.cn/large/005E5yvIgy1hr7lfudhoaj31o02yoe82.jpg,
https://wx1.sinaimg.cn/large/005E5yvIgy1hrb2mq7xk2j31ry35oqv5.jpg,
https://wx1.sinaimg.cn/large/005E5yvIgy1hrb2mvmd2cj32aq432x6q.jpg,
https://wx1.sinaimg.cn/large/005E5yvIgy1hrlkpo6tp9j31r0340b2a.jpg,
https://wx1.sinaimg.cn/large/005E5yvIgy1hrlkpocxjsj31r0340e82.jpg,
https://wx1.sinaimg.cn/large/005E5yvIgy1hrq4zxr0zpj325o0zue1z.jpg,
https://wx1.sinaimg.cn/large/005E5yvIgy1hrtoxpfey9j31qv33s4qq.jpg,
https://wx1.sinaimg.cn/large/005E5yvIgy1hrtoxpo1g1j31r0340x6q.jpg,
https://wx1.sinaimg.cn/large/005E5yvIgy1hrtoxq8cb2j31ap2b07wh.jpg,
https://wx1.sinaimg.cn/large/005E5yvIgy1hrwyk1qd8nj31t10u0wgu.jpg,
https://wx1.sinaimg.cn/large/005E5yvIgy1hs2wlxfu34j32gj4df4qr.jpg,
https://wx1.sinaimg.cn/large/005E5yvIgy1hs7c7h79bgj31oe2zd7wi.jpg,
https://wx1.sinaimg.cn/large/005E5yvIgy1hs7c7hi5onj32c02c0b2a.jpg,
https://wx1.sinaimg.cn/large/005E5yvIgy1hshhc3fscjj32c0340u0y.jpg,
https://wx1.sinaimg.cn/large/005E5yvIgy1hsk56yual9j31qy33we81.jpg,
https://wx1.sinaimg.cn/large/005E5yvIgy1hsngvlds85j34mo2lru10.jpg,
https://wx1.sinaimg.cn/large/005E5yvIgy1ht63jl4a6hj314b0u00yd.jpg,
https://wx1.sinaimg.cn/large/005E5yvIgy1ht67vuyi72j30u01hctk5.jpg,
https://wx1.sinaimg.cn/large/005E5yvIgy1htud1pmrs8j32cn4eohdv.jpg,
https://wx1.sinaimg.cn/large/005E5yvIgy1htud1uwdrsj32c24eob2b.jpg,
https://wx1.sinaimg.cn/large/005E5yvIgy1huo649nek3j322m4eohdu.jpg,
https://wx1.sinaimg.cn/large/005E5yvIly1hpfzbtec30j32da47re82.jpg,
https://wx1.sinaimg.cn/large/005E5yvIly1hpsh1vj8c5j30u01t1wpw.jpg,
https://wx1.sinaimg.cn/large/005E5yvIly1hpsh1vldmxj30u01t17b0.jpg,
https://wx1.sinaimg.cn/large/005E5yvIly1hpycppmd2aj30xc18gqrc.jpg,
https://wx1.sinaimg.cn/large/005E5yvIly1hpza5o1k5kj33uw2klx6s.jpg,
https://wx1.sinaimg.cn/large/005E5yvIly1hpza5vaf00j33uw2ei1l0.jpg,
https://wx1.sinaimg.cn/large/005E5yvIly1hpza637vv6j33uw2kl4qs.jpg,
https://wx1.sinaimg.cn/large/005E5yvIly1hqnmkzy0zoj30u01t1qas.jpg,
https://wx1.sinaimg.cn/large/005E5yvIly1hqnml18ey1j30u01t1akt.jpg,
https://wx1.sinaimg.cn/large/005E5yvIly1hqrkayfdehj31c92dshdt.jpg,
https://wx1.sinaimg.cn/large/005E5yvIly1hrdbcvmum6j31i82oehdu.jpg,
https://wx1.sinaimg.cn/large/005E5yvIly1hrdbcvqgvgj31nh2xqhdu.jpg,
https://wx1.sinaimg.cn/large/005E5yvIly1hrhwzu8h9fj30u01hetfp.jpg,
https://wx1.sinaimg.cn/large/005E5yvIly1hrhwzwdj44j31he0u0ahw.jpg,
https://wx1.sinaimg.cn/large/005E5yvIly1hrhwzwfteij30u01he11a.jpg,
https://wx1.sinaimg.cn/large/005E5yvIly1hrnhln6ookj30zu12mtgp.jpg,
https://wx1.sinaimg.cn/large/005E5yvIly1hrnhlndwtmj30zu1rjamo.jpg,
https://wx1.sinaimg.cn/large/005E5yvIly1hrp77zcoo7j30u01t1jzv.jpg,
https://wx1.sinaimg.cn/large/005E5yvIly1hrvtmqf8bgj31o02yox6p.jpg,
https://wx1.sinaimg.cn/large/005E5yvIly1hs05jg51wyj325o0zunpf.jpg,
https://wx1.sinaimg.cn/large/005E5yvIly1hs05ji9sl5j325o0zuu0x.jpg,
https://wx1.sinaimg.cn/large/005E5yvIly1hs05jjld42j325o0zuu0x.jpg,
https://wx1.sinaimg.cn/large/005E5yvIly1hs05jl6oa4j325o0zu4qs.jpg,
https://wx1.sinaimg.cn/large/005E5yvIly1hs9ex1egxlj32wg55uqv6.jpg,
https://wx1.sinaimg.cn/large/005E5yvIly1hsamz8rs28j30u01hcn42.jpg,
https://wx1.sinaimg.cn/large/005E5yvIly1hscz8dwo4uj31c92dshdt.jpg,
https://wx1.sinaimg.cn/large/005E5yvIly1hshwaph531j32bu453qv6.jpg,
https://wx1.sinaimg.cn/large/005E5yvIly1hshwaunqz4j32eu4ad7wj.jpg,
https://wx1.sinaimg.cn/large/005E5yvIly1hshwaxu3epj355u2wg7wk.jpg,
https://wx1.sinaimg.cn/large/005E5yvIly1hshwayhq75j355u2wg1l2.jpg,
https://wx1.sinaimg.cn/large/005E5yvIly1hshwaz22mij355u2wg1l1.jpg,
https://wx1.sinaimg.cn/large/005E5yvIly1htbwof2olhj30u01t14b9.jpg,
https://wx1.sinaimg.cn/large/005E5yvIly1hte3z2tl44j32c0340hdv.jpg,
https://wx1.sinaimg.cn/large/005E5yvIly1htefwr5l5jj33342801kz.jpg,
https://wx1.sinaimg.cn/large/005E5yvIly1hteh3a4wa3j32233347wi.jpg,
https://wx1.sinaimg.cn/large/005E5yvIly1htt7vsvtduj30zu25ok36.jpg,
https://wx1.sinaimg.cn/large/005E5yvIly1htte9pe2d6j30zu0zf4aa.jpg,
https://wx1.sinaimg.cn/large/005E5yvIly1htte9pphq4j30tc1c2dvm.jpg,
https://wx1.sinaimg.cn/large/005E5yvIly1htte9qwcamj32c0340x6r.jpg,
https://wx1.sinaimg.cn/large/005E5yvIly1htte9s2cmqj32c0340qv6.jpg,
https://wx1.sinaimg.cn/large/005E5yvIly1hturs0lltsj325o0zu1kx.jpg,
https://wx1.sinaimg.cn/large/005E5yvIly1hv2a77ofu9j31fk2jpken.jpg,
https://wx1.sinaimg.cn/large/005E5yvIly1hv4hk3jyoej32c0340kjn.jpg,
https://wx1.sinaimg.cn/large/005E5yvIly1hv4hkda5a8j33402c0u0y.jpg,
https://wx1.sinaimg.cn/large/005E5yvIly1hv4hkevuvqj32c0340hdu.jpg,
https://wx1.sinaimg.cn/large/005E5yvIly1hv5ppo26m8j31r0340b29.jpg,
https://wx1.sinaimg.cn/large/005Q0V9bgy1hpi41dypp4j30u01hf0x6.jpg,
https://wx1.sinaimg.cn/large/005tsGRrgy1hpg8trwmd9j33344monpf.jpg,
https://wx1.sinaimg.cn/large/005tsGRrgy1hpg8ttbe4aj323s35snpd.jpg,
https://wx1.sinaimg.cn/large/006THKAHgy1hsgsuhnlmvj32c03401l0.jpg,
https://wx1.sinaimg.cn/large/006bAwRggy1hsz68mq3ijj30u05jbb2a.jpg,
https://wx1.sinaimg.cn/large/006bAwRggy1hsz68nrqxrj30u03lekjl.jpg,
https://wx1.sinaimg.cn/large/006bAwRggy1hsz68p8dkxj30u0411hdt.jpg,
https://wx1.sinaimg.cn/large/007IC2c2ly1hqht5mdj2zj31z40zke4n.jpg,
https://wx1.sinaimg.cn/large/0085nJ5Rgy1hpg1z4qte4j336o4s01l3.jpg,
https://wx1.sinaimg.cn/large/0085nJ5Rgy1hpg1z54amsj34s036ou12.jpg,
https://wx1.sinaimg.cn/large/0088Ue8Qgy1hs42m8aygsj30u025p4qp.jpg,
https://wx1.sinaimg.cn/large/0088Ue8Qgy1hs42ma6o13j30u050ee81.jpg,
https://wx1.sinaimg.cn/large/008Fwmfcgy1hspzmvrzhlj30u03y4npd.jpg,
https://wx1.sinaimg.cn/large/008Fwmfcgy1hteb6nic9cj30u0548npd.jpg,
https://wx1.sinaimg.cn/large/008Fwmfcgy1hteb6qybxoj30u044xkjl.jpg,
https://wx1.sinaimg.cn/large/008Fwmfcgy1hteb6rrum1j30u03rzkjj.jpg,
https://wx1.sinaimg.cn/large/008av8Hogy1hrel9li9fbj32yo1o0npd.jpg,
https://wx1.sinaimg.cn/large/008av8Hogy1hrela88v4pj32yo1o0npd.jpg,
https://wx1.sinaimg.cn/large/008ccBPPgy1hphk4y9qx5j31yx2n47wh.jpg,
https://wx1.sinaimg.cn/large/008gpqeKgy1htihuzv808j32tc480u0y.jpg,
https://wx1.sinaimg.cn/large/008gpqeKgy1htihuzyf2aj32tc4807wj.jpg,
https://wx1.sinaimg.cn/large/008gpqeKgy1htihv037ftj34802tckjp.jpg,
https://wx1.sinaimg.cn/large/008gpqeKgy1htihv0nx7ej32tc4801kz.jpg,
https://wx1.sinaimg.cn/large/008gpqeKgy1htiihy9faoj34802tce84.jpg,
https://wx1.sinaimg.cn/large/6dd57c31gy1hte5uixmebj21jk15okjl.jpg,
https://wx1.sinaimg.cn/large/6dd57c31gy1hte5uqacjgj21jk15o4qp.jpg,
https://wx1.sinaimg.cn/large/6dd57c31gy1hte5uuyoufj21jk223npd.jpg,
https://wx1.sinaimg.cn/large/7a3c43bagy1htbrucl0a2j22pg1wwe82.jpg,
https://wx1.sinaimg.cn/large/de8ae2f5gy1hpi1zj1qe8j22ow4ds7wi.jpg,
https://wx1.sinaimg.cn/large/de8ae2f5gy1hpi1zj3ym2j22k03dge83.jpg,
https://wx1.sinaimg.cn/orj480/005E5yvIgy1hunaq5t0c0j31hc0u0n85.jpg,
https://wx1.sinaimg.cn/orj480/005E5yvIly1hpyfnasnvlj30u0141tlw.jpg,
https://wx1.sinaimg.cn/orj480/006xy7Ihgy1hr2weh9muej30om0wvq9v.jpg,
https://wx1.sinaimg.cn/orj480/008av8Hogy1hs9rtsd3nbj31hc0u0b2a.jpg,
https://wx1.sinaimg.cn/orj480/008gpqeKly1hv1zf3pfu3j31hc0u01kx.jpg,
https://wx2.sinaimg.cn/large/005E5yvIgy1hpmx4nxf77j34qn35rkjp.jpg,
https://wx2.sinaimg.cn/large/005E5yvIgy1hpmx4od9knj34qn35rb2d.jpg,
https://wx2.sinaimg.cn/large/005E5yvIgy1hptuke99wnj347r2da7wj.jpg,
https://wx2.sinaimg.cn/large/005E5yvIgy1hptukecavbj32da47rhdv.jpg,
https://wx2.sinaimg.cn/large/005E5yvIgy1hptukekd5hj32da47rqv7.jpg,
https://wx2.sinaimg.cn/large/005E5yvIgy1hptukekzgej32da47r1l0.jpg,
https://wx2.sinaimg.cn/large/005E5yvIgy1hptukemk14j32da47rkjn.jpg,
https://wx2.sinaimg.cn/large/005E5yvIgy1hptukewjrej347r2dax6r.jpg,
https://wx2.sinaimg.cn/large/005E5yvIgy1hptukfottdj32da47r4qt.jpg,
https://wx2.sinaimg.cn/large/005E5yvIgy1hqfupcp8j9j30u01404an.jpg,
https://wx2.sinaimg.cn/large/005E5yvIgy1hqwu55shu9j31nc2xie81.jpg,
https://wx2.sinaimg.cn/large/005E5yvIgy1hqwu56xam5j31he2mw1ky.jpg,
https://wx2.sinaimg.cn/large/005E5yvIgy1hqxbyaro9gj31r03404qr.jpg,
https://wx2.sinaimg.cn/large/005E5yvIgy1hr5be253s4j31r03407wj.jpg,
https://wx2.sinaimg.cn/large/005E5yvIgy1hr7lftn56dj31o02yob2a.jpg,
https://wx2.sinaimg.cn/large/005E5yvIgy1hr8vvlklbvj30u0140qad.jpg,
https://wx2.sinaimg.cn/large/005E5yvIgy1hrb2moqnwcj31ny2yohdt.jpg,
https://wx2.sinaimg.cn/large/005E5yvIgy1hrb2n531pqj32wy4dfkjn.jpg,
https://wx2.sinaimg.cn/large/005E5yvIgy1hrb2n6uzxrj32wg55uu13.jpg,
https://wx2.sinaimg.cn/large/005E5yvIgy1hrlkpoayn9j31nl2xy7wi.jpg,
https://wx2.sinaimg.cn/large/005E5yvIgy1hrmoaq04pij30u01hdth5.jpg,
https://wx2.sinaimg.cn/large/005E5yvIgy1hrmoaq6npqj30u01hctgl.jpg,
https://wx2.sinaimg.cn/large/005E5yvIgy1hrmoas6jknj30u0140n3g.jpg,
https://wx2.sinaimg.cn/large/005E5yvIgy1hrq4zv15dlj325o0zux2h.jpg,
https://wx2.sinaimg.cn/large/005E5yvIgy1hrs5opzbkfj30zu25o4qp.jpg,
https://wx2.sinaimg.cn/large/005E5yvIgy1hrtoxr5pc4j31r03407wi.jpg,
https://wx2.sinaimg.cn/large/005E5yvIgy1hs1bcobo68j30u012udlu.jpg,
https://wx2.sinaimg.cn/large/005E5yvIgy1hs7c7g8xooj31r0340npe.jpg,
https://wx2.sinaimg.cn/large/005E5yvIgy1hshhc4hkxdj32c0340e82.jpg,
https://wx2.sinaimg.cn/large/005E5yvIgy1hshhc594hgj32c03407wj.jpg,
https://wx2.sinaimg.cn/large/005E5yvIgy1hsk5706xeqj31r0340kjl.jpg,
https://wx2.sinaimg.cn/large/005E5yvIgy1ht67vurj5rj30u01hc7eg.jpg,
https://wx2.sinaimg.cn/large/005E5yvIgy1ht67vuy4lmj30u01bodrj.jpg,
https://wx2.sinaimg.cn/large/005E5yvIgy1ht76kdul9fj31ja2qa7wi.jpg,
https://wx2.sinaimg.cn/large/005E5yvIgy1ht76ke199yj31u039ce82.jpg,
https://wx2.sinaimg.cn/large/005E5yvIgy1ht76keo7vyj31tz39bkjm.jpg,
https://wx2.sinaimg.cn/large/005E5yvIgy1ht76keuo81j31i22o4qv6.jpg,
https://wx2.sinaimg.cn/large/005E5yvIgy1ht76kfv102j31tz39bnpf.jpg,
https://wx2.sinaimg.cn/large/005E5yvIgy1htqx28zld4j31r0340x6p.jpg,
https://wx2.sinaimg.cn/large/005E5yvIgy1htud1wv33kj325e3tkqv8.jpg,
https://wx2.sinaimg.cn/large/005E5yvIgy1htud21yzfhj32cg466x6q.jpg,
https://wx2.sinaimg.cn/large/005E5yvIgy1huobbyzr06j32c0340u0x.jpg,
https://wx2.sinaimg.cn/large/005E5yvIgy1hurx2ja916j31ff2jonpa.jpg,
https://wx2.sinaimg.cn/large/005E5yvIgy1huz3ecw25nj34eo2h9u0y.jpg,
https://wx2.sinaimg.cn/large/005E5yvIgy1hv2jhdbd4qj32c0340qv7.jpg,
https://wx2.sinaimg.cn/large/005E5yvIly1hpc8kj2b06j32c03407wk.jpg,
https://wx2.sinaimg.cn/large/005E5yvIly1hpfzbtldr2j32ac42ehdu.jpg,
https://wx2.sinaimg.cn/large/005E5yvIly1hpfzbtzv2dj32da47ru0y.jpg,
https://wx2.sinaimg.cn/large/005E5yvIly1hpfzbu1jylj32bu452qv6.jpg,
https://wx2.sinaimg.cn/large/005E5yvIly1hpydn06cuuj32da47rb2c.jpg,
https://wx2.sinaimg.cn/large/005E5yvIly1hpza5zw00zj33uw2c4kjo.jpg,
https://wx2.sinaimg.cn/large/005E5yvIly1hpza677igzj33uw2gl1l1.jpg,
https://wx2.sinaimg.cn/large/005E5yvIly1hpza6altmyj33uw2io1l0.jpg,
https://wx2.sinaimg.cn/large/005E5yvIly1hpza6erzo3j33uw2hfe84.jpg,
https://wx2.sinaimg.cn/large/005E5yvIly1hqnml0i2poj30u01t1wos.jpg,
https://wx2.sinaimg.cn/large/005E5yvIly1hqnml0jdjmj30u01t1478.jpg,
https://wx2.sinaimg.cn/large/005E5yvIly1hqnml2josbj30u01t14bj.jpg,
https://wx2.sinaimg.cn/large/005E5yvIly1hqnml2lhakj30u01t1qfw.jpg,
https://wx2.sinaimg.cn/large/005E5yvIly1hqoxjk6pw1j30u0140n6u.jpg,
https://wx2.sinaimg.cn/large/005E5yvIly1hr9ov50tvmj30zu0f6jtd.jpg,
https://wx2.sinaimg.cn/large/005E5yvIly1hrdbcvi83xj31ms2wh7wi.jpg,
https://wx2.sinaimg.cn/large/005E5yvIly1hrhwzwc23rj31he0u0qac.jpg,
https://wx2.sinaimg.cn/large/005E5yvIly1hrp77z7ap9j30u01t1gvw.jpg,
https://wx2.sinaimg.cn/large/005E5yvIly1hrp77zm4ffj30u01t1amf.jpg,
https://wx2.sinaimg.cn/large/005E5yvIly1hrvtmq4v17j31o02yonpd.jpg,
https://wx2.sinaimg.cn/large/005E5yvIly1hrvtmqeho6j31o02yox6p.jpg,
https://wx2.sinaimg.cn/large/005E5yvIly1hrvtmqvhjnj31o02you0x.jpg,
https://wx2.sinaimg.cn/large/005E5yvIly1hs05l3ymvgj325o0zuqv8.jpg,
https://wx2.sinaimg.cn/large/005E5yvIly1hs555mteczj34eo309npj.jpg,
https://wx2.sinaimg.cn/large/005E5yvIly1hs9ex2b49pj32wg55u7wj.jpg,
https://wx2.sinaimg.cn/large/005E5yvIly1hsamz9g6x2j30u01hc178.jpg,
https://wx2.sinaimg.cn/large/005E5yvIly1hscz8dfptbj31c92dse81.jpg,
https://wx2.sinaimg.cn/large/005E5yvIly1hshwansofvj31xl3fr7wi.jpg,
https://wx2.sinaimg.cn/large/005E5yvIly1hshwb0w9ulj32wg55ub2f.jpg,
https://wx2.sinaimg.cn/large/005E5yvIly1htbwoj3l5ej30u01t17k4.jpg,
https://wx2.sinaimg.cn/large/005E5yvIly1hte3z2dcoij32c03407wj.jpg,
https://wx2.sinaimg.cn/large/005E5yvIly1hte3z2gtzkj32c03401kz.jpg,
https://wx2.sinaimg.cn/large/005E5yvIly1htf0kwjxdwj3334223x6q.jpg,
https://wx2.sinaimg.cn/large/005E5yvIly1htf0labvnsj32233341ky.jpg,
https://wx2.sinaimg.cn/large/005E5yvIly1htte9p6p5ij30zu0k3gxa.jpg,
https://wx2.sinaimg.cn/large/005E5yvIly1htte9q8cpqj31lz33ykjl.jpg,
https://wx2.sinaimg.cn/large/005E5yvIly1htte9qubymj31u039cqv5.jpg,
https://wx2.sinaimg.cn/large/005E5yvIly1htte9s5oqaj333y1r4x6q.jpg,
https://wx2.sinaimg.cn/large/005E5yvIly1hturrzc04hj325o0zu1kx.jpg,
https://wx2.sinaimg.cn/large/005E5yvIly1huu0bjx08bj31c92dsnpd.jpg,
https://wx2.sinaimg.cn/large/005E5yvIly1hv2a78fb04j31q832ob29.jpg,
https://wx2.sinaimg.cn/large/005E5yvIly1hv4hk71moaj32c0340x6p.jpg,
https://wx2.sinaimg.cn/large/005E5yvIly1hv4hk9euomj32c03401l0.jpg,
https://wx2.sinaimg.cn/large/005E5yvIly1hv4hkgoyrgj32c03401kz.jpg,
https://wx2.sinaimg.cn/large/005E5yvIly1hv5pppvwqtj31j02prb29.jpg,
https://wx2.sinaimg.cn/large/005E5yvIly1hv6z551w7ij30zu25onpe.jpg,
https://wx2.sinaimg.cn/large/006NYvZXgy1hsah4l5mpjj30wi1iyn6i.jpg,
https://wx2.sinaimg.cn/large/006NYvZXgy1hsah4ln4gdj30wi1yctur.jpg,
https://wx2.sinaimg.cn/large/006bAwRggy1hsz68k5xtdj30u08k0b2b.jpg,
https://wx2.sinaimg.cn/large/006bAwRggy1hsz68lu791j30u059ynpe.jpg,
https://wx2.sinaimg.cn/large/006bAwRggy1hsz68pt83rj30u02rwquz.jpg,
https://wx2.sinaimg.cn/large/006cVj0fgy1htlwejydd0j33uw25sx6r.jpg,
https://wx2.sinaimg.cn/large/006cVj0fgy1htlwekm46mj30y30y31es.jpg,
https://wx2.sinaimg.cn/large/007IC2c2gy1hqh3iil0pzj30j64owhdu.jpg,
https://wx2.sinaimg.cn/large/007IC2c2ly1hqht5ed88gj31z40zkawg.jpg,
https://wx2.sinaimg.cn/large/007IC2c2ly1hqht5gtmflj30go3cux6q.jpg,
https://wx2.sinaimg.cn/large/007IC2c2ly1hqw8qctxznj30rr0rre81.jpg,
https://wx2.sinaimg.cn/large/007T2sSPgy1hs4og8c7fnj30qe1aynna.jpg,
https://wx2.sinaimg.cn/large/007vVrrJly1hpg85opmh5j34fs2yju10.jpg,
https://wx2.sinaimg.cn/large/0085nJ5Rgy1hpg1yynj6aj318228bhdt.jpg,
https://wx2.sinaimg.cn/large/0088Ue8Qgy1hs42m7d3pfj30u0296b29.jpg,
https://wx2.sinaimg.cn/large/0088Ue8Qgy1hs42m86bz1j30u028jquc.jpg,
https://wx2.sinaimg.cn/large/0088Ue8Qgy1hs42m8quawj30u02xab0o.jpg,
https://wx2.sinaimg.cn/large/008Fwmfcgy1hspzmuh2y1j30u02zpe81.jpg,
https://wx2.sinaimg.cn/large/008Fwmfcgy1hspzmyzfkyj34k22qfb2b.jpg,
https://wx2.sinaimg.cn/large/008Fwmfcgy1hspzn0mtp5j31e01uob29.jpg,
https://wx2.sinaimg.cn/large/008Fwmfcgy1hteb6efy3ij30u04opx6p.jpg,
https://wx2.sinaimg.cn/large/008Fwmfcgy1hteb6j4dgqj30u047wnpd.jpg,
https://wx2.sinaimg.cn/large/008av8Hogy1hrela3wgr6j32yo1o0kjm.jpg,
https://wx2.sinaimg.cn/large/008av8Hogy1hrela7wi53j32yo1o0kjm.jpg,
https://wx2.sinaimg.cn/large/008av8Hogy1hrenc0eae7j31hc0u0h4u.jpg,
https://wx2.sinaimg.cn/large/008gpqeKgy1htihv1whmbj34802tc1l1.jpg,
https://wx2.sinaimg.cn/large/008ifiQHly1huyrgn8okyj30u082mhdv.jpg,
https://wx2.sinaimg.cn/large/008webo2gy1hv0t821cfuj30u01w9e6b.jpg,
https://wx2.sinaimg.cn/large/008webo2gy1hv0t82b0kfj30u01xz7t9.jpg,
https://wx2.sinaimg.cn/large/008webo2gy1hv0t82fmi5j30u01xztvt.jpg,
https://wx2.sinaimg.cn/large/008yHXTzgy1hpw5rkcjakj30u0140gw3.jpg,
https://wx2.sinaimg.cn/large/008yHXTzgy1hpw5rmkwanj30u0140k1t.jpg,
https://wx2.sinaimg.cn/large/6dd57c31gy1hte5usfm5nj21jk223e81.jpg,
https://wx3.sinaimg.cn/large/005E5yvIgy1hpmx4o7808j335r4qnx6t.jpg,
https://wx3.sinaimg.cn/large/005E5yvIgy1hpmx4q5uksj34qn35rx6t.jpg,
https://wx3.sinaimg.cn/large/005E5yvIgy1hptuke3e5ej32da47re83.jpg,
https://wx3.sinaimg.cn/large/005E5yvIgy1hpx40nh7hhj31p535su0x.jpg,
https://wx3.sinaimg.cn/large/005E5yvIgy1hqec3p5lxaj30zu1ox1de.jpg,
https://wx3.sinaimg.cn/large/005E5yvIgy1hqec54a9pkj31r0340hdu.jpg,
https://wx3.sinaimg.cn/large/005E5yvIgy1hqq74etz12j32da47rqv8.jpg,
https://wx3.sinaimg.cn/large/005E5yvIgy1hqwu54ujf4j31mr2wg7wh.jpg,
https://wx3.sinaimg.cn/large/005E5yvIgy1hr7lfszszmj31o02yob2a.jpg,
https://wx3.sinaimg.cn/large/005E5yvIgy1hrb2mzedv2j32ex4aix6r.jpg,
https://wx3.sinaimg.cn/large/005E5yvIgy1hrb2n1dccvj32wg55u7wk.jpg,
https://wx3.sinaimg.cn/large/005E5yvIgy1hrb2n3qix3j32wg55uqv8.jpg,
https://wx3.sinaimg.cn/large/005E5yvIgy1hrb2n42q3wj355u2wg4qt.jpg,
https://wx3.sinaimg.cn/large/005E5yvIgy1hrlkpoezfij31r0340npe.jpg,
https://wx3.sinaimg.cn/large/005E5yvIgy1hrs5ophiprj30zt0lmjzm.jpg,
https://wx3.sinaimg.cn/large/005E5yvIgy1hrtoxpxbtyj31r0340u0y.jpg,
https://wx3.sinaimg.cn/large/005E5yvIgy1hrtoxqgc4bj31r0340u0y.jpg,
https://wx3.sinaimg.cn/large/005E5yvIgy1hrtoxrnrr7j31r0340kjm.jpg,
https://wx3.sinaimg.cn/large/005E5yvIgy1hrtoxs601uj31r0340b2b.jpg,
https://wx3.sinaimg.cn/large/005E5yvIgy1hs7c7g1r7yj31r03407wi.jpg,
https://wx3.sinaimg.cn/large/005E5yvIgy1hs7c7g6rqij31r03407wi.jpg,
https://wx3.sinaimg.cn/large/005E5yvIgy1ht4zemdi5yj31u039chdv.jpg,
https://wx3.sinaimg.cn/large/005E5yvIgy1ht67vuzklgj30u01hc151.jpg,
https://wx3.sinaimg.cn/large/005E5yvIgy1ht76khr2urj31u039cx6r.jpg,
https://wx3.sinaimg.cn/large/005E5yvIgy1htud218mmsj32cy4eo7wk.jpg,
https://wx3.sinaimg.cn/large/005E5yvIgy1htud21uadsj32wg55uu11.jpg,
https://wx3.sinaimg.cn/large/005E5yvIgy1htud23o117j32wg55uqvc.jpg,
https://wx3.sinaimg.cn/large/005E5yvIgy1htud23wpfyj32wg55ue86.jpg,
https://wx3.sinaimg.cn/large/005E5yvIgy1huqla81qyhj325o0zuhdu.jpg,
https://wx3.sinaimg.cn/large/005E5yvIgy1hurx28fldrj31r0340hdt.jpg,
https://wx3.sinaimg.cn/large/005E5yvIgy1hurx2hicfcj31r0340npd.jpg,
https://wx3.sinaimg.cn/large/005E5yvIly1hpfzbue6j5j32da47ru0z.jpg,
https://wx3.sinaimg.cn/large/005E5yvIly1hpza5rg1ypj32lr3u2npf.jpg,
https://wx3.sinaimg.cn/large/005E5yvIly1hqnml2bpnpj30u01t1gyk.jpg,
https://wx3.sinaimg.cn/large/005E5yvIly1hqnml2fgmdj30u01t1gxe.jpg,
https://wx3.sinaimg.cn/large/005E5yvIly1hrdbcv70rtj31k32rr7wi.jpg,
https://wx3.sinaimg.cn/large/005E5yvIly1hrdbcvz6mtj31l62tmnpe.jpg,
https://wx3.sinaimg.cn/large/005E5yvIly1hrdbcwf8djj31or300x6r.jpg,
https://wx3.sinaimg.cn/large/005E5yvIly1hrdbcwu1fgj31r23404qs.jpg,
https://wx3.sinaimg.cn/large/005E5yvIly1hrhwze503vj30u01hc11v.jpg,
https://wx3.sinaimg.cn/large/005E5yvIly1hrhwzw3nazj30u01heqab.jpg,
https://wx3.sinaimg.cn/large/005E5yvIly1hrhwzwinioj31he0u0gtk.jpg,
https://wx3.sinaimg.cn/large/005E5yvIly1hrvtmql4n9j31o02yox6p.jpg,
https://wx3.sinaimg.cn/large/005E5yvIly1hrvtmr3q1nj31o02yo1ky.jpg,
https://wx3.sinaimg.cn/large/005E5yvIly1hs9ex1kd9dj32wg55ue83.jpg,
https://wx3.sinaimg.cn/large/005E5yvIly1hscz8diyrvj31c92dshdt.jpg,
https://wx3.sinaimg.cn/large/005E5yvIly1htbwoimeiij30u01t1dtw.jpg,
https://wx3.sinaimg.cn/large/005E5yvIly1hte3z33z67j32c0340b2b.jpg,
https://wx3.sinaimg.cn/large/005E5yvIly1htefwv326mj3223334u0x.jpg,
https://wx3.sinaimg.cn/large/005E5yvIly1hteh3fbtrsj33342234qr.jpg,
https://wx3.sinaimg.cn/large/005E5yvIly1htf0lf6cm5j33342237wi.jpg,
https://wx3.sinaimg.cn/large/005E5yvIly1htte9r5hvjj31u039ckjm.jpg,
https://wx3.sinaimg.cn/large/005E5yvIly1hv2a76ordij31q732mb29.jpg,
https://wx3.sinaimg.cn/large/005E5yvIly1hv2a7782bgj31q832o7wh.jpg,
https://wx3.sinaimg.cn/large/005E5yvIly1hv4hkbebruj32c03401l0.jpg,
https://wx3.sinaimg.cn/large/005E5yvIly1hv5ppm6lqgj31r0340kjl.jpg,
https://wx3.sinaimg.cn/large/005E5yvIly1hv5ppn80w0j31r0340e81.jpg,
https://wx3.sinaimg.cn/large/005E5yvIly1hv5pponnlcj31r0340b29.jpg,
https://wx3.sinaimg.cn/large/005E5yvIly1hv6wy9ds8pj327o3xonpe.jpg,
https://wx3.sinaimg.cn/large/005E5yvIly1hv6z51n5eqj30zu25o7wi.jpg,
https://wx3.sinaimg.cn/large/005Q0V9bgy1hpi41era1fj30u01hfdk6.jpg,
https://wx3.sinaimg.cn/large/005tsGRrgy1hpg8ssd4i5j34mo334qv7.jpg,
https://wx3.sinaimg.cn/large/006NYvZXgy1hsagm97qt4j31qi30mx6q.jpg,
https://wx3.sinaimg.cn/large/006bAwRggy1hsz68rayc9j30u043eu0x.jpg,
https://wx3.sinaimg.cn/large/006cVj0fgy1hqx5c3941ij30z01aone7.jpg,
https://wx3.sinaimg.cn/large/007IC2c2ly1hpgrnd6537j30qo1hc4dd.jpg,
https://wx3.sinaimg.cn/large/007IC2c2ly1hqmq19ga5wj30ku0e5dj3.jpg,
https://wx3.sinaimg.cn/large/0085nJ5Rgy1hpg1z16wt7j325n3oju0y.jpg,
https://wx3.sinaimg.cn/large/0085nJ5Rgy1hpg1z4ez42j336o4s04qu.jpg,
https://wx3.sinaimg.cn/large/0085nJ5Rgy1hpg1z4s1paj32r74inkjs.jpg,
https://wx3.sinaimg.cn/large/0088Ue8Qgy1hs42m9qsuyj30u053fb29.jpg,
https://wx3.sinaimg.cn/large/008Fwmfcgy1hspzmzrbbtj30k017641h.jpg,
https://wx3.sinaimg.cn/large/008Fwmfcgy1hteb5zisiaj30u020yqnx.jpg,
https://wx3.sinaimg.cn/large/008Fwmfcgy1hteb621e4vj30u06tab2a.jpg,
https://wx3.sinaimg.cn/large/008Fwmfcgy1hteb6cxbz3j30u03y8b29.jpg,
https://wx3.sinaimg.cn/large/008Fwmfcgy1hteb6h1xwbj31e01uo4qp.jpg,
https://wx3.sinaimg.cn/large/008Fwmfcgy1hteb6i5f2cj34k22qf7wj.jpg,
https://wx3.sinaimg.cn/large/008Fwmfcgy1hteb6mnsj5j30u02pwqqx.jpg,
https://wx3.sinaimg.cn/large/008Fwmfcgy1hteb6oztbkj30u02k1aui.jpg,
https://wx3.sinaimg.cn/large/008av8Hogy1hreldl6k1kj32yo1o0npe.jpg,
https://wx3.sinaimg.cn/large/008ccBPPgy1hphk4x48h1j32c03401kz.jpg,
https://wx3.sinaimg.cn/large/008eP7XZly1hpgsm97oqhj335s2dcnpe.jpg,
https://wx3.sinaimg.cn/large/008gpqeKgy1htihuzwui4j34802tc7wl.jpg,
https://wx3.sinaimg.cn/large/008gpqeKgy1htihv16jlsj34802tchdy.jpg,
https://wx3.sinaimg.cn/large/008ifiQHly1huyrg4mvl7j30tkcn27wl.jpg,
https://wx3.sinaimg.cn/large/008ifiQHly1huyrg7opo1j30u09g5u0z.jpg,
https://wx3.sinaimg.cn/large/008ifiQHly1huyrgfscstj33xq2mikjl.jpg,
https://wx3.sinaimg.cn/large/008ifiQHly1huyrkze6lzj30dw0dwad6.jpg,
https://wx3.sinaimg.cn/large/008ifiQHly1huyrkze7orj30dw0dwgoz.jpg,
https://wx3.sinaimg.cn/large/008webo2gy1hv0t82n5uhj30u01xzhae.jpg,
https://wx3.sinaimg.cn/large/008yHXTzgy1hpw5rjlybij30u0140gw7.jpg,
https://wx3.sinaimg.cn/large/008yHXTzgy1hpw5rkvljfj30u0140wou.jpg,
https://wx3.sinaimg.cn/large/6dd57c31gy1hte5ucieybj21jk223npd.jpg,
https://wx3.sinaimg.cn/large/6dd57c31gy1hte5uom76dj21jk15onm2.jpg,
https://wx3.sinaimg.cn/large/7a3c43bagy1htbru5pqj6j237r3hcqv5.jpg,
https://wx3.sinaimg.cn/orj480/005E5yvIgy1htkt0zy6m4j30u0141kf7.jpg,
https://wx3.sinaimg.cn/orj480/005tqFNUgy1hphelpa386j30u01hc0u2.jpg,
https://wx4.sinaimg.cn/crop.0.6.1920.1067/007IC2c2gy1hqtbbyjlazj31hc0u04a3.jpg,
https://wx4.sinaimg.cn/large/005E5yvIgy1hpmx4o6urwj335r4qnnph.jpg,
https://wx4.sinaimg.cn/large/005E5yvIgy1hpmx4o7svaj34qn35rx6t.jpg,
https://wx4.sinaimg.cn/large/005E5yvIgy1hpmx4ohra6j335r4qnkjq.jpg,
https://wx4.sinaimg.cn/large/005E5yvIgy1hpmx4oknkej335r4qnx6t.jpg,
https://wx4.sinaimg.cn/large/005E5yvIgy1hptukdzrqfj347r2da7wj.jpg,
https://wx4.sinaimg.cn/large/005E5yvIgy1hpxfvlcx67j32da47rkjn.jpg,
https://wx4.sinaimg.cn/large/005E5yvIgy1hqec3y913jj31gf2l7kjl.jpg,
https://wx4.sinaimg.cn/large/005E5yvIgy1hqec537hxvj31e62h9b2a.jpg,
https://wx4.sinaimg.cn/large/005E5yvIgy1hqec5c0desj31r03401ky.jpg,
https://wx4.sinaimg.cn/large/005E5yvIgy1hqec6yx9q9j30u0190gr4.jpg,
https://wx4.sinaimg.cn/large/005E5yvIgy1hqmtvixb17j30zu25o4qp.jpg,
https://wx4.sinaimg.cn/large/005E5yvIgy1hqq74drfrwj31pu31z4qq.jpg,
https://wx4.sinaimg.cn/large/005E5yvIgy1hqq74euy1fj32da47rhdw.jpg,
https://wx4.sinaimg.cn/large/005E5yvIgy1hqsiavhnrij33a24dfhdu.jpg,
https://wx4.sinaimg.cn/large/005E5yvIgy1hqwu54xcchj31mw2wu7wh.jpg,
https://wx4.sinaimg.cn/large/005E5yvIgy1hqwu567pctj31r0340qv5.jpg,
https://wx4.sinaimg.cn/large/005E5yvIgy1hqwu56zqtvj31qz33yb2a.jpg,
https://wx4.sinaimg.cn/large/005E5yvIgy1hqxby99ml5j31c92dshdt.jpg,
https://wx4.sinaimg.cn/large/005E5yvIgy1hqxbyazw7sj31ko2srnpe.jpg,
https://wx4.sinaimg.cn/large/005E5yvIgy1hr5be0dfmlj31p130ihdu.jpg,
https://wx4.sinaimg.cn/large/005E5yvIgy1hr7lfpzc2nj30zu1m1ao2.jpg,
https://wx4.sinaimg.cn/large/005E5yvIgy1hr7lft1ykjj31o02yob2a.jpg,
https://wx4.sinaimg.cn/large/005E5yvIgy1hrb2mu4fo1j329o416b2a.jpg,
https://wx4.sinaimg.cn/large/005E5yvIgy1hrb2n0h6khj34eo2iz7wk.jpg,
https://wx4.sinaimg.cn/large/005E5yvIgy1hrb2n1dxesj32wg55ub2c.jpg,
https://wx4.sinaimg.cn/large/005E5yvIgy1hrmoaqjsmvj30u01hcjzm.jpg,
https://wx4.sinaimg.cn/large/005E5yvIgy1hrmoaqpe3lj30u01hcgua.jpg,
https://wx4.sinaimg.cn/large/005E5yvIgy1hrmoasdxihj30u0140agv.jpg,
https://wx4.sinaimg.cn/large/005E5yvIgy1hrq4zuubmyj325o0zue54.jpg,
https://wx4.sinaimg.cn/large/005E5yvIgy1hrtoxq645qj31r035de83.jpg,
https://wx4.sinaimg.cn/large/005E5yvIgy1hrun0nnn73j31r0340kjl.jpg,
https://wx4.sinaimg.cn/large/005E5yvIgy1hrun0om8vgj31r0340x6p.jpg,
https://wx4.sinaimg.cn/large/005E5yvIgy1hs1bcpm2v1j319n0u0wpk.jpg,
https://wx4.sinaimg.cn/large/005E5yvIgy1hs7c7ganc9j32a52bb7wi.jpg,
https://wx4.sinaimg.cn/large/005E5yvIgy1hshhc3lpr5j31sc2dsnpd.jpg,
https://wx4.sinaimg.cn/large/005E5yvIgy1hss8w1qpymj31oo2zwe82.jpg,
https://wx4.sinaimg.cn/large/005E5yvIgy1ht63jfmilaj31050u0wqf.jpg,
https://wx4.sinaimg.cn/large/005E5yvIgy1ht67vttxrej30u01hcgtl.jpg,
https://wx4.sinaimg.cn/large/005E5yvIgy1ht67vu2yqvj30u01hctht.jpg,
https://wx4.sinaimg.cn/large/005E5yvIgy1ht67vu3ghpj30u013pn62.jpg,
https://wx4.sinaimg.cn/large/005E5yvIgy1ht67vum7l4j30u01hdalj.jpg,
https://wx4.sinaimg.cn/large/005E5yvIgy1ht67vvce8uj30u01chgy3.jpg,
https://wx4.sinaimg.cn/large/005E5yvIgy1ht71kewwrzj31n52pvhdv.jpg,
https://wx4.sinaimg.cn/large/005E5yvIgy1ht76kf06loj31u039cu0y.jpg,
https://wx4.sinaimg.cn/large/005E5yvIgy1ht76kfo5h5j31u039be83.jpg,
https://wx4.sinaimg.cn/large/005E5yvIgy1ht76kgcqy2j31u039cqv7.jpg,
https://wx4.sinaimg.cn/large/005E5yvIgy1htqx293muuj31l32thkjl.jpg,
https://wx4.sinaimg.cn/large/005E5yvIgy1htud1uuzewj32cx4707wk.jpg,
https://wx4.sinaimg.cn/large/005E5yvIgy1huo648cd5cj31ld2ds1kx.jpg,
https://wx4.sinaimg.cn/large/005E5yvIgy1hurx2oahxqj31r0340hdt.jpg,
https://wx4.sinaimg.cn/large/005E5yvIgy1hurx2tgu5cj31r0340e81.jpg,
https://wx4.sinaimg.cn/large/005E5yvIgy1hv2jfxo00lj33402c0e81.jpg,
https://wx4.sinaimg.cn/large/005E5yvIly1hpfzbu0pzhj32dy46le82.jpg,
https://wx4.sinaimg.cn/large/005E5yvIly1hpza6ilhi6j32hx3s7qv7.jpg,
https://wx4.sinaimg.cn/large/005E5yvIly1hqnml2667lj30u01t14ae.jpg,
https://wx4.sinaimg.cn/large/005E5yvIly1hr9ov6fs55j30u01t1k28.jpg,
https://wx4.sinaimg.cn/large/005E5yvIly1hrccavuvkpj30sf0d5q43.jpg,
https://wx4.sinaimg.cn/large/005E5yvIly1hrhwzf1xgsj31900u0dmt.jpg,
https://wx4.sinaimg.cn/large/005E5yvIly1hrhwzwgkwxj30u01hewmn.jpg,
https://wx4.sinaimg.cn/large/005E5yvIly1hrp77xbc13j30x50u0wjz.jpg,
https://wx4.sinaimg.cn/large/005E5yvIly1hrvtmq95raj31jq2r2kjl.jpg,
https://wx4.sinaimg.cn/large/005E5yvIly1hrvtmq9nj7j31o02yokjl.jpg,
https://wx4.sinaimg.cn/large/005E5yvIly1hrvtmqxymyj31o02yoqv5.jpg,
https://wx4.sinaimg.cn/large/005E5yvIly1hs05jh9zioj325o0zuhdt.jpg,
https://wx4.sinaimg.cn/large/005E5yvIly1hs9ex41smxj32wg55ub2b.jpg,
https://wx4.sinaimg.cn/large/005E5yvIly1hshwawsuy6j32cx4707wj.jpg,
https://wx4.sinaimg.cn/large/005E5yvIly1hshwaxuoptj32wg55u4qt.jpg,
https://wx4.sinaimg.cn/large/005E5yvIly1htbwocl7paj30u01t1wq8.jpg,
https://wx4.sinaimg.cn/large/005E5yvIly1hteh5p5z4tj3334223x6r.jpg,
https://wx4.sinaimg.cn/large/005E5yvIly1htf0l5mymqj335q4qnu12.jpg,
https://wx4.sinaimg.cn/large/005E5yvIly1hturrzfcj7j30zu0gsdng.jpg,
https://wx4.sinaimg.cn/large/005E5yvIly1hturrzu2enj325o0zux2x.jpg,
https://wx4.sinaimg.cn/large/005E5yvIly1huonngktzrj31j02ps7wh.jpg,
https://wx4.sinaimg.cn/large/005E5yvIly1hupafe409yj30zu25ox6r.jpg,
https://wx4.sinaimg.cn/large/005E5yvIly1hv29hjudgxj30zu1rsnil.jpg,
https://wx4.sinaimg.cn/large/005E5yvIly1hv4hk1n93wj33401r07wj.jpg,
https://wx4.sinaimg.cn/large/005E5yvIly1hv4hk5pavbj32c0340u0z.jpg,
https://wx4.sinaimg.cn/large/005E5yvIly1hv5ppp9sp2j31r0340b29.jpg,
https://wx4.sinaimg.cn/large/005E5yvIly1hv700ii1pjj31s035snpe.jpg,
https://wx4.sinaimg.cn/large/005tsGRrgy1hpg8tmfjp8j33344mo7wj.jpg,
https://wx4.sinaimg.cn/large/006bAwRggy1hsz68hupm6j34605k0b2q.jpg,
https://wx4.sinaimg.cn/large/006bAwRggy1hsz68qlfmlj30u03lenpd.jpg,
https://wx4.sinaimg.cn/large/006cVj0fgy1hqx5db2avsj31mc2jo7wi.jpg,
https://wx4.sinaimg.cn/large/007IC2c2gy1hqh3iilovcj30j64lokjm.jpg,
https://wx4.sinaimg.cn/large/007T2sSPgy1hs4og9negpj30qe1ay1kx.jpg,
https://wx4.sinaimg.cn/large/007T2sSPgy1hs4ykvr05nj30qe94he8c.jpg,
https://wx4.sinaimg.cn/large/0085nJ5Rgy1hpg1z49t45j336o4s01l2.jpg,
https://wx4.sinaimg.cn/large/0085nJ5Rgy1hpg26q3i7uj32wx4ddqv9.jpg,
https://wx4.sinaimg.cn/large/008Fwmfcgy1hspzmwve9uj30u03y4kjl.jpg,
https://wx4.sinaimg.cn/large/008Fwmfcgy1hteb6b0h2qj30u038xb29.jpg,
https://wx4.sinaimg.cn/large/008Fwmfcgy1hteb6konu0j30u04u8npd.jpg,
https://wx4.sinaimg.cn/large/008Fwmfcgy1hteb6lu642j30u053hx6p.jpg,
https://wx4.sinaimg.cn/large/008Fwmfcgy1hteb6ob7ylj30u03em4qp.jpg,
https://wx4.sinaimg.cn/large/008Fwmfcgy1htfbbqbx1aj30u04xmkjm.jpg,
https://wx4.sinaimg.cn/large/008av8Hogy1hrel9yjy2bj32yo1o0kjm.jpg,
https://wx4.sinaimg.cn/large/008av8Hogy1hrela6my7zj32yo1o0kjm.jpg,
https://wx4.sinaimg.cn/large/008av8Hogy1hrencjomnnj32yo1o0npd.jpg,
https://wx4.sinaimg.cn/large/008ccBPPgy1hphk4z9b78j31vw2e5now.jpg,
https://wx4.sinaimg.cn/large/008gpqeKgy1htctrrimp3j30ku78mu0z.jpg,
https://wx4.sinaimg.cn/large/008gpqeKgy1htihv19elzj34802tcb2e.jpg,
https://wx4.sinaimg.cn/large/008ifiQHly1huyrg0zhx9j30u05md4qq.jpg,
https://wx4.sinaimg.cn/large/008ifiQHly1huyrgu5y05j33xr2miqv8.jpg,
https://wx4.sinaimg.cn/large/008ifiQHly1huyrgyp2xhj30u17w2u0y.jpg,
https://wx4.sinaimg.cn/large/008ifiQHly1huyrkze4yjj30dw0dwtbt.jpg,
https://wx4.sinaimg.cn/large/008ifiQHly1huyrkze8mdj30dw0dw41v.jpg,
https://wx4.sinaimg.cn/large/008ifiQHly1huyrkzeawbj30dw0dw0vc.jpg,
https://wx4.sinaimg.cn/large/008ifiQHly1huyrkzedg6j30dw0dwgp6.jpg,
https://wx4.sinaimg.cn/large/6dd57c31gy1hte5ugdnlxj21jk223hdt.jpg,
https://wx4.sinaimg.cn/large/6dd57c31gy1hte5ukxuhxj21jk15ox38.jpg,
https://wx4.sinaimg.cn/large/6dd57c31gy1hte5un60t5j21jk15o4qp.jpg,
https://wx4.sinaimg.cn/large/7a3c43bagy1htbrubxr8sj21tm1jsnpd.jpg,
https://wx4.sinaimg.cn/large/de8ae2f5gy1hpi1zj00jbj22ej4nsnpe.jpg,
https://wx4.sinaimg.cn/large/de8ae2f5gy1hpi1zjl73uj23gg56oqv8.jpg,
https://wx4.sinaimg.cn/orj480/005E5yvIly1hsj2qyhvwaj30u01414ew.jpg,
https://wx4.sinaimg.cn/orj480/007IC2c2gy1huu0ix7x5tj31hc0u0kjm.jpg,
https://wx4.sinaimg.cn/orj480/007ccotFgy1hrd6e65hq8j31hc0u04qq.jpg,
https://wx4.sinaimg.cn/orj480/008gpqeKgy1hrd3wbngprj318g0p0x3q.jpg