https://wx1.sinaimg.cn/large/0066PKAfgy1hcb3jz6n9ej30sh6f9x6s.jpg,
https://wx1.sinaimg.cn/large/0066PKAfgy1hcb3km8abjj30sh6f9b2b.jpg,
https://wx1.sinaimg.cn/large/0067Lrddgy1hkxwzez3vmj315o1e04qp.jpg,
https://wx1.sinaimg.cn/large/00681cWfgy1he516uzbbaj325137k1kz.jpg,
https://wx1.sinaimg.cn/large/00681cWfgy1he517d1cwzj325137kx6q.jpg,
https://wx1.sinaimg.cn/large/00681cWfgy1he517jx0moj325237k1kz.jpg,
https://wx1.sinaimg.cn/large/006D69oagy1ht02s7gkx1j33mo5g07wl.jpg,
https://wx1.sinaimg.cn/large/006Mukthly1hjr8gjd5haj347s6bkqvf.jpg,
https://wx1.sinaimg.cn/large/006SJccCly1hkuqxjlnu1j30sg0w07gu.jpg,
https://wx1.sinaimg.cn/large/006SJccCly1hkuqxjt4tgj30sg1c1tsj.jpg,
https://wx1.sinaimg.cn/large/006SJccCly1hkuqzhi52wj30sg0g0gof.jpg,
https://wx1.sinaimg.cn/large/006SJccCly1hkuqznumxfj30sg0g1q64.jpg,
https://wx1.sinaimg.cn/large/006hdkJkgy1hrp4o8u1u7j31900u0afz.jpg,
https://wx1.sinaimg.cn/large/006hdkJkgy1hrp4oc0u0aj31900u045u.jpg,
https://wx1.sinaimg.cn/large/006ixwxngy1hkx629av4bj31z48jlx6u.jpg,
https://wx1.sinaimg.cn/large/006ixwxngy1hkx629h7faj31z4c2h7wm.jpg,
https://wx1.sinaimg.cn/large/006ixwxngy1hkx629n67gj31jf545e84.jpg,
https://wx1.sinaimg.cn/large/007cNRq8gy1hjflhppc7hj34mo334x6u.jpg,
https://wx1.sinaimg.cn/large/007cNRq8gy1hjflhsznk1j34mo334he0.jpg,
https://wx1.sinaimg.cn/large/007cNRq8gy1hjfli0p193j33344mob2e.jpg,
https://wx1.sinaimg.cn/large/007rcPXRgy1ht10tta0uej32c03401kz.jpg,
https://wx1.sinaimg.cn/large/007v2HmQly1hb7z49q82bj30u0196ag3.jpg,
https://wx1.sinaimg.cn/large/007v2HmQly1hb7z4a1d9mj31900u0gtc.jpg,
https://wx1.sinaimg.cn/large/007v2HmQly1hb7z4e6v1nj30u0191wkp.jpg,
https://wx1.sinaimg.cn/large/007v2HmQly1hb8sz6wmt6j30u019e0y8.jpg,
https://wx1.sinaimg.cn/large/007v2HmQly1hbnrlgv98ij31900u0gtm.jpg,
https://wx1.sinaimg.cn/large/007v2HmQly1hbnrlubbo2j30u018zn5o.jpg,
https://wx1.sinaimg.cn/large/007v2HmQly1hc1q4uy3dej30u018zagn.jpg,
https://wx1.sinaimg.cn/large/007v2HmQly1hc1q4vz8r7j318z0u0tg1.jpg,
https://wx1.sinaimg.cn/large/007v2HmQly1hc1q4zconsj30u018zdni.jpg,
https://wx1.sinaimg.cn/large/007v2HmQly1hc1qmhj94rj30u018z466.jpg,
https://wx1.sinaimg.cn/large/007v2HmQly1hc1qntpu9hj318z0u0wlq.jpg,
https://wx1.sinaimg.cn/large/007v2HmQly1hjr161bzu2j364w43ckjx.jpg,
https://wx1.sinaimg.cn/large/007v2HmQly1hjr17tmh19j32de3k0kjo.jpg,
https://wx1.sinaimg.cn/large/007v2HmQly1hjzdzu80n3j30u01967cm.jpg,
https://wx1.sinaimg.cn/large/007v2HmQly1hjzdzw9s2pj30u0190gvq.jpg,
https://wx1.sinaimg.cn/large/007v2HmQly1hk0cta57kdj30u05eghdt.jpg,
https://wx1.sinaimg.cn/large/007v2HmQly1hk0ctbo5vjj32i00u0tup.jpg,
https://wx1.sinaimg.cn/large/007v2HmQly1hk0cte2uorj31990u0qbe.jpg,
https://wx1.sinaimg.cn/large/008C19KDgy1hq59mi8s0xj30sq06tta0.jpg,
https://wx1.sinaimg.cn/large/008C19KDgy1hq59miuozbj30tz0tdq7b.jpg,
https://wx1.sinaimg.cn/large/008bQ1pvgy1h9zyk2bfx5j34rh36d1kz.jpg,
https://wx1.sinaimg.cn/large/008bQ1pvgy1h9zykk03y2j30u0a9re84.jpg,
https://wx1.sinaimg.cn/large/008bQ1pvgy1ha00ivs2e9j32562561ky.jpg,
https://wx1.sinaimg.cn/large/008bQ1pvgy1hbdguz28ozj30yq0yqq99.jpg,
https://wx1.sinaimg.cn/large/008bQ1pvgy1hbdguzjro6j30yq0yrthc.jpg,
https://wx1.sinaimg.cn/large/008bQ1pvgy1hbdgv2rhsmj30yq0yqthd.jpg,
https://wx1.sinaimg.cn/large/008bQ1pvgy1hbdjep1vtzj30rb77sqv5.jpg,
https://wx1.sinaimg.cn/large/008bQ1pvgy1hg7rb7rfibj30yq0yq79e.jpg,
https://wx1.sinaimg.cn/large/008bQ1pvgy1hg7rb855akj30yr0yqdqd.jpg,
https://wx1.sinaimg.cn/large/008bQ1pvgy1hg7rbp10wkj30pacn1hdw.jpg,
https://wx1.sinaimg.cn/large/008bQ1pvgy1hi1xis0rquj30ij0ij0xz.jpg,
https://wx1.sinaimg.cn/large/008bQ1pvgy1hi1xjidt7qj32301jk1kx.jpg,
https://wx1.sinaimg.cn/large/008bQ1pvgy1hi1xyuarnzj30ij0ijgp1.jpg,
https://wx1.sinaimg.cn/large/008bQ1pvgy1hi1xyukgagj30ii0ijdkp.jpg,
https://wx1.sinaimg.cn/large/008bQ1pvgy1hi1xyv5em4j30ij0iijud.jpg,
https://wx1.sinaimg.cn/large/008bQ1pvgy1hi1xyvf6m3j30ii0iin15.jpg,
https://wx1.sinaimg.cn/large/62ff67c7gy1hr57sbn8xfj21o02801kz.jpg,
https://wx1.sinaimg.cn/large/62ff67c7gy1hr57si7mfxj22yo3y8kjo.jpg,
https://wx1.sinaimg.cn/large/62ff67c7gy1hr57sjojg2j21sc2ds4qq.jpg,
https://wx1.sinaimg.cn/large/6dc9747egy1hq22t05mjej26dc89l1l5.jpg,
https://wx1.sinaimg.cn/large/6dc9747egy1hq22vlugr5j248w6dcnpl.jpg,
https://wx1.sinaimg.cn/large/6dc9747egy1hq231awny7j26dc48wkjs.jpg,
https://wx1.sinaimg.cn/large/6dd57c31gy1hkup63786oj21jk2bcqv6.jpg,
https://wx1.sinaimg.cn/large/6dd57c31gy1hkup649on4j21jk2bcx6p.jpg,
https://wx1.sinaimg.cn/large/6dd57c31gy1hkup66ld1bj22bc1jk1kz.jpg,
https://wx1.sinaimg.cn/large/6dd57c31gy1hkup69jefqj21jk2bcb2a.jpg,
https://wx1.sinaimg.cn/large/6dd57c31gy1hkuppffo4ej22bc1jkqv6.jpg,
https://wx1.sinaimg.cn/large/6dd57c31gy1htpkbmfs7gj21jk2ba4qq.jpg,
https://wx1.sinaimg.cn/large/6dd57c31gy1htpkbti2fsj21jk1121kx.jpg,
https://wx1.sinaimg.cn/large/6dd57c31gy1hu185xcucwj21l3243e82.jpg,
https://wx1.sinaimg.cn/large/6dd57c31gy1hu185yp33kj21sc2dse83.jpg,
https://wx1.sinaimg.cn/large/6f5f4997gy1hkuqbvmgyhj22fc3uwb2e.jpg,
https://wx1.sinaimg.cn/large/6f5f4997gy1hkuqcd87maj22j63uwe89.jpg,
https://wx1.sinaimg.cn/large/6f5f4997gy1hkuqckkn3hj23uw2klu12.jpg,
https://wx1.sinaimg.cn/large/6f5f4997gy1hkuqdk9568j23uw2klb2d.jpg,
https://wx1.sinaimg.cn/large/6f5f4997gy1hr3sbq27jbj23344mo1l2.jpg,
https://wx1.sinaimg.cn/large/6f5f4997gy1hr3sc07dz5j24mo6y0e8f.jpg,
https://wx1.sinaimg.cn/large/6f91511fgy1hr2fn5ua6wj218y0u0qbg.jpg,
https://wx1.sinaimg.cn/large/6f91511fgy1hr2fn9hd10j20u018yn5n.jpg,
https://wx1.sinaimg.cn/large/6f91511fgy1hr2fn9y7kjj20u018yjzc.jpg,
https://wx1.sinaimg.cn/large/6f91511fgy1htzkqzpnebj20u01hc7fn.jpg,
https://wx1.sinaimg.cn/large/6f91511fgy1htzks8ohisj20u01jeto6.jpg,
https://wx1.sinaimg.cn/large/7d6f5225gy1hdnrxu33mgj21o0280npe.jpg,
https://wx1.sinaimg.cn/large/7d6f5225gy1hek3hts8epj21o02you10.jpg,
https://wx1.sinaimg.cn/large/7d6f5225gy1hhn6omscscj21nq2y6he0.jpg,
https://wx1.sinaimg.cn/large/7d6f5225gy1hhn6p1y8yxj21m42uqkjp.jpg,
https://wx1.sinaimg.cn/large/7d6f5225gy1hlpv6oct7ij22c0340b2b.jpg,
https://wx1.sinaimg.cn/large/7d6f5225gy1hne1379hjxj22yo1o0npf.jpg,
https://wx1.sinaimg.cn/large/7d6f5225gy1hnf4aufcamj21n82v7npe.jpg,
https://wx1.sinaimg.cn/large/7d6f5225gy1hpn2m27ia7j223v35s4qr.jpg,
https://wx1.sinaimg.cn/large/7d6f5225gy1ht1g2e9wz5j22xt4eo7wt.jpg,
https://wx1.sinaimg.cn/large/7d6f5225ly1haad908b6xj227z1nzb2a.jpg,
https://wx1.sinaimg.cn/large/7d6f5225ly1hawb0m5uamj22lc1gix6p.jpg,
https://wx1.sinaimg.cn/large/7d6f5225ly1hbw09v4mjgj20wq17lwyo.jpg,
https://wx1.sinaimg.cn/large/7d6f5225ly1hbw0a2q8adj20wq17lx32.jpg,
https://wx1.sinaimg.cn/large/7d6f5225ly1hbw0caemt8j20wq17lgzr.jpg,
https://wx1.sinaimg.cn/large/7d6f5225ly1hbw0cs94zfj20wq17lnbx.jpg,
https://wx1.sinaimg.cn/large/7d6f5225ly1hbybj36pfyj20vt16dkaf.jpg,
https://wx1.sinaimg.cn/large/7d6f5225ly1hbybj50amjj20wq17lazi.jpg,
https://wx1.sinaimg.cn/large/7d6f5225ly1hbybj6rgzkj20wq17m7q4.jpg,
https://wx1.sinaimg.cn/large/7d6f5225ly1hbybw0nqpcj20wq17mx4h.jpg,
https://wx1.sinaimg.cn/large/7d6f5225ly1hbyccdvn2xj20wq17lh8n.jpg,
https://wx1.sinaimg.cn/large/7d6f5225ly1hc4bqkmqi8j21o02yokjm.jpg,
https://wx1.sinaimg.cn/large/7d6f5225ly1hd2tajnwddj21o0280b2a.jpg,
https://wx1.sinaimg.cn/large/7d6f5225ly1hd2tau6xi8j21o0280b2a.jpg,
https://wx1.sinaimg.cn/large/7d6f5225ly1hd2taz9d57j21o0280hdu.jpg,
https://wx1.sinaimg.cn/large/7d6f5225ly1he3oge3gi8j21o0280hdt.jpg,
https://wx1.sinaimg.cn/large/7d6f5225ly1hffca8wa6kj21d62yjhdu.jpg,
https://wx1.sinaimg.cn/large/7d6f5225ly1hffcapn4ejj21d62yku0y.jpg,
https://wx1.sinaimg.cn/large/7d6f5225ly1hfgeinl45tj21z00wr7wi.jpg,
https://wx1.sinaimg.cn/large/7d6f5225ly1hfgekcm5eyj21z00wrnpe.jpg,
https://wx1.sinaimg.cn/large/7d6f5225ly1hfs0nyd0lvj20w01kwh6z.jpg,
https://wx1.sinaimg.cn/large/7d6f5225ly1hfs0oah5b6j21o02yox6p.jpg,
https://wx1.sinaimg.cn/large/7d6f5225ly1hggdj98n9xj235s1s0b2b.jpg,
https://wx1.sinaimg.cn/large/7d6f5225ly1hgvbe703mej223u35s1kz.jpg,
https://wx1.sinaimg.cn/large/7d6f5225ly1hgvbeail74j223q35su0y.jpg,
https://wx1.sinaimg.cn/large/7d6f5225ly1hgvbepyntoj223u35skjm.jpg,
https://wx1.sinaimg.cn/large/7d6f5225ly1hgvbewf7lxj223u35snpe.jpg,
https://wx1.sinaimg.cn/large/7d6f5225ly1hhdwtg2b94j235s23u4qr.jpg,
https://wx1.sinaimg.cn/large/7d6f5225ly1hhdwtxdlf9j223u35s7wj.jpg,
https://wx1.sinaimg.cn/large/7d6f5225ly1hhdwu2bicwj223u35s1kz.jpg,
https://wx1.sinaimg.cn/large/7d6f5225ly1hjep0uu765j21o02i04qq.jpg,
https://wx1.sinaimg.cn/large/7d6f5225ly1hkz28hyu0gj23341runpf.jpg,
https://wx1.sinaimg.cn/large/7d6f5225ly1hkz28pxuewj235s23uhdx.jpg,
https://wx1.sinaimg.cn/large/7d6f5225ly1hkz29n2989j235s23uqva.jpg,
https://wx1.sinaimg.cn/large/7d6f5225ly1hldfdlcknoj21o01o0x6p.jpg,
https://wx1.sinaimg.cn/large/7d6f5225ly1hpcdt167dyj216o1kw4qp.jpg,
https://wx1.sinaimg.cn/large/7dcf251ely1hfrilrhshdj243c64wqv8.jpg,
https://wx1.sinaimg.cn/large/7dcf251ely1hfrim2fy51j225337kb2b.jpg,
https://wx1.sinaimg.cn/large/7dcf251ely1hfrin6v26vj264w43cu12.jpg,
https://wx1.sinaimg.cn/large/8149bcfdgy1hhy9swgajfj24qm35q4qu.jpg,
https://wx1.sinaimg.cn/large/8149bcfdgy1hhy9t26as4j24qm35qkjr.jpg,
https://wx1.sinaimg.cn/large/8149bcfdgy1hhy9td84vaj235q4qmhdw.jpg,
https://wx1.sinaimg.cn/large/8149bcfdgy1htwn4jt3cij22xs4eohe0.jpg,
https://wx1.sinaimg.cn/large/83776be6gy1hbiysilyn3j20u0190qaw.jpg,
https://wx1.sinaimg.cn/large/83776be6gy1hbiytv9m3lj20u0190dls.jpg,
https://wx1.sinaimg.cn/large/83776be6gy1hbiytvcb9mj20u0190wlk.jpg,
https://wx1.sinaimg.cn/large/83776be6gy1hbiytvf79kj20u019049e.jpg,
https://wx1.sinaimg.cn/large/8c5c857dgy1ht2f9gdlaaj20u0190dml.jpg,
https://wx1.sinaimg.cn/large/8c5c857dgy1ht2f9j2c7sj21hd0u0dmn.jpg,
https://wx1.sinaimg.cn/large/8c5c857dgy1ht2f9kqflej21hc0u0wll.jpg,
https://wx1.sinaimg.cn/large/8c5c857dgy1ht2f9pk749j21hd0u044r.jpg,
https://wx1.sinaimg.cn/large/8f751903gy1hugcpwfnn7j25e93llnph.jpg,
https://wx1.sinaimg.cn/large/8f751903gy1hugcq9pgjrj25e93llqv9.jpg,
https://wx1.sinaimg.cn/large/8f751903gy1hugcqelwcfj25la3h2qva.jpg,
https://wx1.sinaimg.cn/large/8f751903gy1hugcrngze7j25e93ll7wm.jpg,
https://wx1.sinaimg.cn/large/8f751903gy1hugcrztvlrj25e93ll7wn.jpg,
https://wx1.sinaimg.cn/large/97c80decgy1hu1bh60ur5j20u017z42x.jpg,
https://wx1.sinaimg.cn/large/97c80decgy1hu1bh6eiivj20zu0jmjur.jpg,
https://wx1.sinaimg.cn/large/9801b567gy1ht2q1vk69wj23rz24ib2b.jpg,
https://wx1.sinaimg.cn/large/9801b567gy1ht2q1x7iwdj21oh2iokjl.jpg,
https://wx1.sinaimg.cn/large/9801b567gy1ht2q20sv75j23m9219e83.jpg,
https://wx1.sinaimg.cn/large/9801b567gy1htq0594466j21o0280hdt.jpg,
https://wx1.sinaimg.cn/large/9801b567gy1htq05b0xpxj22802yob2b.jpg,
https://wx1.sinaimg.cn/large/9801b567gy1htq05hk3y7j22802yohdv.jpg,
https://wx1.sinaimg.cn/large/a46db53bly1hpsrh5jhfjj21eu2ix1kx.jpg,
https://wx1.sinaimg.cn/large/a46db53bly1hpsrhbb875j21262iv4qp.jpg,
https://wx1.sinaimg.cn/large/a7ae4aacgy1homdif26tjj215o1qi4p0.jpg,
https://wx1.sinaimg.cn/large/a7ae4aacgy1homdigfe9aj21qi15oe4g.jpg,
https://wx1.sinaimg.cn/large/a7ae4aacgy1homdihwf0dj215o1qi1kx.jpg,
https://wx1.sinaimg.cn/large/a7ae4aacgy1homdijx940j215o1qi1kx.jpg,
https://wx1.sinaimg.cn/large/a7ae4aacgy1homdim3ex6j21qi15o4qp.jpg,
https://wx1.sinaimg.cn/large/a7ae4aacgy1hpx9dok2wcj215o1qh1kx.jpg,
https://wx1.sinaimg.cn/large/a7ae4aacgy1hpx9dqf2lbj21qh15ob29.jpg,
https://wx1.sinaimg.cn/large/a7ae4aacgy1hpx9dqk7cnj215o1qh4qp.jpg,
https://wx1.sinaimg.cn/large/b1957e8bgy1ht3txg7oj0j24eo2h9e83.jpg,
https://wx1.sinaimg.cn/large/b1957e8bgy1ht3txnfvevj24eo2h5x6q.jpg,
https://wx1.sinaimg.cn/large/b1957e8bgy1ht3txsn0a8j24eo2ha1kz.jpg,
https://wx1.sinaimg.cn/large/b1957e8bly1hjq4dw8bzoj20sg1121by.jpg,
https://wx1.sinaimg.cn/large/b1957e8bly1hjq4e8ocutj23di50ux6v.jpg,
https://wx1.sinaimg.cn/large/b1957e8bly1hjq4egkywcj25eo3ls4qy.jpg,
https://wx1.sinaimg.cn/large/b1957e8bly1hjq4ema20dj252e2smb2f.jpg,
https://wx1.sinaimg.cn/large/b1957e8bly1hjq4esz1o7j237h4y9e88.jpg,
https://wx1.sinaimg.cn/large/b1957e8bly1hjq4fetbxaj25eo3lsqvc.jpg,
https://wx1.sinaimg.cn/large/c71c413aly1hdg6apesklg20dg0rknpw.gif,
https://wx1.sinaimg.cn/large/c71c413aly1hdg6bo1hfzg20fc0dwqvm.gif,
https://wx1.sinaimg.cn/large/cff92cfcgy1htztcceda2j25bo3hsnpn.jpg,
https://wx1.sinaimg.cn/large/cff92cfcgy1htztcv1hysj22yo1o0kjl.jpg,
https://wx1.sinaimg.cn/large/cff92cfcgy1htztd81w8ej22yo1o04qq.jpg,
https://wx1.sinaimg.cn/large/cff92cfcly1houtkk1ac4j231a4yyx6v.jpg,
https://wx1.sinaimg.cn/large/d943c662ly1hc9t93qpgej243c64w7wk.jpg,
https://wx1.sinaimg.cn/large/d943c662ly1hc9t9lc1wzj264w43cx6r.jpg,
https://wx1.sinaimg.cn/large/d943c662ly1hc9ta36vl6j237k253b2a.jpg,
https://wx1.sinaimg.cn/large/e2a8fd93gy1htul8lmot1j23n83n8tva.jpg,
https://wx1.sinaimg.cn/large/e2a8fd93gy1htul8pf4ylj23n83n8e48.jpg,
https://wx1.sinaimg.cn/large/e2a8fd93gy1htula2mgv6j23n83n8txt.jpg,
https://wx1.sinaimg.cn/orj480/0066mPOogy1hhb4iykgijj30u01hcgup.jpg,
https://wx1.sinaimg.cn/orj480/7d6f5225gy1ht4lrmstzpj20u00gv0xh.jpg,
https://wx1.sinaimg.cn/orj480/7d6f5225ly1h1f8dcu8wyj20u014117p.jpg,
https://wx1.sinaimg.cn/orj480/7d6f5225ly1h74wte12f4j20u0140dx7.jpg,
https://wx1.sinaimg.cn/orj480/7d6f5225ly1hkvuglb9zmj20u0141qm3.jpg,
https://wx1.sinaimg.cn/orj480/9d0d09ably1hq2xm00o5dj21hc0u0qv6.jpg,
https://wx2.sinaimg.cn/large/006187zHly1hd50pqsnucj363v3foe8c.jpg,
https://wx2.sinaimg.cn/large/006187zHly1hd50qz9br4j36bk47su1a.jpg,
https://wx2.sinaimg.cn/large/006187zHly1hd50ukq6npj35wm3bm1l8.jpg,
https://wx2.sinaimg.cn/large/0066PKAfgy1hcb3kn8jecj30sh4a64h8.jpg,
https://wx2.sinaimg.cn/large/0066PKAfgy1hcb3ko35c8j30wk0kmwg9.jpg,
https://wx2.sinaimg.cn/large/0066PKAfgy1hcb3q02o2nj30mrcn1e82.jpg,
https://wx2.sinaimg.cn/large/00681cWfgy1he516ylof0j325137kx6q.jpg,
https://wx2.sinaimg.cn/large/00681cWfgy1he51718b01j337k1d6qv5.jpg,
https://wx2.sinaimg.cn/large/006D69oagy1ht02rzya3tj33l05dhnph.jpg,
https://wx2.sinaimg.cn/large/006D69oagy1ht02s52yjvj33y85xcb2g.jpg,
https://wx2.sinaimg.cn/large/006Mukthly1hjr8gnqr3sj335s23wqv6.jpg,
https://wx2.sinaimg.cn/large/006SJccCly1hkuqxjilymj30sg0w112p.jpg,
https://wx2.sinaimg.cn/large/006SJccCly1hkuqzhj39jj30sg0g1aco.jpg,
https://wx2.sinaimg.cn/large/006SJccCly1hkuqzhn6ygj30sg0g1tc4.jpg,
https://wx2.sinaimg.cn/large/006hdkJkgy1hrp4o6wvpqj31900u079s.jpg,
https://wx2.sinaimg.cn/large/006hdkJkgy1hrp4oczwqhj30u0190tfi.jpg,
https://wx2.sinaimg.cn/large/006hdkJkgy1hrp4og091nj30u0190tfj.jpg,
https://wx2.sinaimg.cn/large/006ixwxngy1hkx6295goxj33y89rse86.jpg,
https://wx2.sinaimg.cn/large/006ixwxngy1hkx62b9ussj323wavp4qw.jpg,
https://wx2.sinaimg.cn/large/007Kry6Bly1hdsa26r6osj31hc0u01er.jpg,
https://wx2.sinaimg.cn/large/007cNRq8gy1hjflhi1uqvj34mo334b2g.jpg,
https://wx2.sinaimg.cn/large/007cNRq8gy1hjflhl0eopj34mo3341l2.jpg,
https://wx2.sinaimg.cn/large/007v2HmQly1hb7z4arh0lj30u01970zg.jpg,
https://wx2.sinaimg.cn/large/007v2HmQly1hb8t1vk6b4j30u0198q9v.jpg,
https://wx2.sinaimg.cn/large/007v2HmQly1hbnrlh8l4jj30u0190ain.jpg,
https://wx2.sinaimg.cn/large/007v2HmQly1hbnrlpt5iaj318z0u0n60.jpg,
https://wx2.sinaimg.cn/large/007v2HmQly1hbnrlumgynj318z0u0467.jpg,
https://wx2.sinaimg.cn/large/007v2HmQly1hbnrlvahoaj30u018zdp8.jpg,
https://wx2.sinaimg.cn/large/007v2HmQly1hc1q4x0ggrj30u018ztg6.jpg,
https://wx2.sinaimg.cn/large/007v2HmQly1hc1q4zol2jj30u018zwm5.jpg,
https://wx2.sinaimg.cn/large/007v2HmQly1hjr16gh3csj364w43c4r0.jpg,
https://wx2.sinaimg.cn/large/007v2HmQly1hjr18o51v2j30u018zdqa.jpg,
https://wx2.sinaimg.cn/large/007v2HmQly1hjr197ag10j35b93jkkju.jpg,
https://wx2.sinaimg.cn/large/007v2HmQly1hjzdzuyjv2j30u0195gu8.jpg,
https://wx2.sinaimg.cn/large/007v2HmQly1hk0ct8d303j30u0195wls.jpg,
https://wx2.sinaimg.cn/large/007v2HmQly1hk0ctc5ijuj31960u0wnh.jpg,
https://wx2.sinaimg.cn/large/007v2HmQly1hk0ctfr4kfj30u0190woe.jpg,
https://wx2.sinaimg.cn/large/0082Iryrly1h5chuncyw7j31jk223e81.jpg,
https://wx2.sinaimg.cn/large/008bQ1pvgy1h9zykuevgmj34rg36d1kz.jpg,
https://wx2.sinaimg.cn/large/008bQ1pvgy1ha003sgqyxj3256256qv5.jpg,
https://wx2.sinaimg.cn/large/008bQ1pvgy1ha00i7ii0yj3256256u0x.jpg,
https://wx2.sinaimg.cn/large/008bQ1pvgy1hbdguyg6xaj30yr0yqtje.jpg,
https://wx2.sinaimg.cn/large/008bQ1pvgy1hbdgv043k4j30yr0yrdoc.jpg,
https://wx2.sinaimg.cn/large/008bQ1pvgy1hbdgwdxwawj30ra6t4kjl.jpg,
https://wx2.sinaimg.cn/large/008bQ1pvgy1hbdgwgqiuxj31cucmyb29.jpg,
https://wx2.sinaimg.cn/large/008bQ1pvgy1hbf20li5s4j30u018zq70.jpg,
https://wx2.sinaimg.cn/large/008bQ1pvgy1hbf23rv4o2j31ax1ycgu4.jpg,
https://wx2.sinaimg.cn/large/008bQ1pvgy1hg7rb9b1l3j30yr0yrk2l.jpg,
https://wx2.sinaimg.cn/large/008bQ1pvgy1hg7rb9yeamj30yq0yqq9z.jpg,
https://wx2.sinaimg.cn/large/008bQ1pvgy1hg7re4zll4j31jk1121a5.jpg,
https://wx2.sinaimg.cn/large/008bQ1pvgy1hg7re5puvqj31111jk1c4.jpg,
https://wx2.sinaimg.cn/large/008bQ1pvgy1hg7re68o9ij31jk112wup.jpg,
https://wx2.sinaimg.cn/large/008bQ1pvgy1hg7re6sat7j31jk112h2u.jpg,
https://wx2.sinaimg.cn/large/008bQ1pvgy1hi1qh4ofs4j30ii0ijq7c.jpg,
https://wx2.sinaimg.cn/large/008bQ1pvgy1hi1wbrl7flj30lsaw04qq.jpg,
https://wx2.sinaimg.cn/large/008bQ1pvgy1hi1wdg3catj31111jk4mg.jpg,
https://wx2.sinaimg.cn/large/008bQ1pvgy1hi1xyvnxsbj30ij0ii0vy.jpg,
https://wx2.sinaimg.cn/large/62ff67c7gy1hr57vdelb2j20zu0wsh0j.jpg,
https://wx2.sinaimg.cn/large/6dc9747egy1hq22tjnkvuj26dc48wnpi.jpg,
https://wx2.sinaimg.cn/large/6dc9747egy1hq22u18rloj26dc48we87.jpg,
https://wx2.sinaimg.cn/large/6dc9747egy1hq22x6lm2sj248w6dckjr.jpg,
https://wx2.sinaimg.cn/large/6dc9747egy1hq230o23kpj26dc48wkjt.jpg,
https://wx2.sinaimg.cn/large/6dd57c31gy1hkup6293g0j21jk2bc1ky.jpg,
https://wx2.sinaimg.cn/large/6dd57c31gy1hkup6c3io6j22bc1jku0y.jpg,
https://wx2.sinaimg.cn/large/6dd57c31gy1htpkbkcfx1j21jk2ba7wi.jpg,
https://wx2.sinaimg.cn/large/6dd57c31gy1htpkbn3vgej21jk1121kx.jpg,
https://wx2.sinaimg.cn/large/6dd57c31gy1htpkbnpa8kj21jk0v9twe.jpg,
https://wx2.sinaimg.cn/large/6dd57c31gy1hu185qtbylj21sc2dse83.jpg,
https://wx2.sinaimg.cn/large/6dd57c31gy1hu185ri4gcj21sc2dsb2b.jpg,
https://wx2.sinaimg.cn/large/6dd57c31gy1hu185s9he8j21sc2ds1kz.jpg,
https://wx2.sinaimg.cn/large/6dd57c31gy1hu185v4kluj21sc2dse83.jpg,
https://wx2.sinaimg.cn/large/6dd57c31gy1hu185zgevaj21sc2ds7wj.jpg,
https://wx2.sinaimg.cn/large/6f5f4997gy1hkuqch85eaj22kl3uw4qt.jpg,
https://wx2.sinaimg.cn/large/6f5f4997gy1hr3sbnltrgj23344mob2i.jpg,
https://wx2.sinaimg.cn/large/6f91511fgy1htzkr3lbxcj20u01h1tne.jpg,
https://wx2.sinaimg.cn/large/6f91511fgy1htzks7tm1wj20u01gw7go.jpg,
https://wx2.sinaimg.cn/large/7d6f5225gy1hdnrxg8tc3j21o0280npe.jpg,
https://wx2.sinaimg.cn/large/7d6f5225gy1hdnrxxng78j21o0280b2a.jpg,
https://wx2.sinaimg.cn/large/7d6f5225gy1hhn6ovm2yfj21o02yoqv7.jpg,
https://wx2.sinaimg.cn/large/7d6f5225gy1hlpv6mndruj214f1hw7wh.jpg,
https://wx2.sinaimg.cn/large/7d6f5225gy1hnbtrxqi29j216e1rl4qp.jpg,
https://wx2.sinaimg.cn/large/7d6f5225gy1hnf4askqsfj21o02yokjm.jpg,
https://wx2.sinaimg.cn/large/7d6f5225gy1hnf4azbdbpj21o02yoqv6.jpg,
https://wx2.sinaimg.cn/large/7d6f5225gy1hnf4b14qpsj21o02wrqv6.jpg,
https://wx2.sinaimg.cn/large/7d6f5225gy1hnf4b6u8cmj21o02wuu0y.jpg,
https://wx2.sinaimg.cn/large/7d6f5225gy1hpn29224qyj223u34pqv6.jpg,
https://wx2.sinaimg.cn/large/7d6f5225gy1hq8th0o82yj22kw3vchdx.jpg,
https://wx2.sinaimg.cn/large/7d6f5225gy1hq8than9s6j23vc2kwqv9.jpg,
https://wx2.sinaimg.cn/large/7d6f5225gy1hq8thelv11j23vc2kwqv8.jpg,
https://wx2.sinaimg.cn/large/7d6f5225gy1hq8thwjk3pj22kw3vc7wl.jpg,
https://wx2.sinaimg.cn/large/7d6f5225gy1hq8tjzp2psj23vc2kw1l1.jpg,
https://wx2.sinaimg.cn/large/7d6f5225gy1ht1fxx9xdhj22xt4eohe5.jpg,
https://wx2.sinaimg.cn/large/7d6f5225gy1ht1fypn4ipj22xt4eob2j.jpg,
https://wx2.sinaimg.cn/large/7d6f5225gy1ht1g6nz9mgj24eo2xu4qy.jpg,
https://wx2.sinaimg.cn/large/7d6f5225ly1hap9ptpu1xj20wo17ldx1.jpg,
https://wx2.sinaimg.cn/large/7d6f5225ly1hawb0eejyfj22m81h0u0y.jpg,
https://wx2.sinaimg.cn/large/7d6f5225ly1hawb0xb4vgj22m81h0qv6.jpg,
https://wx2.sinaimg.cn/large/7d6f5225ly1hawb114p2sj22l91ggx6p.jpg,
https://wx2.sinaimg.cn/large/7d6f5225ly1hawb15x2p6j22lj1gm4qq.jpg,
https://wx2.sinaimg.cn/large/7d6f5225ly1hbw0a09idcj20wq17l7nl.jpg,
https://wx2.sinaimg.cn/large/7d6f5225ly1hbw0atlhhtj21tg2f8b2a.jpg,
https://wx2.sinaimg.cn/large/7d6f5225ly1hbycbsxgx2j20wq17may4.jpg,
https://wx2.sinaimg.cn/large/7d6f5225ly1he3oghnew2j21mt26fhdt.jpg,
https://wx2.sinaimg.cn/large/7d6f5225ly1he3ogox5ltj21o0280hdt.jpg,
https://wx2.sinaimg.cn/large/7d6f5225ly1he4vhnjuc6j20zk0k0tft.jpg,
https://wx2.sinaimg.cn/large/7d6f5225ly1hffcaec3ckj21d62yjqv6.jpg,
https://wx2.sinaimg.cn/large/7d6f5225ly1hfs0nwy6ypj21jx2rfx6p.jpg,
https://wx2.sinaimg.cn/large/7d6f5225ly1hfs0we2brrj20w01kw1kx.jpg,
https://wx2.sinaimg.cn/large/7d6f5225ly1hg3o528zb3j20wr1z0hdt.jpg,
https://wx2.sinaimg.cn/large/7d6f5225ly1hg4way5c35j21d62yke82.jpg,
https://wx2.sinaimg.cn/large/7d6f5225ly1hg4wb23ketj21d62ykhdu.jpg,
https://wx2.sinaimg.cn/large/7d6f5225ly1hgcjptxt81j2334227u0z.jpg,
https://wx2.sinaimg.cn/large/7d6f5225ly1hggdinmslbj235s1s0e83.jpg,
https://wx2.sinaimg.cn/large/7d6f5225ly1hggdiye3lqj235s23tu0z.jpg,
https://wx2.sinaimg.cn/large/7d6f5225ly1hggdj3x1iej235s1s0x6q.jpg,
https://wx2.sinaimg.cn/large/7d6f5225ly1hgtvawmhkbj21d62ykx6p.jpg,
https://wx2.sinaimg.cn/large/7d6f5225ly1hhdwt36rnfj223u35snpe.jpg,
https://wx2.sinaimg.cn/large/7d6f5225ly1hhdwtq69uvj223u35s4qr.jpg,
https://wx2.sinaimg.cn/large/7d6f5225ly1hkz28z5efwj223u35snpi.jpg,
https://wx2.sinaimg.cn/large/7d6f5225ly1hkz29xe49yj223u35rhdv.jpg,
https://wx2.sinaimg.cn/large/7d6f5225ly1hkz2a158dkj226634z7wm.jpg,
https://wx2.sinaimg.cn/large/7d6f5225ly1hpccziw42cj216o1kwu09.jpg,
https://wx2.sinaimg.cn/large/7dcf251ely1hfrimdo3uwj225337ku0y.jpg,
https://wx2.sinaimg.cn/large/7dcf251ely1hfrimqqjdbj225337ku0y.jpg,
https://wx2.sinaimg.cn/large/7dcf251ely1hfrimuaij4j243c64wu10.jpg,
https://wx2.sinaimg.cn/large/8149bcfdgy1hhy9sgi5z4j255s2wi4qt.jpg,
https://wx2.sinaimg.cn/large/8149bcfdgy1hhy9silwrcj235q4qmb2c.jpg,
https://wx2.sinaimg.cn/large/8149bcfdgy1hhy9smj5ipj235q4qm7wm.jpg,
https://wx2.sinaimg.cn/large/8149bcfdgy1hhy9srai6qj235q4qmb2e.jpg,
https://wx2.sinaimg.cn/large/8149bcfdgy1hhy9syyogdj231w4kw4qr.jpg,
https://wx2.sinaimg.cn/large/8149bcfdgy1htwn4tdpo0j22xs4eohdx.jpg,
https://wx2.sinaimg.cn/large/8149bcfdgy1htwn519rljj22xs4eox6u.jpg,
https://wx2.sinaimg.cn/large/83776be6gy1hbiysin0wgj20u0190jzb.jpg,
https://wx2.sinaimg.cn/large/83776be6gy1hbiyt31d4qj20u0190dml.jpg,
https://wx2.sinaimg.cn/large/83776be6gy1hbiytve96pj20u0190aj2.jpg,
https://wx2.sinaimg.cn/large/88b4117fgy1hu033enwcaj21o02yonpf.jpg,
https://wx2.sinaimg.cn/large/891f38b7gy1hm86208cduj20u01dakgk.jpg,
https://wx2.sinaimg.cn/large/8c5c857dgy1ht2f9gwpvqj21hc0u0n3d.jpg,
https://wx2.sinaimg.cn/large/8c5c857dgy1ht2f9i2iesj21hd0u00yy.jpg,
https://wx2.sinaimg.cn/large/8c5c857dgy1ht2f9k5e9kj21hd0u0tfa.jpg,
https://wx2.sinaimg.cn/large/8c5c857dgy1ht2f9lsxi6j21hd0u0aib.jpg,
https://wx2.sinaimg.cn/large/8f751903gy1hugcqk8vwpj25532w4u10.jpg,
https://wx2.sinaimg.cn/large/8f751903gy1hugcqnn741j228a3cfqv6.jpg,
https://wx2.sinaimg.cn/large/8f751903gy1hugcqvkqhej22ee3llx6q.jpg,
https://wx2.sinaimg.cn/large/8f751903gy1hugcrbarefj23ll5e94qv.jpg,
https://wx2.sinaimg.cn/large/8f751903gy1hugcs7zqi1j23ll5e9x6r.jpg,
https://wx2.sinaimg.cn/large/97c80decgy1hu1bh1owjsj20u019079f.jpg,
https://wx2.sinaimg.cn/large/97c80decgy1hu1bh39ebnj20u018b0ww.jpg,
https://wx2.sinaimg.cn/large/97c80decgy1hu1bh3sx5lj219e0u0n2h.jpg,
https://wx2.sinaimg.cn/large/97c80decgy1hu1bh49255j20u014179w.jpg,
https://wx2.sinaimg.cn/large/9801b567gy1ht2q1skzdrj21iq2a47wh.jpg,
https://wx2.sinaimg.cn/large/9801b567gy1ht2q1y6owpj21oh2iohdt.jpg,
https://wx2.sinaimg.cn/large/9801b567gy1htq05ctcx9j21o0280npd.jpg,
https://wx2.sinaimg.cn/large/a46db53bly1hpsrh39le7j20xc2zj4qp.jpg,
https://wx2.sinaimg.cn/large/a7ae4aacgy1homdidltbjj21qi15ohax.jpg,
https://wx2.sinaimg.cn/large/a7ae4aacgy1homdieaoy7j215o1qi7tr.jpg,
https://wx2.sinaimg.cn/large/a7ae4aacgy1homdifskkbj21qi15o1kx.jpg,
https://wx2.sinaimg.cn/large/a7ae4aacgy1homdiiinn3j215o1qino4.jpg,
https://wx2.sinaimg.cn/large/a7ae4aacgy1homdikp19zj21qi15okip.jpg,
https://wx2.sinaimg.cn/large/b1957e8bgy1ht3txczi3zj22xs4eob2b.jpg,
https://wx2.sinaimg.cn/large/b1957e8bgy1ht3txr8xmoj22xs4eob2b.jpg,
https://wx2.sinaimg.cn/large/b1957e8bgy1ht3tyc455hj24eo2ez7wk.jpg,
https://wx2.sinaimg.cn/large/b1957e8bly1hjq4e1oy3bj23bp5651l4.jpg,
https://wx2.sinaimg.cn/large/b1957e8bly1hjq4f0gqmlj25043bib2j.jpg,
https://wx2.sinaimg.cn/large/c71c413aly1hdg6d4x7l7j235s35sdri.jpg,
https://wx2.sinaimg.cn/large/cff92cfcgy1htztc6oqjnj23ls5eoqve.jpg,
https://wx2.sinaimg.cn/large/cff92cfcgy1htztciaco3j23gj58kkjv.jpg,
https://wx2.sinaimg.cn/large/cff92cfcgy1htztcx5iyxj22yo1o0u0x.jpg,
https://wx2.sinaimg.cn/large/cff92cfcly1houti6352xj25d43ls1l5.jpg,
https://wx2.sinaimg.cn/large/e2a8fd93gy1htul8qlktgj23n83n8avk.jpg,
https://wx2.sinaimg.cn/large/e2a8fd93gy1htul8rchc0j23n83n8h71.jpg,
https://wx2.sinaimg.cn/large/e2a8fd93gy1htul8s4jybj23n83n8nl2.jpg,
https://wx2.sinaimg.cn/large/e2a8fd93gy1htull39fy5j20q70q8dh1.jpg,
https://wx2.sinaimg.cn/large/e2a8fd93gy1htulw8v1k2j23n83n8ke6.jpg,
https://wx2.sinaimg.cn/orj480/007ccotFgy1hgudj8o86hj31hc0u07wi.jpg,
https://wx2.sinaimg.cn/orj480/7d6f5225gy1hn14yjcb56j20om0wuqam.jpg,
https://wx2.sinaimg.cn/orj480/7d6f5225gy1hn2c14k7qgj21400u07h2.jpg,
https://wx2.sinaimg.cn/orj480/7d6f5225gy1hphzgydgvkj20u0141wri.jpg,
https://wx2.sinaimg.cn/orj480/7d6f5225gy1hrpr51c3yxj21o0281b29.jpg,
https://wx2.sinaimg.cn/orj480/7d6f5225gy1ht3rzcsjl1j21o0281b29.jpg,
https://wx2.sinaimg.cn/orj480/7d6f5225ly1gymih6pxqwj20zk0k0god.jpg,
https://wx3.sinaimg.cn/large/006187zHly1hd50oy5s03j347s6bkqvj.jpg,
https://wx3.sinaimg.cn/large/006187zHly1hd50pd2llej36bk3k0qvg.jpg,
https://wx3.sinaimg.cn/large/006187zHly1hd50q691udj347s6bkqvj.jpg,
https://wx3.sinaimg.cn/large/006187zHly1hd50rr1kjfj33fa635he5.jpg,
https://wx3.sinaimg.cn/large/006187zHly1hd50sjfd0lj36bk47s4r3.jpg,
https://wx3.sinaimg.cn/large/006187zHly1hd50sz9ymnj347s6bkhe7.jpg,
https://wx3.sinaimg.cn/large/006187zHly1hd50tb4jhsj36523gche4.jpg,
https://wx3.sinaimg.cn/large/006187zHly1hd50trqy07j347s6bk4r4.jpg,
https://wx3.sinaimg.cn/large/006187zHly1hd50vg97ncj347s6bke8g.jpg,
https://wx3.sinaimg.cn/large/0066PKAfgy1hcb3pn3jt8j30mrcn1qv5.jpg,
https://wx3.sinaimg.cn/large/0066PKAfgy1hcb3pv5sqnj30nucn0e82.jpg,
https://wx3.sinaimg.cn/large/0066PKAfgy1hcb3q90j3uj30n7cmxe82.jpg,
https://wx3.sinaimg.cn/large/00681cWfgy1he5174y4k6j323437kqv6.jpg,
https://wx3.sinaimg.cn/large/00681cWfgy1he5177qwxfj337k1t0b2b.jpg,
https://wx3.sinaimg.cn/large/006Mukthly1hjr8feeboej335s35s1ky.jpg,
https://wx3.sinaimg.cn/large/006Mukthly1hjr8gxp7kgj347s6bk7wq.jpg,
https://wx3.sinaimg.cn/large/006SJccCly1hkuqz6i1ywj30sg0g2q6e.jpg,
https://wx3.sinaimg.cn/large/006SJccCly1hkuqzhk5g5j30sg0g1wi9.jpg,
https://wx3.sinaimg.cn/large/006hdkJkgy1hrp4o9sunlj30u0190n3s.jpg,
https://wx3.sinaimg.cn/large/006hdkJkgy1hrp4ob0id0j30u01907c1.jpg,
https://wx3.sinaimg.cn/large/006ixwxngy1hkeineaotqj30m853kb11.jpg,
https://wx3.sinaimg.cn/large/006ixwxngy1hkx62a0a1kj31jf43e4qs.jpg,
https://wx3.sinaimg.cn/large/006ixwxngy1hkx62b4iewj33y89eru11.jpg,
https://wx3.sinaimg.cn/large/007cNRq8gy1hjflhnc7xkj34mo334qvb.jpg,
https://wx3.sinaimg.cn/large/007cNRq8gy1hjfli787mrj33344mou13.jpg,
https://wx3.sinaimg.cn/large/007rcPXRgy1ht10tr7em4j32c0340b2b.jpg,
https://wx3.sinaimg.cn/large/007rcPXRgy1ht10ts6r61j32c0340e82.jpg,
https://wx3.sinaimg.cn/large/007v2HmQly1hb7z4aeyfuj30u0196tfx.jpg,
https://wx3.sinaimg.cn/large/007v2HmQly1hb7z4dsjz5j30u0198gry.jpg,
https://wx3.sinaimg.cn/large/007v2HmQly1hb7z4gp67bj31960u0agq.jpg,
https://wx3.sinaimg.cn/large/007v2HmQly1hbnrlpbhn3j30u018zwof.jpg,
https://wx3.sinaimg.cn/large/007v2HmQly1hbnrltwvxdj318z0u0tjq.jpg,
https://wx3.sinaimg.cn/large/007v2HmQly1hbnrluyhlkj318z0u0gub.jpg,
https://wx3.sinaimg.cn/large/007v2HmQly1hbnrlyjsljj30u018zdr3.jpg,
https://wx3.sinaimg.cn/large/007v2HmQly1hbnrmfo6k4j318z0u0n6g.jpg,
https://wx3.sinaimg.cn/large/007v2HmQly1hc1q4ui2esj318z0u0qbb.jpg,
https://wx3.sinaimg.cn/large/007v2HmQly1hc1q4xc81ij318z0u0wla.jpg,
https://wx3.sinaimg.cn/large/007v2HmQly1hc1q4y3ygoj318z0u045a.jpg,
https://wx3.sinaimg.cn/large/007v2HmQly1hc1q4yh0x6j318z0u044y.jpg,
https://wx3.sinaimg.cn/large/007v2HmQly1hjr169cqr1j364w43c1la.jpg,
https://wx3.sinaimg.cn/large/007v2HmQly1hjr16nt01zj364w43c4r1.jpg,
https://wx3.sinaimg.cn/large/007v2HmQly1hjr178rl1lj364w43ce8e.jpg,
https://wx3.sinaimg.cn/large/007v2HmQly1hjr17gk1jxj364w43c1la.jpg,
https://wx3.sinaimg.cn/large/007v2HmQly1hjr17zqzc0j32de3k0qv8.jpg,
https://wx3.sinaimg.cn/large/007v2HmQly1hjr18nm644j318z0u0wqk.jpg,
https://wx3.sinaimg.cn/large/007v2HmQly1hjr18nvvhbj30u018ztjd.jpg,
https://wx3.sinaimg.cn/large/007v2HmQly1hk0ctavyi6j31hc0u0qf8.jpg,
https://wx3.sinaimg.cn/large/007v2HmQly1hk0cuf331bj30u0195thz.jpg,
https://wx3.sinaimg.cn/large/008a4Igcly1hq9423fk5sj33bi37onbw.jpg,
https://wx3.sinaimg.cn/large/008bQ1pvgy1h9zykn8rr6j30u0aymkjo.jpg,
https://wx3.sinaimg.cn/large/008bQ1pvgy1h9zykpw5qwj34rh36d4qr.jpg,
https://wx3.sinaimg.cn/large/008bQ1pvgy1ha00tu7l6uj30u08bfb2b.jpg,
https://wx3.sinaimg.cn/large/008bQ1pvgy1hbdgux7aslj30yq0yrn37.jpg,
https://wx3.sinaimg.cn/large/008bQ1pvgy1hbdguxti6zj30yq0yqgth.jpg,
https://wx3.sinaimg.cn/large/008bQ1pvgy1hbdgv0r5vnj30yq0yqgui.jpg,
https://wx3.sinaimg.cn/large/008bQ1pvgy1hbdgv2bmslj30yr0yqah2.jpg,
https://wx3.sinaimg.cn/large/008bQ1pvgy1hbdh19tjkjj33cf50knpg.jpg,
https://wx3.sinaimg.cn/large/008bQ1pvgy1hbdjftyetfj350k3cfu10.jpg,
https://wx3.sinaimg.cn/large/008bQ1pvgy1hg7rb8h9x8j30yq0yq7cf.jpg,
https://wx3.sinaimg.cn/large/008bQ1pvgy1hg7rb8wjwlj30yq0yrws9.jpg,
https://wx3.sinaimg.cn/large/008bQ1pvgy1hg7rb9muplj30yq0yrwsq.jpg,
https://wx3.sinaimg.cn/large/008bQ1pvgy1hg7rba8fjtj30yr0yq10s.jpg,
https://wx3.sinaimg.cn/large/008bQ1pvgy1hg7rbakbltj30yq0yqk1f.jpg,
https://wx3.sinaimg.cn/large/008bQ1pvgy1hg7rbkwyfnj363vcn4e83.jpg,
https://wx3.sinaimg.cn/large/008bQ1pvgy1hg7re7m023j31jk112qkg.jpg,
https://wx3.sinaimg.cn/large/008bQ1pvgy1hg8zulidecj38oi6fihdu.jpg,
https://wx3.sinaimg.cn/large/008bQ1pvgy1hi1wdglovkj31111jkwyd.jpg,
https://wx3.sinaimg.cn/large/008bQ1pvgy1hi1wdirsydj31111jk7oj.jpg,
https://wx3.sinaimg.cn/large/008bQ1pvgy1hi1xk5f0bzj337r3h9u0y.jpg,
https://wx3.sinaimg.cn/large/008bQ1pvgy1hi1xyf47lwj31lx12kayd.jpg,
https://wx3.sinaimg.cn/large/008bQ1pvgy1hi1xyuuf92j30ij0ijn0c.jpg,
https://wx3.sinaimg.cn/large/008bQ1pvgy1hi1y02qjmbj30ij0ijq92.jpg,
https://wx3.sinaimg.cn/large/62ff67c7gy1hr57s8d7a9j22yo3y81l0.jpg,
https://wx3.sinaimg.cn/large/62ff67c7gy1hr57smrysoj21o0280x6q.jpg,
https://wx3.sinaimg.cn/large/6dc9747egy1hq22snx0n2j223dcmzb2f.jpg,
https://wx3.sinaimg.cn/large/6dc9747egy1hq22v0fomcj26dc48w1l4.jpg,
https://wx3.sinaimg.cn/large/6dc9747egy1hq22w3n33tj248w6dche0.jpg,
https://wx3.sinaimg.cn/large/6dc9747egy1hq22woe48zj248w6dc4qx.jpg,
https://wx3.sinaimg.cn/large/6dc9747egy1hq22yymowmj26dc48wx6v.jpg,
https://wx3.sinaimg.cn/large/6dc9747egy1hq231xa3vvj248w6dcu15.jpg,
https://wx3.sinaimg.cn/large/6dd57c31gy1hkup65kn4yj21jk2bcu0x.jpg,
https://wx3.sinaimg.cn/large/6dd57c31gy1hkuqydmdigj21jk2bc1ky.jpg,
https://wx3.sinaimg.cn/large/6dd57c31gy1htpkbi99djj21jk2bae82.jpg,
https://wx3.sinaimg.cn/large/6dd57c31gy1htpkbqbzqbj21jk2bae82.jpg,
https://wx3.sinaimg.cn/large/6dd57c31gy1hu185wmsv6j21sc2dsb2b.jpg,
https://wx3.sinaimg.cn/large/6f5f4997gy1hkuqcp3mbmj22kl3uwb2e.jpg,
https://wx3.sinaimg.cn/large/6f5f4997gy1hkuqda3t5yj22kl3uw7wq.jpg,
https://wx3.sinaimg.cn/large/6f5f4997gy1hkuqdcqefnj2223334u0z.jpg,
https://wx3.sinaimg.cn/large/6f5f4997gy1hr3s62yij2j24456681lb.jpg,
https://wx3.sinaimg.cn/large/6f5f4997gy1hr3s7kr97nj24w07c0kjy.jpg,
https://wx3.sinaimg.cn/large/6f5f4997gy1hr3s8ce9j2j23344mo1l5.jpg,
https://wx3.sinaimg.cn/large/6f5f4997gy1hr3sbaw8uhj23344moqvd.jpg,
https://wx3.sinaimg.cn/large/6f5f4997gy1hr3sbjvxplj24mo334qv9.jpg,
https://wx3.sinaimg.cn/large/6f5f4997gy1hr3sbvh1ckj23344mox6t.jpg,
https://wx3.sinaimg.cn/large/6f91511fgy1hr2fn444yvj20u018zdnq.jpg,
https://wx3.sinaimg.cn/large/6f91511fgy1hr2fn55892j20u018y112.jpg,
https://wx3.sinaimg.cn/large/6f91511fgy1hr2fnib0hlj20u018yq8t.jpg,
https://wx3.sinaimg.cn/large/6f91511fgy1htzkr02ewaj20u01hcwti.jpg,
https://wx3.sinaimg.cn/large/6f91511fgy1htzkrl06ufj20u01hiwsy.jpg,
https://wx3.sinaimg.cn/large/7d6f5225gy1hdnrx9mlxfj21o0280b2a.jpg,
https://wx3.sinaimg.cn/large/7d6f5225gy1hdnrxiaegrj21o02804qq.jpg,
https://wx3.sinaimg.cn/large/7d6f5225gy1hdnrxm2zlfj21o0280npe.jpg,
https://wx3.sinaimg.cn/large/7d6f5225gy1hdnry2c6d6j21o02804qq.jpg,
https://wx3.sinaimg.cn/large/7d6f5225gy1hhad7whrr2j21d42ykx6t.jpg,
https://wx3.sinaimg.cn/large/7d6f5225gy1hja3tzkbgpj20w01kw1kx.jpg,
https://wx3.sinaimg.cn/large/7d6f5225gy1hlpv6liq1uj218g1uoe81.jpg,
https://wx3.sinaimg.cn/large/7d6f5225gy1hnf4b8kq1dj21o02wqnpe.jpg,
https://wx3.sinaimg.cn/large/7d6f5225gy1hnf4tkzb9ij21o02yoe83.jpg,
https://wx3.sinaimg.cn/large/7d6f5225gy1hnf4ttj2l2j20w01kwtzt.jpg,
https://wx3.sinaimg.cn/large/7d6f5225gy1hpn29bubl8j235s23ux6q.jpg,
https://wx3.sinaimg.cn/large/7d6f5225gy1hpn2lh06vpj223v35rx6q.jpg,
https://wx3.sinaimg.cn/large/7d6f5225gy1hpn2lv0t7dj23vc2kwb2c.jpg,
https://wx3.sinaimg.cn/large/7d6f5225gy1hpnqc5j03rj25a03im1l3.jpg,
https://wx3.sinaimg.cn/large/7d6f5225gy1hpnqcips3rj22yo1z3u0y.jpg,
https://wx3.sinaimg.cn/large/7d6f5225gy1hq8thjy9ivj22kw3uc4qt.jpg,
https://wx3.sinaimg.cn/large/7d6f5225gy1hq8thrq7fcj22kw3vchdz.jpg,
https://wx3.sinaimg.cn/large/7d6f5225gy1hq8ti2qg1wj23vc2kwqva.jpg,
https://wx3.sinaimg.cn/large/7d6f5225gy1ht1fwijibpj223v35sb2e.jpg,
https://wx3.sinaimg.cn/large/7d6f5225gy1ht1fzzto2xj22xt4eou18.jpg,
https://wx3.sinaimg.cn/large/7d6f5225gy1ht1g72kvwqj24eo2xtnpq.jpg,
https://wx3.sinaimg.cn/large/7d6f5225ly1haad93vqcaj21o0280e82.jpg,
https://wx3.sinaimg.cn/large/7d6f5225ly1hawb0i7bvuj22jm1fjx6p.jpg,
https://wx3.sinaimg.cn/large/7d6f5225ly1hawb1aygddj22m81h0e82.jpg,
https://wx3.sinaimg.cn/large/7d6f5225ly1hbw0c3uxh6j20wq17me00.jpg,
https://wx3.sinaimg.cn/large/7d6f5225ly1hbw0c9n493j20wq17lave.jpg,
https://wx3.sinaimg.cn/large/7d6f5225ly1hbw0cl4c7ij20wq17mdyk.jpg,
https://wx3.sinaimg.cn/large/7d6f5225ly1hbybj8tyzgj20wq17lqpt.jpg,
https://wx3.sinaimg.cn/large/7d6f5225ly1hbybjd2fsqj20wq17mqqb.jpg,
https://wx3.sinaimg.cn/large/7d6f5225ly1hd2taemkmhj21o0280hdu.jpg,
https://wx3.sinaimg.cn/large/7d6f5225ly1he3oga9b6oj21iw217b29.jpg,
https://wx3.sinaimg.cn/large/7d6f5225ly1he3ogl8uajj21o0280kjl.jpg,
https://wx3.sinaimg.cn/large/7d6f5225ly1hf7b00kh0mj21d62ffb2a.jpg,
https://wx3.sinaimg.cn/large/7d6f5225ly1hffcakqv04j21d62yknpe.jpg,
https://wx3.sinaimg.cn/large/7d6f5225ly1hfgcyjq9uwj235s23uu0z.jpg,
https://wx3.sinaimg.cn/large/7d6f5225ly1hfs0nm6g50j20w01kw4qp.jpg,
https://wx3.sinaimg.cn/large/7d6f5225ly1hfs0nq1u48j21o02yo7wi.jpg,
https://wx3.sinaimg.cn/large/7d6f5225ly1hg4watan3dj21d62ykkjn.jpg,
https://wx3.sinaimg.cn/large/7d6f5225ly1hggdisy3xej235s23t4qs.jpg,
https://wx3.sinaimg.cn/large/7d6f5225ly1hggdjc7kfcj23342274qs.jpg,
https://wx3.sinaimg.cn/large/7d6f5225ly1hgh91bks86j20sg0g0gq8.jpg,
https://wx3.sinaimg.cn/large/7d6f5225ly1hgvbe3f4ipj223u35sqv6.jpg,
https://wx3.sinaimg.cn/large/7d6f5225ly1hgvbedrsthj223334nkjm.jpg,
https://wx3.sinaimg.cn/large/7d6f5225ly1hgvbelbpp3j223u35sx6q.jpg,
https://wx3.sinaimg.cn/large/7d6f5225ly1hi3acm93hgj22301e2npd.jpg,
https://wx3.sinaimg.cn/large/7d6f5225ly1hkz297atg2j223u35s7wm.jpg,
https://wx3.sinaimg.cn/large/7d6f5225ly1hkz29e6v4fj223u34vb2c.jpg,
https://wx3.sinaimg.cn/large/7dcf251ely1hfrilwrrpgj225337knpe.jpg,
https://wx3.sinaimg.cn/large/7dcf251ely1hfrimjywy4j225337khdu.jpg,
https://wx3.sinaimg.cn/large/7dcf251ely1hfrinap31xj243c64wkjo.jpg,
https://wx3.sinaimg.cn/large/8149bcfdgy1hhy9s93uj2j24qm35q4qt.jpg,
https://wx3.sinaimg.cn/large/8149bcfdgy1hhy9sdmuz9j235q4qm4qv.jpg,
https://wx3.sinaimg.cn/large/8149bcfdgy1hhy9stsyf0j24qm35qqv8.jpg,
https://wx3.sinaimg.cn/large/8149bcfdgy1hhy9t4e5fcj235q4qm7wl.jpg,
https://wx3.sinaimg.cn/large/8149bcfdgy1hhy9tal40yj24qm35qhdy.jpg,
https://wx3.sinaimg.cn/large/8149bcfdgy1htwn43hwosj22xs4eo7wm.jpg,
https://wx3.sinaimg.cn/large/83776be6gy1hbiysijc5oj20u019044d.jpg,
https://wx3.sinaimg.cn/large/83776be6gy1hbiysimf7nj20u0190wll.jpg,
https://wx3.sinaimg.cn/large/83776be6gy1hbiysio55mj20u0190476.jpg,
https://wx3.sinaimg.cn/large/83776be6gy1hbiyssgo73j20u0190n60.jpg,
https://wx3.sinaimg.cn/large/83776be6gy1hbiytv9whmj20u0190dml.jpg,
https://wx3.sinaimg.cn/large/83776be6gy1hbiytvauzbj20u0190q8m.jpg,
https://wx3.sinaimg.cn/large/83776be6gy1hbiytvb0x4j20u0190tfh.jpg,
https://wx3.sinaimg.cn/large/83776be6gy1hbiytvb9wdj20u0190dmb.jpg,
https://wx3.sinaimg.cn/large/88b4117fgy1hu033at6dcj21o02yo1l0.jpg,
https://wx3.sinaimg.cn/large/8c5c857dgy1ht2f9lcfzij20u0190gs9.jpg,
https://wx3.sinaimg.cn/large/8c5c857dgy1ht2f9n7fu8j21hd0u0jyo.jpg,
https://wx3.sinaimg.cn/large/8f751903gy1hugcqfd9epj216u1s9nei.jpg,
https://wx3.sinaimg.cn/large/8f751903gy1hugcrei0iij22ay3gfx6q.jpg,
https://wx3.sinaimg.cn/large/8f751903gy1hugcrj8bm2j25e93llnpi.jpg,
https://wx3.sinaimg.cn/large/8f751903gy1hugcsbjudoj24eo2sl4qs.jpg,
https://wx3.sinaimg.cn/large/97c80decgy1hu1bh26mbgj20u019kjvj.jpg,
https://wx3.sinaimg.cn/large/97c80decgy1hu1bh4xh09j215t0u0n29.jpg,
https://wx3.sinaimg.cn/large/9801b567gy1ht2q1o7u7oj21oh2iohdt.jpg,
https://wx3.sinaimg.cn/large/9801b567gy1ht2q1p8k5rj21oh2ioe81.jpg,
https://wx3.sinaimg.cn/large/9801b567gy1ht2q1rhob6j23rz2ip7wk.jpg,
https://wx3.sinaimg.cn/large/9801b567gy1ht2q1u04v8j23rz2ipe83.jpg,
https://wx3.sinaimg.cn/large/9801b567gy1htq054qr5uj22802yo1kz.jpg,
https://wx3.sinaimg.cn/large/9801b567gy1htq055o5evj21o0280npd.jpg,
https://wx3.sinaimg.cn/large/9801b567gy1htq057856ej22802yoqv6.jpg,
https://wx3.sinaimg.cn/large/9801b567gy1htq0584j2dj21o0280npd.jpg,
https://wx3.sinaimg.cn/large/9801b567gy1htq05kqo9oj22802yohdv.jpg,
https://wx3.sinaimg.cn/large/a46db53bly1hprrfymkcwj20xc37c4qp.jpg,
https://wx3.sinaimg.cn/large/a46db53bly1hpsrh1d4u1j20xc2on1kx.jpg,
https://wx3.sinaimg.cn/large/a46db53bly1hpsrh1zsfgj215o2pgqtm.jpg,
https://wx3.sinaimg.cn/large/a46db53bly1hpsrh6a19vj20xc4i5kjl.jpg,
https://wx3.sinaimg.cn/large/a7ae4aacgy1homdicv8baj21qi15o1kx.jpg,
https://wx3.sinaimg.cn/large/a7ae4aacgy1homdimuou0j21qi15o4qp.jpg,
https://wx3.sinaimg.cn/large/a7ae4aacgy1homdinhb4kj21qi15o7th.jpg,
https://wx3.sinaimg.cn/large/a7ae4aacgy1hpx9dod5aqj21qh15o4qp.jpg,
https://wx3.sinaimg.cn/large/a7ae4aacgy1hpx9dojgucj215o1qhe6c.jpg,
https://wx3.sinaimg.cn/large/a7ae4aacgy1hpx9dqenxpj215o1qh7wh.jpg,
https://wx3.sinaimg.cn/large/a7ae4aacgy1hpx9dqeny6j21qh15o7wh.jpg,
https://wx3.sinaimg.cn/large/b1957e8bgy1ht3txkr1ckj22xs4eo4qs.jpg,
https://wx3.sinaimg.cn/large/b1957e8bgy1ht3ty1szwuj24eo2hab2c.jpg,
https://wx3.sinaimg.cn/large/b1957e8bly1hjq4dvgqnhj20sg19n1kx.jpg,
https://wx3.sinaimg.cn/large/c71c413aly1hdg6bd5kwmg20fc0dw4r6.gif,
https://wx3.sinaimg.cn/large/c71c413aly1hdg6c04kdgg20au0m8npw.gif,
https://wx3.sinaimg.cn/large/c71c413aly1hdg6ccwj6cg20au0m8kk5.gif,
https://wx3.sinaimg.cn/large/c71c413aly1hdg6d2w0g4g20dw0ckb2s.gif,
https://wx3.sinaimg.cn/large/c71c413aly1hdg6d3pj3kj21ls2ttaj8.jpg,
https://wx3.sinaimg.cn/large/cff92cfcgy1htztd55q0nj22yo1o0e82.jpg,
https://wx3.sinaimg.cn/large/cff92cfcly1houtk0oevdj23h05c8e88.jpg,
https://wx3.sinaimg.cn/large/cff92cfcly1houtkb9td9j23ls5eonpm.jpg,
https://wx3.sinaimg.cn/large/cff92cfcly1houtlbxy2wj23jw5aohe2.jpg,
https://wx3.sinaimg.cn/orj480/0024gBlVgy1ha0vt5nblzj60k00qogum02.jpg,
https://wx3.sinaimg.cn/orj480/004hVtWhly1haainvbbbkj60ei0jcq8l02.jpg,
https://wx3.sinaimg.cn/orj480/006Z42DGly1heasephz3wj30u00gwdo8.jpg,
https://wx3.sinaimg.cn/orj480/007v2HmQly1hegbk1e6rvj30u00gvjsy.jpg,
https://wx3.sinaimg.cn/orj480/7d6f5225gy1hkccz9pudcj20om0wun6p.jpg,
https://wx3.sinaimg.cn/orj480/7d6f5225gy1ho84e7et2uj20u0141153.jpg,
https://wx3.sinaimg.cn/orj480/7d6f5225gy1howih8uze7j20om0wuwll.jpg,
https://wx3.sinaimg.cn/orj480/7d6f5225gy1hq53ymoy1ej20u0141qgh.jpg,
https://wx3.sinaimg.cn/orj480/7d6f5225gy1hu00mpyie8j21o02817wh.jpg,
https://wx3.sinaimg.cn/orj480/7d6f5225ly1h2qil8zf8rj20u01hcq6f.jpg,
https://wx3.sinaimg.cn/orj480/7d6f5225ly1hdgzwd62ppj20om0wvgu3.jpg,
https://wx3.sinaimg.cn/orj480/96cd6b50gy1hk47qpamwmj20u014143e.jpg,
https://wx4.sinaimg.cn/large/006187zHly1hd50ogu938j36bk47se8e.jpg,
https://wx4.sinaimg.cn/large/006187zHly1hd50qkdcemj36bk47se8d.jpg,
https://wx4.sinaimg.cn/large/006187zHly1hd50rds3p6j347s6bkhe5.jpg,
https://wx4.sinaimg.cn/large/006187zHly1hd50s3t1kej36sa3tenpo.jpg,
https://wx4.sinaimg.cn/large/006187zHly1hd50u8a2a7j36bk47s4r5.jpg,
https://wx4.sinaimg.cn/large/006187zHly1hd50uxkv7tj31t0cfjnpr.jpg,
https://wx4.sinaimg.cn/large/0066PKAfgy1hcb3lqtas7j31uo1uou0u.jpg,
https://wx4.sinaimg.cn/large/0066PKAfgy1hcb3pqgz4vj30t6cn2b2a.jpg,
https://wx4.sinaimg.cn/large/0066PKAfgy1hcb3qcenfej30wt99ox6p.jpg,
https://wx4.sinaimg.cn/large/0067Lrddgy1hkxwzbl3orj315o1e04qp.jpg,
https://wx4.sinaimg.cn/large/0067Lrddgy1hkxwze94n5g3079074hdw.gif,
https://wx4.sinaimg.cn/large/0067Lrddgy1hkxwzhp28mg308m0blb2c.gif,
https://wx4.sinaimg.cn/large/00681cWfgy1he517ab4u2j337k1d6x6p.jpg,
https://wx4.sinaimg.cn/large/00681cWfgy1he517fqokdj337k1x6npe.jpg,
https://wx4.sinaimg.cn/large/006D69oagy1ht02s23s8mj33y85xc4qw.jpg,
https://wx4.sinaimg.cn/large/006Mukthly1hjr8fzndznj335s35s4qq.jpg,
https://wx4.sinaimg.cn/large/006Mukthly1hjr8g38tauj335s35sb2a.jpg,
https://wx4.sinaimg.cn/large/006Mukthly1hjr8gb6i7lj347s6bkx6z.jpg,
https://wx4.sinaimg.cn/large/006Mukthly1hjr8h5khdcj347s6bknpm.jpg,
https://wx4.sinaimg.cn/large/006Mukthly1hjr8h97fo5j323w35s1ky.jpg,
https://wx4.sinaimg.cn/large/006SJccCly1hkuqxjjhzvj30sg0w0dqi.jpg,
https://wx4.sinaimg.cn/large/006SJccCly1hkuqxjmhwsj30sg0vzk49.jpg,
https://wx4.sinaimg.cn/large/006SJccCly1hkuqzhjfhqj30sg0g3ju9.jpg,
https://wx4.sinaimg.cn/large/006SJccCly1hkuqzhjlvij30sg0g1mzs.jpg,
https://wx4.sinaimg.cn/large/006hdkJkgy1hrp4o7tk5sj30u0190grz.jpg,
https://wx4.sinaimg.cn/large/006hdkJkgy1hrp4oe1gk5j30u0190ah1.jpg,
https://wx4.sinaimg.cn/large/006hdkJkgy1hrp4of13yaj30u0190gsi.jpg,
https://wx4.sinaimg.cn/large/006ixwxngy1hkx625x2avj335s7hekjo.jpg,
https://wx4.sinaimg.cn/large/006ixwxngy1hkxw17zqbqj32g8cn0qvb.jpg,
https://wx4.sinaimg.cn/large/007cNRq8gy1hjflhf4fx6j31d6cn1x6x.jpg,
https://wx4.sinaimg.cn/large/007cNRq8gy1hjflhy7358j34mo334kjs.jpg,
https://wx4.sinaimg.cn/large/007v2HmQly1hb7z4cql39j30u0196n2r.jpg,
https://wx4.sinaimg.cn/large/007v2HmQly1hb7z4ezd1xj319b0u079z.jpg,
https://wx4.sinaimg.cn/large/007v2HmQly1hb7z4fs29mj31900u0n2w.jpg,
https://wx4.sinaimg.cn/large/007v2HmQly1hbnrlhjl8pj30u0190gue.jpg,
https://wx4.sinaimg.cn/large/007v2HmQly1hbnrli3i21j30u0190wnm.jpg,
https://wx4.sinaimg.cn/large/007v2HmQly1hbnrm24bd8j30u018zgxw.jpg,
https://wx4.sinaimg.cn/large/007v2HmQly1hbnrm69gr6j318z0u0thb.jpg,
https://wx4.sinaimg.cn/large/007v2HmQly1hbnrm6ol2zj30u018zgvd.jpg,
https://wx4.sinaimg.cn/large/007v2HmQly1hbnrmarwxvj30u018zajm.jpg,
https://wx4.sinaimg.cn/large/007v2HmQly1hbnrmjp91oj30u018ztk2.jpg,
https://wx4.sinaimg.cn/large/007v2HmQly1hc1q4vcjpmj318z0u0jzt.jpg,
https://wx4.sinaimg.cn/large/007v2HmQly1hc1q4vn57xj30u018z45d.jpg,
https://wx4.sinaimg.cn/large/007v2HmQly1hc1q4wbrn1j30u018zjzd.jpg,
https://wx4.sinaimg.cn/large/007v2HmQly1hc1q4z002hj30u018z46n.jpg,
https://wx4.sinaimg.cn/large/007v2HmQly1hjr18n9r8jj30u018zwp8.jpg,
https://wx4.sinaimg.cn/large/007v2HmQly1hjr18oh4qdj318z0u0154.jpg,
https://wx4.sinaimg.cn/large/007v2HmQly1hjr1a2dtrdj318z0u0tiy.jpg,
https://wx4.sinaimg.cn/large/007v2HmQly1hjzdzt9l62j30u0196n63.jpg,
https://wx4.sinaimg.cn/large/007v2HmQly1hjzdztrqgxj30u0195akd.jpg,
https://wx4.sinaimg.cn/large/007v2HmQly1hk0ctchiavj30u0196wn7.jpg,
https://wx4.sinaimg.cn/large/007v2HmQly1hk0ctcshguj30u0197k15.jpg,
https://wx4.sinaimg.cn/large/007v2HmQly1hk0cteikl1j30u0190dpo.jpg,
https://wx4.sinaimg.cn/large/007v2HmQly1hk0ctev9y4j30u019bwmq.jpg,
https://wx4.sinaimg.cn/large/007v2HmQly1hk0ctfc5rjj30u0195ak7.jpg,
https://wx4.sinaimg.cn/large/008bQ1pvgy1h9zykx54xhj34rg36dx6q.jpg,
https://wx4.sinaimg.cn/large/008bQ1pvgy1ha003tsrr5j3256256b2a.jpg,
https://wx4.sinaimg.cn/large/008bQ1pvgy1ha003urwiuj3256256qv5.jpg,
https://wx4.sinaimg.cn/large/008bQ1pvgy1ha00i84iufj3256256x6p.jpg,
https://wx4.sinaimg.cn/large/008bQ1pvgy1hbdjenwt9gj33cf50kx6s.jpg,
https://wx4.sinaimg.cn/large/008bQ1pvgy1hbf23ra428j30u4195ahj.jpg,
https://wx4.sinaimg.cn/large/008bQ1pvgy1hg7rbmj3x0j30r86ffnpe.jpg,
https://wx4.sinaimg.cn/large/008bQ1pvgy1hi1wbpzx4jj31be9g2u0z.jpg,
https://wx4.sinaimg.cn/large/008bQ1pvgy1hi1wdjmd27j31jk1121cs.jpg,
https://wx4.sinaimg.cn/large/008y48Z1gy1hr8uz5p6txj30ku4k8hdt.jpg,
https://wx4.sinaimg.cn/large/62ff67c7gy1hr57rxpok1j21o0280x6q.jpg,
https://wx4.sinaimg.cn/large/62ff67c7gy1hr57s3gp3kj22yo3y8kjo.jpg,
https://wx4.sinaimg.cn/large/62ff67c7gy1hr57scl1vzj21sc2ds7wi.jpg,
https://wx4.sinaimg.cn/large/6dc9747egy1hq22uh4ggpj242f5zyhdy.jpg,
https://wx4.sinaimg.cn/large/6dc9747egy1hq22xoxmzzj248w6dcu13.jpg,
https://wx4.sinaimg.cn/large/6dc9747egy1hq22yg2gsaj26dc48wu17.jpg,
https://wx4.sinaimg.cn/large/6dc9747egy1hq22zjne9uj248w6dcqvc.jpg,
https://wx4.sinaimg.cn/large/6dc9747egy1hq2301h1cej248w6dce87.jpg,
https://wx4.sinaimg.cn/large/6dd57c31gy1hkup68i1a6j22bc1jku0y.jpg,
https://wx4.sinaimg.cn/large/6dd57c31gy1htpkblg2zmj21jk2bae82.jpg,
https://wx4.sinaimg.cn/large/6dd57c31gy1htpkbpb3ioj21jk2bahdu.jpg,
https://wx4.sinaimg.cn/large/6dd57c31gy1htpkbrxiakj21jk2baqv6.jpg,
https://wx4.sinaimg.cn/large/6dd57c31gy1htpkbsrxg2j21jk0v9b29.jpg,
https://wx4.sinaimg.cn/large/6dd57c31gy1htpkbumkkkj21jk1121kx.jpg,
https://wx4.sinaimg.cn/large/6dd57c31gy1hu1860ei16j21sc2dsqv6.jpg,
https://wx4.sinaimg.cn/large/6f5f4997gy1hkuqc05hjzj22kl3uw4qt.jpg,
https://wx4.sinaimg.cn/large/6f5f4997gy1hkuqc3l0uqj22kl3uwqvb.jpg,
https://wx4.sinaimg.cn/large/6f5f4997gy1hkuqc8frfxj22km3uwqva.jpg,
https://wx4.sinaimg.cn/large/6f5f4997gy1hkuqcum9ggj22kl3uwb2g.jpg,
https://wx4.sinaimg.cn/large/6f5f4997gy1hkuqczbp5ij22mc3uwnpk.jpg,
https://wx4.sinaimg.cn/large/6f5f4997gy1hkuqd4cqb5j22kl3uwqvd.jpg,
https://wx4.sinaimg.cn/large/6f5f4997gy1hkuqdghhaqj23uw2izhe0.jpg,
https://wx4.sinaimg.cn/large/6f5f4997gy1hr3s5qecfbj23344mob2g.jpg,
https://wx4.sinaimg.cn/large/6f5f4997gy1hr3s6o66y7j23344mo1l4.jpg,
https://wx4.sinaimg.cn/large/6f5f4997gy1hr3sbfmgqxj23344monph.jpg,
https://wx4.sinaimg.cn/large/6f5f4997gy1hr3sbshzajj24mo334b2d.jpg,
https://wx4.sinaimg.cn/large/6f91511fgy1hr2fn3q4b0j20u018yqau.jpg,
https://wx4.sinaimg.cn/large/6f91511fgy1hr2fn5ftyrj20u018y45s.jpg,
https://wx4.sinaimg.cn/large/6f91511fgy1hr2fnehbewj20u018ywm4.jpg,
https://wx4.sinaimg.cn/large/6f91511fgy1htzkr1wj7mj20u01hdk4c.jpg,
https://wx4.sinaimg.cn/large/6f91511fgy1htzkr2sk8bj20u01hck6q.jpg,
https://wx4.sinaimg.cn/large/6f91511fgy1htzks874hwj20u01hc14d.jpg,
https://wx4.sinaimg.cn/large/7d6f5225gy1hdnrxcocd1j21o0280kjm.jpg,
https://wx4.sinaimg.cn/large/7d6f5225gy1hdnrxpnqi7j21o0280qv6.jpg,
https://wx4.sinaimg.cn/large/7d6f5225gy1hhn6oqazrej21o02yonpe.jpg,
https://wx4.sinaimg.cn/large/7d6f5225gy1hlpv6k4co1j218g1uob29.jpg,
https://wx4.sinaimg.cn/large/7d6f5225gy1hm4t41nectj22yo1o01l0.jpg,
https://wx4.sinaimg.cn/large/7d6f5225gy1hnf4b2y7w4j21o02xqu0y.jpg,
https://wx4.sinaimg.cn/large/7d6f5225gy1ho2ex4w66mj21o02807wj.jpg,
https://wx4.sinaimg.cn/large/7d6f5225gy1hpn28zfdlvj235s23u7wj.jpg,
https://wx4.sinaimg.cn/large/7d6f5225gy1hpn29o09h4j235s23t4qr.jpg,
https://wx4.sinaimg.cn/large/7d6f5225gy1ht1g3cbvddj24eo2xt4r1.jpg,
https://wx4.sinaimg.cn/large/7d6f5225gy1ht1g5yqx71j24eo2xtqvc.jpg,
https://wx4.sinaimg.cn/large/7d6f5225ly1ha4n0a8s1ij21o0280x6p.jpg,
https://wx4.sinaimg.cn/large/7d6f5225ly1haad8yv2eej21ka231npd.jpg,
https://wx4.sinaimg.cn/large/7d6f5225ly1hawb24t134j20s71e5tsd.jpg,
https://wx4.sinaimg.cn/large/7d6f5225ly1hbybjge5z4j20wq17mtyx.jpg,
https://wx4.sinaimg.cn/large/7d6f5225ly1hd2ta8lr9ij21o0280hdu.jpg,
https://wx4.sinaimg.cn/large/7d6f5225ly1hd2tap8g6rj22801o0x6p.jpg,
https://wx4.sinaimg.cn/large/7d6f5225ly1hfgcyllet5j223u35s4qq.jpg,
https://wx4.sinaimg.cn/large/7d6f5225ly1hfgeiin4suj21z00wre81.jpg,
https://wx4.sinaimg.cn/large/7d6f5225ly1hfgeja4pyrj21z00wrhdt.jpg,
https://wx4.sinaimg.cn/large/7d6f5225ly1hfs0ntk4y6j21o02yo1ky.jpg,
https://wx4.sinaimg.cn/large/7d6f5225ly1hfs0o2ukryj21o02yo4qq.jpg,
https://wx4.sinaimg.cn/large/7d6f5225ly1hfs0o75zomj21o02yo1ky.jpg,
https://wx4.sinaimg.cn/large/7d6f5225ly1hgcjpo0n1fj22yk1d61kz.jpg,
https://wx4.sinaimg.cn/large/7d6f5225ly1hggdiez0aoj223u35se84.jpg,
https://wx4.sinaimg.cn/large/7d6f5225ly1hggdijl7c8j223u35su0z.jpg,
https://wx4.sinaimg.cn/large/7d6f5225ly1hgvbehppobj223u35s000.jpg,
https://wx4.sinaimg.cn/large/7d6f5225ly1hgvbet19i6j235s23uhdu.jpg,
https://wx4.sinaimg.cn/large/7d6f5225ly1hhdwsk4reyj223u35s7wj.jpg,
https://wx4.sinaimg.cn/large/7d6f5225ly1hkz29qh58pj227935sb2d.jpg,
https://wx4.sinaimg.cn/large/7dcf251ely1hfrim813j3j225337kb2a.jpg,
https://wx4.sinaimg.cn/large/7dcf251ely1hfrin0w8pjj225337k1kz.jpg,
https://wx4.sinaimg.cn/large/8149bcfdgy1hhy9t7j876j235q4qme88.jpg,
https://wx4.sinaimg.cn/large/8149bcfdgy1hhylatr3txj21jkbefkju.jpg,
https://wx4.sinaimg.cn/large/8149bcfdgy1htwn3vj369j22xs4eo4qu.jpg,
https://wx4.sinaimg.cn/large/8149bcfdgy1htwn4bcrwuj22xs4eohdx.jpg,
https://wx4.sinaimg.cn/large/83776be6gy1hbiysiqshrj20u0190111.jpg,
https://wx4.sinaimg.cn/large/83776be6gy1hbiysj2vldj20u0190jwv.jpg,
https://wx4.sinaimg.cn/large/83776be6gy1hbiytvgsw4j20u0190wlk.jpg,
https://wx4.sinaimg.cn/large/88b4117fgy1hu033crml0j21o02yox6r.jpg,
https://wx4.sinaimg.cn/large/891f38b7gy1hm86200kixj20u01da7wh.jpg,
https://wx4.sinaimg.cn/large/8f751903gy1hugcq2gno2j23ll5e91l1.jpg,
https://wx4.sinaimg.cn/large/8f751903gy1hugcqsh7p4j24ve2y51l2.jpg,
https://wx4.sinaimg.cn/large/8f751903gy1hugcr2giz9j23ll5e91l6.jpg,
https://wx4.sinaimg.cn/large/8f751903gy1hugcs52dfsj23ll5e97wo.jpg,
https://wx4.sinaimg.cn/large/97c80decgy1hu1bh5eusgj20u017mjvv.jpg,
https://wx4.sinaimg.cn/large/9801b567gy1ht2q22innvj23jh1zqe83.jpg,
https://wx4.sinaimg.cn/large/9801b567gy1htq05eqq87j22802yob2b.jpg,
https://wx4.sinaimg.cn/large/9801b567gy1htq05m39sfj21o0280kjl.jpg,
https://wx4.sinaimg.cn/large/9801b567gy1htq05nz091j22802yoqv6.jpg,
https://wx4.sinaimg.cn/large/9801b567gy1htq05p9v6sj21hc1z4u0x.jpg,
https://wx4.sinaimg.cn/large/a46db53bly1hprrfsslqij228y2ishdu.jpg,
https://wx4.sinaimg.cn/large/a46db53bly1hprrfxplasj20xc4bwkjl.jpg,
https://wx4.sinaimg.cn/large/a46db53bly1hpsrh2k8bzj20we2ipe7n.jpg,
https://wx4.sinaimg.cn/large/a46db53bly1hpsrh47sbej20uk56xu0x.jpg,
https://wx4.sinaimg.cn/large/a46db53bly1hpsrh4y0fuj228y2iwkjl.jpg,
https://wx4.sinaimg.cn/large/a7ae4aacgy1homdih5wygj215o1qikg3.jpg,
https://wx4.sinaimg.cn/large/a7ae4aacgy1homdij9rqmj21qi15o1kx.jpg,
https://wx4.sinaimg.cn/large/a7ae4aacgy1homdilfu15j21qi15ox4b.jpg,
https://wx4.sinaimg.cn/large/a7ae4aacgy1hpx9dodsg2j215o1qhqti.jpg,
https://wx4.sinaimg.cn/large/a7ae4aacgy1hpx9dq4m3sj215o1qhx27.jpg,
https://wx4.sinaimg.cn/large/a7ae4aacgy1hpx9dq6ygyj215o1qhx38.jpg,
https://wx4.sinaimg.cn/large/a7ae4aacgy1hpx9dqaho9j215o1qhx5w.jpg,
https://wx4.sinaimg.cn/large/a7ae4aacgy1hpx9dqdsspj21qh15o7wh.jpg,
https://wx4.sinaimg.cn/large/a7ae4aacgy1hpx9dqe57bj215o1qh7wh.jpg,
https://wx4.sinaimg.cn/large/a7ae4aacgy1hpx9dqed3aj215o1qh4qp.jpg,
https://wx4.sinaimg.cn/large/b1957e8bgy1ht3txpgkshj22vz4eoe83.jpg,
https://wx4.sinaimg.cn/large/b1957e8bly1hjq4f76thmj25eo3ls4qw.jpg,
https://wx4.sinaimg.cn/large/b1957e8bly1hjq4fm4nctj24re3eakjq.jpg,
https://wx4.sinaimg.cn/large/b1957e8bly1hjq4fsyr92j256k3464qx.jpg,
https://wx4.sinaimg.cn/large/c71c413aly1hdg6b2djhkg20ci0pmb2u.gif,
https://wx4.sinaimg.cn/large/c71c413aly1hdg6cr1741g20dw0ck7x3.gif,
https://wx4.sinaimg.cn/large/c71c413aly1hdg6d4cezrj234n34nqjr.jpg,
https://wx4.sinaimg.cn/large/cff92cfcgy1htztcmqfwzj23i94n2he0.jpg,
https://wx4.sinaimg.cn/large/cff92cfcgy1htztcsfot7j23ls5eo1l8.jpg,
https://wx4.sinaimg.cn/large/cff92cfcly1houtigbkb3j23ls5eo1l7.jpg,
https://wx4.sinaimg.cn/large/cff92cfcly1houtku90rtj23ls5eo7wr.jpg,
https://wx4.sinaimg.cn/large/cff92cfcly1houtl242p4j23ls5eoe88.jpg,
https://wx4.sinaimg.cn/large/cff92cfcly1houtlm4it0j23ls5eo1l6.jpg,
https://wx4.sinaimg.cn/large/d943c662ly1hc9t8knjg1j243c64wu10.jpg,
https://wx4.sinaimg.cn/large/d943c662ly1hc9t8tb4dlj25qa4am7wo.jpg,
https://wx4.sinaimg.cn/large/d943c662ly1hc9t8yqtkxj264w43c4qs.jpg,
https://wx4.sinaimg.cn/large/e2a8fd93gy1htul8m9zimj23n83n81kx.jpg,
https://wx4.sinaimg.cn/large/e2a8fd93gy1htul8nqlatj23n83n84qp.jpg,
https://wx4.sinaimg.cn/large/e2a8fd93gy1htuo1w7qhij23n83n87vn.jpg,
https://wx4.sinaimg.cn/orj480/7d6f5225ly1hdi0uf7ue7j20om0wudnp.jpg