https://conchfairy.sinajs.cn/chat/img/card_default.db1db0bb.gif,
https://i0.hdslb.com/bfs/archive/24527a95805bd9dc7f4bb11a4810f4542300c32f.jpg,
https://ww1.sinaimg.cn/orj480/8f26fe5fjw1fbyjfxf2kkj20dc0nqq3j.jpg,
https://ww1.sinaimg.cn/orj480/8f26fe5fjw1fc46i50ni3j20dc0nqwes.jpg,
https://ww2.sinaimg.cn/orj480/8f26fe5fjw1fc2yyjc6hvj20dc0nqwf4.jpg,
https://ww3.sinaimg.cn/orj480/736f0c7ejw1f6j0q5f3azj20dc0nomze.jpg,
https://ww3.sinaimg.cn/orj480/8f26fe5fjw1fc9zfvbsjzj20dc0nqmxt.jpg,
https://wx1.sinaimg.cn/crop.0.150.1620.901/8f26fe5fgy1gkfquaq44sj21900u0u0z.jpg,
https://wx1.sinaimg.cn/crop.0.173.1619.900/007NA8ougy1gjlif9nzk5j318z0u0kjo.jpg,
https://wx1.sinaimg.cn/crop.0.6.1920.1067/001fyIfngy1guw7fteafvj61hc0u0gzr02.jpg,
https://wx1.sinaimg.cn/crop.0.6.1920.1067/007ccotFgy1h3b2wuv31pj31hc0u0k08.jpg,
https://wx1.sinaimg.cn/large/002MS1cxly1grr9ob3nxrj66bk47snpg02.jpg,
https://wx1.sinaimg.cn/large/002MS1cxly1grr9ohplxjj63z45yke8302.jpg,
https://wx1.sinaimg.cn/large/002kgTzWly1gihuy5vjbhj60u012kdq302.jpg,
https://wx1.sinaimg.cn/large/002kgTzWly1gihuy6qslwj61at46bkjn02.jpg,
https://wx1.sinaimg.cn/large/005FMk8Tly1gprb9nc8pyj30v40laqsl.jpg,
https://wx1.sinaimg.cn/large/005FMk8Tly1gprb9ncb5nj31120kwe81.jpg,
https://wx1.sinaimg.cn/large/005FMk8Tly1gprb9nrnw3j31280kckfe.jpg,
https://wx1.sinaimg.cn/large/005FMk8Tly1gprb9nzelvj310y0l01fs.jpg,
https://wx1.sinaimg.cn/large/005Kp8MMgy1g9jimys2qlj31y44dsb2h.jpg,
https://wx1.sinaimg.cn/large/005Kp8MMgy1g9jinfbol1j31xu4d0kjq.jpg,
https://wx1.sinaimg.cn/large/005N8xjPgy1he68r8na9rj30b80gt0td.jpg,
https://wx1.sinaimg.cn/large/005XoPZWly1hbw6mpw1m4j30yi0mxq4t.jpg,
https://wx1.sinaimg.cn/large/005XoPZWly1hbw6mqqk9kj30yi0qmmzw.jpg,
https://wx1.sinaimg.cn/large/005XoPZWly1hbw6mqxzddj30zo0dlq4m.jpg,
https://wx1.sinaimg.cn/large/006CIHwQgy1gm9mhn2c2cj318z0u0e83.jpg,
https://wx1.sinaimg.cn/large/006CIHwQgy1hdryzufhe1j31900u0jzz.jpg,
https://wx1.sinaimg.cn/large/006ZBbNLgy1gqyap2twp7g306o06odpx.gif,
https://wx1.sinaimg.cn/large/006ZBbNLgy1gqyap303vqg306o06oajc.gif,
https://wx1.sinaimg.cn/large/006ZBbNLgy1gqyap7qo9gg306o06otjv.gif,
https://wx1.sinaimg.cn/large/006ZBbNLgy1gqyap7rw2jg306o06owlp.gif,
https://wx1.sinaimg.cn/large/006ZBbNLgy1gqyap7tmsng306o06otj7.gif,
https://wx1.sinaimg.cn/large/006ZBbNLgy1gqyap7uli6g306o06ok49.gif,
https://wx1.sinaimg.cn/large/00760y5Dgy1gov5ivkrk3j31h90mxq8w.jpg,
https://wx1.sinaimg.cn/large/00760y5Dgy1gov5ivme7kj31h90mvtgj.jpg,
https://wx1.sinaimg.cn/large/00760y5Dgy1gov5ivo7xvj31hc0suam3.jpg,
https://wx1.sinaimg.cn/large/00760y5Dgy1gov5ivqpwzj31hc0sudst.jpg,
https://wx1.sinaimg.cn/large/00760y5Dgy1gov5ivw84fj31h90mrjzk.jpg,
https://wx1.sinaimg.cn/large/007E33VLgy1gls0g38knsj30v90fhdo2.jpg,
https://wx1.sinaimg.cn/large/007E33VLgy1gls0g4ippvj30v90e9wg3.jpg,
https://wx1.sinaimg.cn/large/007E33VLgy1gls0g55pe7j30v90g2di6.jpg,
https://wx1.sinaimg.cn/large/007E33VLgy1gls0g5wzmpj30v90pzn2t.jpg,
https://wx1.sinaimg.cn/large/007E33VLgy1gls0g69qwqj30v90e446n.jpg,
https://wx1.sinaimg.cn/large/007E33VLgy1gls0g7p65uj30v90j2whk.jpg,
https://wx1.sinaimg.cn/large/007E33VLgy1gls0g8mtjnj30v90jfk4h.jpg,
https://wx1.sinaimg.cn/large/007E33VLgy1gls0g9102aj30v10n2q76.jpg,
https://wx1.sinaimg.cn/large/007E33VLgy1gls0g9bnvzj30v90oatdl.jpg,
https://wx1.sinaimg.cn/large/007E33VLgy1gls0g9nwrij30v90dwgnb.jpg,
https://wx1.sinaimg.cn/large/007J4u2Ogy1g5zaf1hwaij30u0140n8n.jpg,
https://wx1.sinaimg.cn/large/007NA8ougy1gi85mlltm2j30u01904qr.jpg,
https://wx1.sinaimg.cn/large/007NA8ougy1gi85mqnfvoj31900u0kjn.jpg,
https://wx1.sinaimg.cn/large/007NA8ougy1gi85njm0ckj30u0140e84.jpg,
https://wx1.sinaimg.cn/large/007NA8ougy1gi85p7dya4j31900u0e83.jpg,
https://wx1.sinaimg.cn/large/43aeabd5gy1ghdj6ohikgj20in0ahjse.jpg,
https://wx1.sinaimg.cn/large/43aeabd5gy1ghdj6ovi89j20hs0a0abb.jpg,
https://wx1.sinaimg.cn/large/43aeabd5gy1ghdj6p6tltj20sg0lcqa4.jpg,
https://wx1.sinaimg.cn/large/43aeabd5gy1ghdj6qzdhuj20lc0sgqap.jpg,
https://wx1.sinaimg.cn/large/43aeabd5gy1ghdj6ruhexj20v30no7o3.jpg,
https://wx1.sinaimg.cn/large/53e61fbbgy1h0uh3miymcj20u01907lq.jpg,
https://wx1.sinaimg.cn/large/5b473a25gy1g9f789baatj20nf0wt4qp.jpg,
https://wx1.sinaimg.cn/large/5b473a25gy1g9f78cqyxej20p50vf1kx.jpg,
https://wx1.sinaimg.cn/large/62109a22ly1gbvpa7czvwj20rs0ign09.jpg,
https://wx1.sinaimg.cn/large/62109a22ly1gbvpa8ckc6j20fi0atmxn.jpg,
https://wx1.sinaimg.cn/large/62109a22ly1gbvpa9x2utj20k00dbmym.jpg,
https://wx1.sinaimg.cn/large/62109a22ly1gbvpaaekttj20la0cswia.jpg,
https://wx1.sinaimg.cn/large/62109a22ly1gbvpaaowoyj20la0d67a6.jpg,
https://wx1.sinaimg.cn/large/62109a22ly1gbvpab1qbdj20so0g5gnd.jpg,
https://wx1.sinaimg.cn/large/6337367dgy1hs3ng8082mj213u0tu47o.jpg,
https://wx1.sinaimg.cn/large/64ed8bedly1gn4uflm9pfj20u00u07wh.jpg,
https://wx1.sinaimg.cn/large/6e7ad70fly1hazegsofe3j20u00uw7c0.jpg,
https://wx1.sinaimg.cn/large/6e7ad70fly1hqmgi4xt4qj20zu0zhjwm.jpg,
https://wx1.sinaimg.cn/large/6e7ad70fly1hqmgi69d3xj20zu0xx15w.jpg,
https://wx1.sinaimg.cn/large/73fcfbc3gy1hiabxtjc6lj21sc2dse82.jpg,
https://wx1.sinaimg.cn/large/766c7a0cly1gggnunhs42j215o1jk4qr.jpg,
https://wx1.sinaimg.cn/large/7f226bcdgy1hr592isavwj20go32fnpd.jpg,
https://wx1.sinaimg.cn/large/7f226bcdgy1hr592j982yj20zk0np41a.jpg,
https://wx1.sinaimg.cn/large/87398af0ly1gqa311yphbj20rs6j7kjq.jpg,
https://wx1.sinaimg.cn/large/87398af0ly1gqa3273lwwj260y40p7wx.jpg,
https://wx1.sinaimg.cn/large/87398af0ly1gzedsx294dj21gmcn3b2k.jpg,
https://wx1.sinaimg.cn/large/87398af0ly1gzedt1cjanj22qf43n1l1.jpg,
https://wx1.sinaimg.cn/large/87398af0ly1gzedt5kji1j22qf43n4qt.jpg,
https://wx1.sinaimg.cn/large/87398af0ly1gzedt76r9dj22qf43n1l2.jpg,
https://wx1.sinaimg.cn/large/87398af0ly1gzedt8qpnmj22qh43ne84.jpg,
https://wx1.sinaimg.cn/large/8f26fe5fgy1hrhrcqobkkj226o39sb2b.jpg,
https://wx1.sinaimg.cn/large/8f26fe5fgy1hritzlqjoij22xs4eo7wk.jpg,
https://wx1.sinaimg.cn/large/8f26fe5fgy1huhma5x16nj22xl4eohdz.jpg,
https://wx1.sinaimg.cn/large/8f26fe5fgy1huhmbmfkszj22xu4eox6v.jpg,
https://wx1.sinaimg.cn/large/8f26fe5fly1hq3110ydm7j22xu4eoe85.jpg,
https://wx1.sinaimg.cn/large/8f26fe5fly1hqc29b7ar3j22xs4eo7wm.jpg,
https://wx1.sinaimg.cn/large/8f26fe5fly1hqc29hgmtpj22xs4eoe85.jpg,
https://wx1.sinaimg.cn/large/8f26fe5fly1hqc2a2i25mj22xs4eob2d.jpg,
https://wx1.sinaimg.cn/large/8f26fe5fly1hqc2a8dvjcj22xs4eob2d.jpg,
https://wx1.sinaimg.cn/large/8f26fe5fly1hqc2asqd3bj22xs4eo4qt.jpg,
https://wx1.sinaimg.cn/large/8f26fe5fly1hqc2ayfz93j245o2wa4qt.jpg,
https://wx1.sinaimg.cn/large/948af5c9ly1hifzr1hznij20qb1amajm.jpg,
https://wx1.sinaimg.cn/large/948af5c9ly1hifzr2y7bkj20pt1afqa1.jpg,
https://wx1.sinaimg.cn/large/948af5c9ly1hifzr481aaj20qv1aqahx.jpg,
https://wx1.sinaimg.cn/large/962035cbly1hdvkhqzppjj264w43c4r3.jpg,
https://wx1.sinaimg.cn/large/962035cbly1hdvki8ayrxj243c64wu19.jpg,
https://wx1.sinaimg.cn/large/962035cbly1hg0gaiu909j243c64wkjw.jpg,
https://wx1.sinaimg.cn/large/a1831252gy1gu3jz6jybuj21jk7x8b2e.jpg,
https://wx1.sinaimg.cn/large/a1831252gy1h0bkmqt88bj21xucmyx6w.jpg,
https://wx1.sinaimg.cn/large/a1831252ly1gbux5p9h2pj20u05dqhdx.jpg,
https://wx1.sinaimg.cn/large/a1831252ly1gbux5y62q0j20u07bve87.jpg,
https://wx1.sinaimg.cn/large/a1831252ly1go5eec15lvj21jk500he1.jpg,
https://wx1.sinaimg.cn/large/bdb0e378gy1hdgs7f4hxjj21wh2ja7wh.jpg,
https://wx1.sinaimg.cn/large/bdb0e378gy1hdgs82cxozj222u2rskjl.jpg,
https://wx1.sinaimg.cn/large/bdb0e378gy1hdgs8fibrwj21r92ccb29.jpg,
https://wx1.sinaimg.cn/large/cff92cfcly1hqtyx2hqdxj23a421wqv6.jpg,
https://wx1.sinaimg.cn/large/cff92cfcly1hqtyxpvy4pj22iv3sakjo.jpg,
https://wx1.sinaimg.cn/large/cff92cfcly1hqtyy5n2f4j229v3bsx6q.jpg,
https://wx1.sinaimg.cn/large/cff92cfcly1hqtyyo2q2jj22iv3ss1l1.jpg,
https://wx1.sinaimg.cn/large/cff92cfcly1hqukt3rlisj22iv3ss4qt.jpg,
https://wx1.sinaimg.cn/orj480/005Wbg2xgy1h0gaezb27zj30k00zkwg0.jpg,
https://wx1.sinaimg.cn/orj480/6e7ad70fly1hb2ufx69jdj20u00gwwlk.jpg,
https://wx1.sinaimg.cn/orj480/8f26fe5fgy1g905482xnhj20u00gwqnl.jpg,
https://wx1.sinaimg.cn/orj480/8f26fe5fgy1g960luv2gij20g00ldqcw.jpg,
https://wx1.sinaimg.cn/orj480/8f26fe5fgy1gbrmsudq1ij21hc0u01gc.jpg,
https://wx1.sinaimg.cn/orj480/8f26fe5fgy1gbu4y0yz1rj21hc0u0hdt.jpg,
https://wx1.sinaimg.cn/orj480/8f26fe5fgy1gexjucivw4j22yo1o0hdt.jpg,
https://wx1.sinaimg.cn/orj480/8f26fe5fgy1gl0mad5lf1j20k00qo7fx.jpg,
https://wx1.sinaimg.cn/orj480/8f26fe5fgy1gruifjulsaj20k00qpasn.jpg,
https://wx1.sinaimg.cn/orj480/8f26fe5fgy1hab5ut3561j20u0141qce.jpg,
https://wx1.sinaimg.cn/orj480/8f26fe5fgy1hfkzhceyokj20u01417fa.jpg,
https://wx1.sinaimg.cn/orj480/8f26fe5fgy1hjskdk9kp6j21o02801kx.jpg,
https://wx1.sinaimg.cn/orj480/8f26fe5fgy1hr58yeh4hmj21o02817wh.jpg,
https://wx1.sinaimg.cn/orj480/8f26fe5fgy1hrmn0lz3voj21o0281e82.jpg,
https://wx1.sinaimg.cn/orj480/8f26fe5fgy1hrq9kjtxscj20om0wuwl3.jpg,
https://wx1.sinaimg.cn/orj480/8f26fe5fgy1hrvwy6koeyj20om0wuqad.jpg,
https://wx1.sinaimg.cn/orj480/8f26fe5fgy1hrwrj76xa6j20om0wutgh.jpg,
https://wx1.sinaimg.cn/orj480/8f26fe5fgy1hsd8jh1ri5j21o02814qp.jpg,
https://wx1.sinaimg.cn/orj480/8f26fe5fgy1hsgp0uwjdoj21o0281kjl.jpg,
https://wx1.sinaimg.cn/orj480/8f26fe5fgy1hsnntozbzoj21o0281hdt.jpg,
https://wx1.sinaimg.cn/orj480/8f26fe5fgy1hsoxll080cj21o0281b29.jpg,
https://wx1.sinaimg.cn/orj480/8f26fe5fgy1hsr6amwzj7j21o0281b29.jpg,
https://wx1.sinaimg.cn/orj480/8f26fe5fgy1hsvp93hh4rj21o02817wh.jpg,
https://wx1.sinaimg.cn/orj480/8f26fe5fgy1htfaz75u3oj21401hcgz5.jpg,
https://wx1.sinaimg.cn/orj480/8f26fe5fgy1htirkb9gsbj21o02817wh.jpg,
https://wx1.sinaimg.cn/orj480/8f26fe5fgy1htk0881j3oj20u01hcgwp.jpg,
https://wx1.sinaimg.cn/orj480/8f26fe5fgy1htm9ugafqaj21o0281ha6.jpg,
https://wx1.sinaimg.cn/orj480/8f26fe5fgy1huhkxmiv7xj21o02817wh.jpg,
https://wx1.sinaimg.cn/orj480/8f26fe5fgy1huivkbnuztj21o0281b29.jpg,
https://wx1.sinaimg.cn/orj480/8f26fe5fgy1hul1sznkt3j22yo1o01ky.jpg,
https://wx1.sinaimg.cn/orj480/8f26fe5fgy1hunb7pi7xmj21o0281b29.jpg,
https://wx1.sinaimg.cn/orj480/8f26fe5fgy1huoe7wicofj20om0wutfi.jpg,
https://wx1.sinaimg.cn/orj480/8f26fe5fgy1huqpzqayfmj21o02814qp.jpg,
https://wx1.sinaimg.cn/orj480/8f26fe5fgy1huu1bx3fv1j21o0281tz5.jpg,
https://wx1.sinaimg.cn/orj480/8f26fe5fgy1huvn8v1pm4j21o0281b29.jpg,
https://wx1.sinaimg.cn/orj480/8f26fe5fgy3g9vlc5knjqj20u00gvqfn.jpg,
https://wx1.sinaimg.cn/orj480/8f26fe5fgy3gbw4pbqyumj21hc0s4h3a.jpg,
https://wx1.sinaimg.cn/orj480/8f26fe5fly1fnl7hwp1c3j20dc0nqq3e.jpg,
https://wx1.sinaimg.cn/orj480/8f26fe5fly1fqaatbwxjwj20f00qowf8.jpg,
https://wx1.sinaimg.cn/orj480/8f26fe5fly1fv74qm9mfwj20qo0b4wet.jpg,
https://wx1.sinaimg.cn/orj480/8f26fe5fly1fwsmlduj87j20g00sg0tk.jpg,
https://wx1.sinaimg.cn/orj480/8f26fe5fly1g3al3tjrwxj20sg0g0mxy.jpg,
https://wx1.sinaimg.cn/orj480/8f26fe5fly1g3kphxj302j20g00lc7dq.jpg,
https://wx1.sinaimg.cn/orj480/8f26fe5fly1g4n374kqzjj20qo0f43z7.jpg,
https://wx1.sinaimg.cn/orj480/8f26fe5fly1gh7w0yfflqj20u01404qp.jpg,
https://wx1.sinaimg.cn/orj480/8f26fe5fly1gh998aecm1j20u01404o1.jpg,
https://wx1.sinaimg.cn/orj480/8f26fe5fly1gm9kvv6k4lj20k00qo7n9.jpg,
https://wx1.sinaimg.cn/orj480/8f26fe5fly1gmldwbju66j20k00qoh8d.jpg,
https://wx1.sinaimg.cn/orj480/8f26fe5fly1gmwrlsno45j20k00qpao9.jpg,
https://wx1.sinaimg.cn/orj480/8f26fe5fly1gnvftlnbfbj20u00gwtu7.jpg,
https://wx1.sinaimg.cn/orj480/8f26fe5fly1go3j6ru3cwj20k00qoqdh.jpg,
https://wx1.sinaimg.cn/orj480/8f26fe5fly1gogczk0gqmj20k00qo7ja.jpg,
https://wx1.sinaimg.cn/orj480/8f26fe5fly1gpkwhjmagzj20k00qokf2.jpg,
https://wx1.sinaimg.cn/orj480/8f26fe5fly1gqk6y5gpocj20k00qp1c4.jpg,
https://wx1.sinaimg.cn/orj480/8f26fe5fly1gqnk6zgswlj20k00qph5o.jpg,
https://wx1.sinaimg.cn/orj480/8f26fe5fly1grgmii59r1j20k00qp7r0.jpg,
https://wx1.sinaimg.cn/orj480/8f26fe5fly1gs40hrs3qpj20u00gxauh.jpg,
https://wx1.sinaimg.cn/orj480/8f26fe5fly1gtwxke829cj20k00qpteq.jpg,
https://wx1.sinaimg.cn/orj480/8f26fe5fly1gxlbqb6amvj21hc0u0n7j.jpg,
https://wx1.sinaimg.cn/orj480/8f26fe5fly1h0ncgmuz2pj20gg09awgc.jpg,
https://wx1.sinaimg.cn/orj480/8f26fe5fly1h2706t9wmqj20u0141ah2.jpg,
https://wx1.sinaimg.cn/orj480/8f26fe5fly1h2jmdhi041j20u0141n4t.jpg,
https://wx1.sinaimg.cn/orj480/8f26fe5fly1h2qjv1r24zj20u0141n9i.jpg,
https://wx1.sinaimg.cn/orj480/8f26fe5fly1h386hblw3nj20t012p7ca.jpg,
https://wx1.sinaimg.cn/orj480/8f26fe5fly1h4tx0briodj20u0141qd1.jpg,
https://wx1.sinaimg.cn/orj480/8f26fe5fly1h5x5g6a94hj20u014177p.jpg,
https://wx1.sinaimg.cn/orj480/8f26fe5fly1h771m8lvohj20u0141q41.jpg,
https://wx1.sinaimg.cn/orj480/8f26fe5fly1h79dxsfr97j20u0141t9w.jpg,
https://wx1.sinaimg.cn/orj480/8f26fe5fly1h7f5j3gihfj20u014175f.jpg,
https://wx1.sinaimg.cn/orj480/8f26fe5fly1h7l9018j9ej20u01hadlr.jpg,
https://wx1.sinaimg.cn/orj480/8f26fe5fly1h7whdzw4mkj20u01hc134.jpg,
https://wx1.sinaimg.cn/orj480/8f26fe5fly1h812mhpbd0j20u0141130.jpg,
https://wx1.sinaimg.cn/orj480/8f26fe5fly1h85qfrqcxdj20u0141alu.jpg,
https://wx1.sinaimg.cn/orj480/8f26fe5fly1h881o45301j20u0141n6f.jpg,
https://wx1.sinaimg.cn/orj480/8f26fe5fly1h8f4plcxr0j20u014148z.jpg,
https://wx1.sinaimg.cn/orj480/8f26fe5fly1h8g6q5sol8j20u0141n65.jpg,
https://wx1.sinaimg.cn/orj480/8f26fe5fly1h900xzrn05j20u0141wnf.jpg,
https://wx1.sinaimg.cn/orj480/8f26fe5fly1h96s5b2ra2j20u0141gtw.jpg,
https://wx1.sinaimg.cn/orj480/8f26fe5fly1h9ktm20a52j20u014111j.jpg,
https://wx1.sinaimg.cn/orj480/8f26fe5fly1h9ociw2k4kj20u01417e5.jpg,
https://wx1.sinaimg.cn/orj480/8f26fe5fly1h9rvpdjanvj20u0141qca.jpg,
https://wx1.sinaimg.cn/orj480/8f26fe5fly1hakgm9xwxgj21hc0u0tkq.jpg,
https://wx1.sinaimg.cn/orj480/8f26fe5fly1hasrspovvhj20u00gwgup.jpg,
https://wx1.sinaimg.cn/orj480/8f26fe5fly1hauucns7pkj20u0141n95.jpg,
https://wx1.sinaimg.cn/orj480/8f26fe5fly1hb9290c15qj20u0141dq8.jpg,
https://wx1.sinaimg.cn/orj480/8f26fe5fly1hbch0vtsmjj20u0141dpq.jpg,
https://wx1.sinaimg.cn/orj480/8f26fe5fly1hbnqsqk5chj20u01417e8.jpg,
https://wx1.sinaimg.cn/orj480/8f26fe5fly1hc2sfg7foaj20u0140tjr.jpg,
https://wx1.sinaimg.cn/orj480/8f26fe5fly1hc5fh3922zj20u0141am3.jpg,
https://wx1.sinaimg.cn/orj480/8f26fe5fly1hc9ot5fwpcj20u0141du9.jpg,
https://wx1.sinaimg.cn/orj480/8f26fe5fly1hcdh2v260rj20u0141q9v.jpg,
https://wx1.sinaimg.cn/orj480/8f26fe5fly1hchr5nify8j20u0141gxc.jpg,
https://wx1.sinaimg.cn/orj480/8f26fe5fly1hczga1izbzj20u0141tgx.jpg,
https://wx1.sinaimg.cn/orj480/8f26fe5fly1hd6d8h8iuvj20u0141wnp.jpg,
https://wx1.sinaimg.cn/orj480/8f26fe5fly1hd7m7pez6bj20u0141n93.jpg,
https://wx1.sinaimg.cn/orj480/8f26fe5fly1hd9wgmh9q6j20u0141aff.jpg,
https://wx1.sinaimg.cn/orj480/8f26fe5fly1hdhnvy2gcjj20u0141qil.jpg,
https://wx1.sinaimg.cn/orj480/8f26fe5fly1hdnfjqz30aj20u0141aqu.jpg,
https://wx1.sinaimg.cn/orj480/8f26fe5fly1hds2gq5jqsj20u014110s.jpg,
https://wx1.sinaimg.cn/orj480/8f26fe5fly1hdz9tx5c3xj20u0141tkb.jpg,
https://wx1.sinaimg.cn/orj480/8f26fe5fly1he0d06je1aj20u0141qce.jpg,
https://wx1.sinaimg.cn/orj480/8f26fe5fly1he3wo57rivj20u0140tin.jpg,
https://wx1.sinaimg.cn/orj480/8f26fe5fly1hed4k6xxguj20u01414a5.jpg,
https://wx1.sinaimg.cn/orj480/8f26fe5fly1hee02xaxhrj20u0141tjt.jpg,
https://wx1.sinaimg.cn/orj480/8f26fe5fly1hek3hj0nhhj20u0140dpw.jpg,
https://wx1.sinaimg.cn/orj480/8f26fe5fly1hel93jyxgtj20u01417er.jpg,
https://wx1.sinaimg.cn/orj480/8f26fe5fly1hf29wup9ggj20u0141k0p.jpg,
https://wx1.sinaimg.cn/orj480/8f26fe5fly1hf3swjh5okj20u0141wrd.jpg,
https://wx1.sinaimg.cn/orj480/8f26fe5fly1hfggry6husj20u0141jzl.jpg,
https://wx1.sinaimg.cn/orj480/8f26fe5fly1hg9ds2xd38j20u01hc7ir.jpg,
https://wx1.sinaimg.cn/orj480/8f26fe5fly1hgjt3zzo3yj20u01417c2.jpg,
https://wx1.sinaimg.cn/orj480/8f26fe5fly1hgkm6p0tdgj20u0141dv6.jpg,
https://wx1.sinaimg.cn/orj480/8f26fe5fly1hgm3dev3pcj20u0141k01.jpg,
https://wx1.sinaimg.cn/orj480/8f26fe5fly1hgzye3ayfxj20u0141gxy.jpg,
https://wx1.sinaimg.cn/orj480/8f26fe5fly1hh3evkzkpcj20u0141k2c.jpg,
https://wx1.sinaimg.cn/orj480/8f26fe5fly1hhsjj7krnjj22yo1o0e81.jpg,
https://wx1.sinaimg.cn/orj480/8f26fe5fly1hhwcrr349ij21o02817wh.jpg,
https://wx1.sinaimg.cn/orj480/8f26fe5fly1hi249ctb7vj21o0281hdt.jpg,
https://wx1.sinaimg.cn/orj480/8f26fe5fly1hi4f58uthvj21o0280e3x.jpg,
https://wx1.sinaimg.cn/orj480/8f26fe5fly1hi6oqdiy5tj21o0281b29.jpg,
https://wx1.sinaimg.cn/orj480/8f26fe5fly1hiesrvcknbj21o02817wh.jpg,
https://wx1.sinaimg.cn/orj480/8f26fe5fly1hijl29wgj6j21o0281b10.jpg,
https://wx1.sinaimg.cn/orj480/8f26fe5fly1hilt0gxp4yj22yo1o0npd.jpg,
https://wx1.sinaimg.cn/orj480/8f26fe5fly1hip7l75ad8j22yo1o04qp.jpg,
https://wx1.sinaimg.cn/orj480/8f26fe5fly1hiuyjobhakj21o02814qp.jpg,
https://wx1.sinaimg.cn/orj480/8f26fe5fly1hjep3lhixwj21o0280e81.jpg,
https://wx1.sinaimg.cn/orj480/8f26fe5fly1hjkil2rv8uj21o02811iv.jpg,
https://wx1.sinaimg.cn/orj480/8f26fe5fly1hjp0e3ee55j21o0281b29.jpg,
https://wx1.sinaimg.cn/orj480/8f26fe5fly1hjrfcn2jgfj21o02811gt.jpg,
https://wx1.sinaimg.cn/orj480/8f26fe5fly1hk2kofbg6bj21o0281b29.jpg,
https://wx1.sinaimg.cn/orj480/8f26fe5fly1hkao5hmjrsj20u01hcqg3.jpg,
https://wx1.sinaimg.cn/orj480/8f26fe5fly1hkeh4lqtl4j21o02811kx.jpg,
https://wx1.sinaimg.cn/orj480/8f26fe5fly1hkgvwknvn7j20u00gxdlt.jpg,
https://wx1.sinaimg.cn/orj480/8f26fe5fly1hl3ubrolumj21o02814qp.jpg,
https://wx1.sinaimg.cn/orj480/8f26fe5fly1hlfjldle9hj21o02817wh.jpg,
https://wx1.sinaimg.cn/orj480/8f26fe5fly1hlka4dr4mxj21o0281hbw.jpg,
https://wx1.sinaimg.cn/orj480/8f26fe5fly1hll9lafg5hj21o0281tzh.jpg,
https://wx1.sinaimg.cn/orj480/8f26fe5fly1hlotpcrm1rj21o02814qp.jpg,
https://wx1.sinaimg.cn/orj480/8f26fe5fly1hlr4qzzbv4j21o0281kjl.jpg,
https://wx1.sinaimg.cn/orj480/8f26fe5fly1hlvopb118aj21o0281b29.jpg,
https://wx1.sinaimg.cn/orj480/8f26fe5fly1hmswvm2gf9j20u00gxguk.jpg,
https://wx1.sinaimg.cn/orj480/8f26fe5fly1hnxnczy2kbj21o0281e81.jpg,
https://wx1.sinaimg.cn/orj480/8f26fe5fly1ho95o5xso2j21o0281hdt.jpg,
https://wx1.sinaimg.cn/orj480/8f26fe5fly1hodufv70qgj21o0281ayz.jpg,
https://wx1.sinaimg.cn/orj480/8f26fe5fly1homrp1wo3qj21o0281x6a.jpg,
https://wx1.sinaimg.cn/orj480/8f26fe5fly1hoobv3gon8j22yo1o0kjl.jpg,
https://wx1.sinaimg.cn/orj480/8f26fe5fly1hou0pufb8rj21o02811kx.jpg,
https://wx1.sinaimg.cn/orj480/8f26fe5fly1hp0nejveyfj21o02811kx.jpg,
https://wx1.sinaimg.cn/orj480/8f26fe5fly1hph5rxunqvj21o0281e81.jpg,
https://wx1.sinaimg.cn/orj480/8f26fe5fly1hpicbxu6tyj21o02814qp.jpg,
https://wx1.sinaimg.cn/orj480/8f26fe5fly1hpkn8ehplxj21o0281e81.jpg,
https://wx1.sinaimg.cn/orj480/8f26fe5fly1hpmn0ju2q6j21o0281tx8.jpg,
https://wx1.sinaimg.cn/orj480/8f26fe5fly1hqgphzn36ej20u0140tiq.jpg,
https://wx1.sinaimg.cn/orj480/8f26fe5fly1hqw0nsflrfj21o02814qp.jpg,
https://wx2.sinaimg.cn/crop.0.6.1920.1067/006YAjSUgy1gw6ec10pjtj31hc0u0nbk.jpg,
https://wx2.sinaimg.cn/large/001bCaQAly1gnu277269oj648w6dc1l002.jpg,
https://wx2.sinaimg.cn/large/002MS1cxly1grr9o3rj5cj647s6bkqv602.jpg,
https://wx2.sinaimg.cn/large/002MS1cxly1grr9o6sgwpj66bk47sb2e02.jpg,
https://wx2.sinaimg.cn/large/002MS1cxly1grr9okfrxjj647s6bke8402.jpg,
https://wx2.sinaimg.cn/large/002kgTzWly1gihuy11g41j61at6okkjo02.jpg,
https://wx2.sinaimg.cn/large/002kgTzWly1gihuy2mmmfj62i81m3kjq02.jpg,
https://wx2.sinaimg.cn/large/002kgTzWly1gihuy5ewx2j62i81m31l102.jpg,
https://wx2.sinaimg.cn/large/002kgTzWly1gihuy7iggrj60u012kafp02.jpg,
https://wx2.sinaimg.cn/large/002kgTzWly1gihuy7o8s1j61am0u012l02.jpg,
https://wx2.sinaimg.cn/large/002kgTzWly1gihuy7y3c9j60u012kadz02.jpg,
https://wx2.sinaimg.cn/large/005FMk8Tly1gprb9ncj82j310w0kg1kx.jpg,
https://wx2.sinaimg.cn/large/005FMk8Tly1gprb9nhvflj311m0ks4qp.jpg,
https://wx2.sinaimg.cn/large/005FMk8Tly1gprb9nrqxij310s0l81kx.jpg,
https://wx2.sinaimg.cn/large/005Kp8MMgy1g9j204f47gj31xc4c04qw.jpg,
https://wx2.sinaimg.cn/large/005Kp8MMgy1g9j20bzf9cj31gk4xe1l5.jpg,
https://wx2.sinaimg.cn/large/005Kp8MMgy1g9j20h72nwj31gq44ckjq.jpg,
https://wx2.sinaimg.cn/large/005Kp8MMgy1g9jimhiobej31xz5gy7wq.jpg,
https://wx2.sinaimg.cn/large/005Kp8MMgy1g9jimlh8smj31gq88onpn.jpg,
https://wx2.sinaimg.cn/large/005Kp8MMgy1g9jimourqrj31xz5gtkjv.jpg,
https://wx2.sinaimg.cn/large/005Kp8MMgy1g9jini9z33j31xy5gte89.jpg,
https://wx2.sinaimg.cn/large/005N8xjPgy1he68r99n2wj325337k1kx.jpg,
https://wx2.sinaimg.cn/large/005N8xjPgy1he68rapbo6j325337khag.jpg,
https://wx2.sinaimg.cn/large/005TtF0Jgy1h57vddmxvbj31696t2u0x.jpg,
https://wx2.sinaimg.cn/large/005XoPZWly1hbw6mr541bj30zo0djjt9.jpg,
https://wx2.sinaimg.cn/large/005XoPZWly1hbw6mrb5i4j30zo09tq49.jpg,
https://wx2.sinaimg.cn/large/0069TDIhly1hleykgsohzj31o02yoe83.jpg,
https://wx2.sinaimg.cn/large/006CIHwQgy1gm9mi4nwqbj318z0u0b2i.jpg,
https://wx2.sinaimg.cn/large/006CIHwQgy1hdryzs3b75j31900u0nbv.jpg,
https://wx2.sinaimg.cn/large/006CIHwQgy1hdryztbow5j31ha0u0n79.jpg,
https://wx2.sinaimg.cn/large/006DvoCkly1glij06kcd0j30u01hf7wv.jpg,
https://wx2.sinaimg.cn/large/006ZBbNLgy1gqyap2xgo7g306o06o48d.gif,
https://wx2.sinaimg.cn/large/006ZBbNLgy1gqyap30rgwg306o06oajl.gif,
https://wx2.sinaimg.cn/large/006ZBbNLgy1gqyap7szg2g306o06oake.gif,
https://wx2.sinaimg.cn/large/006ZBbNLgy1gqyap7upnvg306o06owow.gif,
https://wx2.sinaimg.cn/large/006ZBbNLgy1gqyap7wxfsg306o06ogw0.gif,
https://wx2.sinaimg.cn/large/007E33VLgy1gls0g5iwvfj30v90frq4z.jpg,
https://wx2.sinaimg.cn/large/007E33VLgy1gls0g7cwh7j30v90m342x.jpg,
https://wx2.sinaimg.cn/large/007J4u2Ogy1g5zaf0gx05j30u0140drk.jpg,
https://wx2.sinaimg.cn/large/007J4u2Ogy1g5zaf1ydogj30u014016n.jpg,
https://wx2.sinaimg.cn/large/007NA8ougy1gi85mf3hfnj31900u0qv6.jpg,
https://wx2.sinaimg.cn/large/007NA8ougy1gi85mulb6xj31900u0x6q.jpg,
https://wx2.sinaimg.cn/large/007NA8ougy1gi85mwdn35j31900u0x6q.jpg,
https://wx2.sinaimg.cn/large/43aeabd5gy1ghdj6pjf37j20jg0ynn02.jpg,
https://wx2.sinaimg.cn/large/43aeabd5gy1ghdj6rgm2dj21400u0hdw.jpg,
https://wx2.sinaimg.cn/large/43aeabd5gy1ghdj6roxtrj20u011hx6r.jpg,
https://wx2.sinaimg.cn/large/5b473a25gy1g9f78hrvngj20gf0omk57.jpg,
https://wx2.sinaimg.cn/large/62109a22ly1gbvpa7wf6hj20k00b40um.jpg,
https://wx2.sinaimg.cn/large/62109a22ly1gbvpa9hyctj20la0ctq5k.jpg,
https://wx2.sinaimg.cn/large/62109a22ly1gbvpabc9ndj20u00k1n27.jpg,
https://wx2.sinaimg.cn/large/62109a22ly1gbvpct8qt4j20rs0ijn0m.jpg,
https://wx2.sinaimg.cn/large/64ed8bedly1gn4ufldrvdj20u00u0e81.jpg,
https://wx2.sinaimg.cn/large/6e7ad70fly1hazegg7iucj20u00tq44g.jpg,
https://wx2.sinaimg.cn/large/73fcfbc3gy1hiabyiz8n7j21sc2dse82.jpg,
https://wx2.sinaimg.cn/large/73fcfbc3gy1hiabyqxxnxj21n726yb2a.jpg,
https://wx2.sinaimg.cn/large/766c7a0cly1gggnv8i5gej215o1jk4qq.jpg,
https://wx2.sinaimg.cn/large/766c7a0cly1gggnw5whphj215o1jk4qr.jpg,
https://wx2.sinaimg.cn/large/766c7a0cly1gggnwa9vgtj215o1jkx6q.jpg,
https://wx2.sinaimg.cn/large/7f226bcdgy1hr592df9ouj20go344u0x.jpg,
https://wx2.sinaimg.cn/large/7f226bcdgy1hr592haykwj20go2oukjl.jpg,
https://wx2.sinaimg.cn/large/7f226bcdgy1hr592k2431j20zk0npjwu.jpg,
https://wx2.sinaimg.cn/large/7f226bcdgy1hr592keszvj20zk0np0x5.jpg,
https://wx2.sinaimg.cn/large/7f226bcdgy1hr592mvd2oj20u015zk7e.jpg,
https://wx2.sinaimg.cn/large/87398af0ly1gqa30ygw9dj260y40phe9.jpg,
https://wx2.sinaimg.cn/large/87398af0ly1gqa31irgksj240p60ynps.jpg,
https://wx2.sinaimg.cn/large/87398af0ly1gzedtb2azfj22qf43ne86.jpg,
https://wx2.sinaimg.cn/large/8f26fe5fgy1hrhrcm9cyzj226o39su0y.jpg,
https://wx2.sinaimg.cn/large/8f26fe5fgy1hrhrcurbeuj226o39su0y.jpg,
https://wx2.sinaimg.cn/large/8f26fe5fgy1hrhrhe7liij21ms1ms4on.jpg,
https://wx2.sinaimg.cn/large/8f26fe5fgy1hritzi8dudj24a62usb2b.jpg,
https://wx2.sinaimg.cn/large/8f26fe5fgy1hriv11n2bdj21r0340e83.jpg,
https://wx2.sinaimg.cn/large/8f26fe5fgy1hriv1sfpp4j20zu1rldw9.jpg,
https://wx2.sinaimg.cn/large/8f26fe5fgy1htih162y00j243k2q4kjq.jpg,
https://wx2.sinaimg.cn/large/8f26fe5fgy1huhmb6gnbuj22qi4eonpj.jpg,
https://wx2.sinaimg.cn/large/8f26fe5fgy1huhmbfuw6xj231g4eohe0.jpg,
https://wx2.sinaimg.cn/large/8f26fe5fgy1hut70xxjpyj23a24dfx6r.jpg,
https://wx2.sinaimg.cn/large/8f26fe5fgy1hut714bu8mj23a24dfe83.jpg,
https://wx2.sinaimg.cn/large/8f26fe5fly1ho5ie1n469j23cn4gykjo.jpg,
https://wx2.sinaimg.cn/large/8f26fe5fly1ho5ie85ovnj23cn4gyu11.jpg,
https://wx2.sinaimg.cn/large/8f26fe5fly1ho5iezbjzej23ay4eox6v.jpg,
https://wx2.sinaimg.cn/large/8f26fe5fly1ho5ifak7ygj23ej4egqva.jpg,
https://wx2.sinaimg.cn/large/8f26fe5fly1ho5ifkd5w8j23ay4eox6u.jpg,
https://wx2.sinaimg.cn/large/8f26fe5fly1hpen9gh7aaj21hc0qodsw.jpg,
https://wx2.sinaimg.cn/large/8f26fe5fly1hq310rx6s8j22xs4eoe84.jpg,
https://wx2.sinaimg.cn/large/8f26fe5fly1hq310t99k1j22xu4eohdv.jpg,
https://wx2.sinaimg.cn/large/8f26fe5fly1hqc29pu2egj22xs4eokjq.jpg,
https://wx2.sinaimg.cn/large/8f26fe5fly1hqo9eyljlwj255q2wj7wn.jpg,
https://wx2.sinaimg.cn/large/948af5c9ly1hifzr78hm1j20q31akahs.jpg,
https://wx2.sinaimg.cn/large/948af5c9ly1hifzr97t47j20sl1abwlw.jpg,
https://wx2.sinaimg.cn/large/962035cbly1hdvkhzqdpcj264w43c4r3.jpg,
https://wx2.sinaimg.cn/large/962035cbly1hg0g9xbsicj264w43cnpp.jpg,
https://wx2.sinaimg.cn/large/962035cbly1hg0gangnkcj25iw3ookjx.jpg,
https://wx2.sinaimg.cn/large/962035cbly1hg0gb0yikij243c64we8e.jpg,
https://wx2.sinaimg.cn/large/962035cbly1hg0gb7icb9j243c64wkjz.jpg,
https://wx2.sinaimg.cn/large/a1831252gy1gu3jz9h8vkj21jk64w7wm.jpg,
https://wx2.sinaimg.cn/large/a1831252ly1gh4q9idpy6j21jk4qx7wq.jpg,
https://wx2.sinaimg.cn/large/a1831252ly1gkfnomnhpoj21jk7d6npq.jpg,
https://wx2.sinaimg.cn/large/bdb0e378gy1hdgs7kn9l2j222v2rte81.jpg,
https://wx2.sinaimg.cn/large/bdb0e378gy1hdgs882q1gj221t2qfx6p.jpg,
https://wx2.sinaimg.cn/large/bdb0e378gy1hdgs8os1dhj22c03407wi.jpg,
https://wx2.sinaimg.cn/large/cff92cfcly1hquks69xcuj22iv3sa7wk.jpg,
https://wx2.sinaimg.cn/orj480/002Cxhcrly1gu9irqrd0oj60k00qpgtj02.jpg,
https://wx2.sinaimg.cn/orj480/002HKXa5ly1hd8sqfgxexj60zk0k0qag02.jpg,
https://wx2.sinaimg.cn/orj480/006vcu7Sly1ggycuok9sej31hc0u0got.jpg,
https://wx2.sinaimg.cn/orj480/6e52ce4dgy1hhcnedle25j21o0281e81.jpg,
https://wx2.sinaimg.cn/orj480/8f26fe5fgy1g6utmgyxf8j20g00lc7b6.jpg,
https://wx2.sinaimg.cn/orj480/8f26fe5fgy1g8yzftocbuj20pa0xq1kx.jpg,
https://wx2.sinaimg.cn/orj480/8f26fe5fgy1g9kzyjostcj20f00k0n5g.jpg,
https://wx2.sinaimg.cn/orj480/8f26fe5fgy1ga1ar7e4ehj21hc0u04qp.jpg,
https://wx2.sinaimg.cn/orj480/8f26fe5fgy1gcled2idf7j21hc0u0x6p.jpg,
https://wx2.sinaimg.cn/orj480/8f26fe5fgy1ggbq3y8tpbj20u00gwnj8.jpg,
https://wx2.sinaimg.cn/orj480/8f26fe5fgy1gguv02ky5uj20g00lc49o.jpg,
https://wx2.sinaimg.cn/orj480/8f26fe5fgy1ghervnr7q7j20u00gwdyf.jpg,
https://wx2.sinaimg.cn/orj480/8f26fe5fgy1ginqnh3jf6j20u00gw7lf.jpg,
https://wx2.sinaimg.cn/orj480/8f26fe5fgy1gipi7x20mzj20u01404qp.jpg,
https://wx2.sinaimg.cn/orj480/8f26fe5fgy1gitxm76f93j20u014011n.jpg,
https://wx2.sinaimg.cn/orj480/8f26fe5fgy1gjfr8tai6xj20ty13yb29.jpg,
https://wx2.sinaimg.cn/orj480/8f26fe5fgy1glum9fjrquj20k00bagu0.jpg,
https://wx2.sinaimg.cn/orj480/8f26fe5fgy1gxx9jnso57j20u0141497.jpg,
https://wx2.sinaimg.cn/orj480/8f26fe5fgy1hc3w9h1yrbj20u0141wpy.jpg,
https://wx2.sinaimg.cn/orj480/8f26fe5fgy1hqzfo61x1fj21o02814qp.jpg,
https://wx2.sinaimg.cn/orj480/8f26fe5fgy1hravx1qsvsj20u0140476.jpg,
https://wx2.sinaimg.cn/orj480/8f26fe5fgy1hrc5wgygs9j20fj0kqwi9.jpg,
https://wx2.sinaimg.cn/orj480/8f26fe5fgy1hrjb26gjplj20u00gwdm1.jpg,
https://wx2.sinaimg.cn/orj480/8f26fe5fgy1hroxtdqonnj20om0wvdmj.jpg,
https://wx2.sinaimg.cn/orj480/8f26fe5fgy1hrs7czs6noj20u01hcqcd.jpg,
https://wx2.sinaimg.cn/orj480/8f26fe5fgy1hs1b2464whj21o02814qp.jpg,
https://wx2.sinaimg.cn/orj480/8f26fe5fgy1hs1p1ra7g5j21400mjqan.jpg,
https://wx2.sinaimg.cn/orj480/8f26fe5fgy1hsd89ikz5bj21o02811kx.jpg,
https://wx2.sinaimg.cn/orj480/8f26fe5fgy1hse5cpuh49j21o02817wh.jpg,
https://wx2.sinaimg.cn/orj480/8f26fe5fgy1hslco3lysmj21o02811kx.jpg,
https://wx2.sinaimg.cn/orj480/8f26fe5fgy1hsum7j30loj21o0281qv5.jpg,
https://wx2.sinaimg.cn/orj480/8f26fe5fgy1hsyx0xdiegj21o0281hd8.jpg,
https://wx2.sinaimg.cn/orj480/8f26fe5fgy1ht1kvrcvrbj21o02814qp.jpg,
https://wx2.sinaimg.cn/orj480/8f26fe5fgy1ht3tufsp5kj21o0281qqk.jpg,
https://wx2.sinaimg.cn/orj480/8f26fe5fgy1ht6398m5kaj21o02817wh.jpg,
https://wx2.sinaimg.cn/orj480/8f26fe5fgy1ht8gbzzi04j21o0281nme.jpg,
https://wx2.sinaimg.cn/orj480/8f26fe5fgy1huboiwcbdsj20om0wun1r.jpg,
https://wx2.sinaimg.cn/orj480/8f26fe5fgy1hugdinfuymj20af0duwgj.jpg,
https://wx2.sinaimg.cn/orj480/8f26fe5fgy3ga89pu48zuj20u01hckjl.jpg,
https://wx2.sinaimg.cn/orj480/8f26fe5fly1fpx2txr3w9j20f00qo400.jpg,
https://wx2.sinaimg.cn/orj480/8f26fe5fly1ft3xwc2ki0j20k00zkq4b.jpg,
https://wx2.sinaimg.cn/orj480/8f26fe5fly1fx98uopxrqj20g00sgab6.jpg,
https://wx2.sinaimg.cn/orj480/8f26fe5fly1fyzjdbtld6j20g00sg0th.jpg,
https://wx2.sinaimg.cn/orj480/8f26fe5fly1g0z79xaq5tj20g00sggmm.jpg,
https://wx2.sinaimg.cn/orj480/8f26fe5fly1g6fjuguzwxj20u01hc0vg.jpg,
https://wx2.sinaimg.cn/orj480/8f26fe5fly1g7c7ggtq3mj20u01c842d.jpg,
https://wx2.sinaimg.cn/orj480/8f26fe5fly1g9f7q2nivoj20u00gxtt0.jpg,
https://wx2.sinaimg.cn/orj480/8f26fe5fly1gakwwvjh1wj20u0140wxa.jpg,
https://wx2.sinaimg.cn/orj480/8f26fe5fly1gam1qwuydej20qo0cg3z5.jpg,
https://wx2.sinaimg.cn/orj480/8f26fe5fly1gieuhd9k08j20u01404qp.jpg,
https://wx2.sinaimg.cn/orj480/8f26fe5fly1gmrws8uh6ej20k00qoh1d.jpg,
https://wx2.sinaimg.cn/orj480/8f26fe5fly1gmvnxde9vcj20k00qodsr.jpg,
https://wx2.sinaimg.cn/orj480/8f26fe5fly1gn1c0cu418j20k00bawlc.jpg,
https://wx2.sinaimg.cn/orj480/8f26fe5fly1gnzw5cwsj0j20k00ba10j.jpg,
https://wx2.sinaimg.cn/orj480/8f26fe5fly1gpfl5jqlhjj20k00qoh5i.jpg,
https://wx2.sinaimg.cn/orj480/8f26fe5fly1gtf8l2d36aj20k00qptef.jpg,
https://wx2.sinaimg.cn/orj480/8f26fe5fly1gwjprczjxjj20u014146j.jpg,
https://wx2.sinaimg.cn/orj480/8f26fe5fly1gx55rs0wzoj21hc0u0ajy.jpg,
https://wx2.sinaimg.cn/orj480/8f26fe5fly1gy5elfjd7uj21hc0u0ws0.jpg,
https://wx2.sinaimg.cn/orj480/8f26fe5fly1gy7fp6lzmtj20u0141jzm.jpg,
https://wx2.sinaimg.cn/orj480/8f26fe5fly1gybcfc2in0j20u0141n4g.jpg,
https://wx2.sinaimg.cn/orj480/8f26fe5fly1h04pcjnu3ij20tz0gugtk.jpg,
https://wx2.sinaimg.cn/orj480/8f26fe5fly1h0hojpn3zfj20zk0k0782.jpg,
https://wx2.sinaimg.cn/orj480/8f26fe5fly1h2mjqeu9knj20u0141qb3.jpg,
https://wx2.sinaimg.cn/orj480/8f26fe5fly1h3bip14n4cj20u01417d3.jpg,
https://wx2.sinaimg.cn/orj480/8f26fe5fly1h5q1e70af7j20u014111q.jpg,
https://wx2.sinaimg.cn/orj480/8f26fe5fly1h7bvqbmseaj20u0141k18.jpg,
https://wx2.sinaimg.cn/orj480/8f26fe5fly1h7nh4kzumkj20u0140tk5.jpg,
https://wx2.sinaimg.cn/orj480/8f26fe5fly1h7om5llf2cj20u0141qbf.jpg,
https://wx2.sinaimg.cn/orj480/8f26fe5fly1h7qyyb3q2sj20u0141aj8.jpg,
https://wx2.sinaimg.cn/orj480/8f26fe5fly1h7s98bal96j20u0141ajg.jpg,
https://wx2.sinaimg.cn/orj480/8f26fe5fly1h7z11v3yemj20u0141n72.jpg,
https://wx2.sinaimg.cn/orj480/8f26fe5fly1h8n4me9gn3j20u0141gv8.jpg,
https://wx2.sinaimg.cn/orj480/8f26fe5fly1h8vg40ig7hj20u01417e8.jpg,
https://wx2.sinaimg.cn/orj480/8f26fe5fly1h92jj8hyxsj20u0141dpy.jpg,
https://wx2.sinaimg.cn/orj480/8f26fe5fly1h94t10jx73j20u0141dov.jpg,
https://wx2.sinaimg.cn/orj480/8f26fe5fly1h9ai2waijmj20u00gwqcb.jpg,
https://wx2.sinaimg.cn/orj480/8f26fe5fly1h9sx4bnz30j20u01hcnbu.jpg,
https://wx2.sinaimg.cn/orj480/8f26fe5fly1h9v0me8veyj20u0141k1n.jpg,
https://wx2.sinaimg.cn/orj480/8f26fe5fly1hacluslducj20u0141tp7.jpg,
https://wx2.sinaimg.cn/orj480/8f26fe5fly1hadsx3dglpj20u0141ao5.jpg,
https://wx2.sinaimg.cn/orj480/8f26fe5fly1haidwa8g6tj20u0140n53.jpg,
https://wx2.sinaimg.cn/orj480/8f26fe5fly1hapfu3d8g0j20u0141k2m.jpg,
https://wx2.sinaimg.cn/orj480/8f26fe5fly1hazs014a8sj20u0141gu0.jpg,
https://wx2.sinaimg.cn/orj480/8f26fe5fly1hb35lmttknj20u01417dw.jpg,
https://wx2.sinaimg.cn/orj480/8f26fe5fly1hb5hg0erlyj20u0141n7s.jpg,
https://wx2.sinaimg.cn/orj480/8f26fe5fly1hba5se7iqmj20u014112i.jpg,
https://wx2.sinaimg.cn/orj480/8f26fe5fly1hbfykdijdoj20u0141wlf.jpg,
https://wx2.sinaimg.cn/orj480/8f26fe5fly1hbh30fq27vj20u0140115.jpg,
https://wx2.sinaimg.cn/orj480/8f26fe5fly1hbj507980mj20u0140th7.jpg,
https://wx2.sinaimg.cn/orj480/8f26fe5fly1hblthxmk3aj20u0141dqu.jpg,
https://wx2.sinaimg.cn/orj480/8f26fe5fly1hbqe2nrfz4j20u0141aj1.jpg,
https://wx2.sinaimg.cn/orj480/8f26fe5fly1hbrin9zrhej20u0141akw.jpg,
https://wx2.sinaimg.cn/orj480/8f26fe5fly1hbzcbr3d2zj20u0141n53.jpg,
https://wx2.sinaimg.cn/orj480/8f26fe5fly1hc7e5iuxhoj20u0141thd.jpg,
https://wx2.sinaimg.cn/orj480/8f26fe5fly1hc8ivd6am1j20u0141gu0.jpg,
https://wx2.sinaimg.cn/orj480/8f26fe5fly1hcxzr7sv7kj20u014146y.jpg,
https://wx2.sinaimg.cn/orj480/8f26fe5fly1hd8pgosh2jj20u0141482.jpg,
https://wx2.sinaimg.cn/orj480/8f26fe5fly1hdgtusl2w9j20u0141gvk.jpg,
https://wx2.sinaimg.cn/orj480/8f26fe5fly1hdmkggxnslj20u0141tmz.jpg,
https://wx2.sinaimg.cn/orj480/8f26fe5fly1hdt6l1o8s9j20om0wvq9o.jpg,
https://wx2.sinaimg.cn/orj480/8f26fe5fly1he2gxhnedrj20u0141k0i.jpg,
https://wx2.sinaimg.cn/orj480/8f26fe5fly1heou7ieb3zj20u01hctkc.jpg,
https://wx2.sinaimg.cn/orj480/8f26fe5fly1hexxkj16yej20u01407c8.jpg,
https://wx2.sinaimg.cn/orj480/8f26fe5fly1hfas5rcnh2j20u0141n69.jpg,
https://wx2.sinaimg.cn/orj480/8f26fe5fly1hfquhrn7mlj20u0141qdu.jpg,
https://wx2.sinaimg.cn/orj480/8f26fe5fly1hfrz3t6vtgj20u0141ttm.jpg,
https://wx2.sinaimg.cn/orj480/8f26fe5fly1hg0ys64uxbj20u0141n8l.jpg,
https://wx2.sinaimg.cn/orj480/8f26fe5fly1hgrvi4wrhij20u0141guz.jpg,
https://wx2.sinaimg.cn/orj480/8f26fe5fly1hh1z0wt3tcj20u0141ajs.jpg,
https://wx2.sinaimg.cn/orj480/8f26fe5fly1hh80kmtp54j20u014149a.jpg,
https://wx2.sinaimg.cn/orj480/8f26fe5fly1hha29b1i7nj21o02814qp.jpg,
https://wx2.sinaimg.cn/orj480/8f26fe5fly1hiq23asu0mj20om0wvdhf.jpg,
https://wx2.sinaimg.cn/orj480/8f26fe5fly1hiyg562krbj21o0281e81.jpg,
https://wx2.sinaimg.cn/orj480/8f26fe5fly1hizp0pi9v7j21o02814qp.jpg,
https://wx2.sinaimg.cn/orj480/8f26fe5fly1hj7ohgsk39j21o02814ot.jpg,
https://wx2.sinaimg.cn/orj480/8f26fe5fly1hja14kou3pj21o02817pp.jpg,
https://wx2.sinaimg.cn/orj480/8f26fe5fly1hji88wwpj7j20u01hctfq.jpg,
https://wx2.sinaimg.cn/orj480/8f26fe5fly1hjjawv0amhj21o0281b29.jpg,
https://wx2.sinaimg.cn/orj480/8f26fe5fly1hjttwa9n2mj21o0281hdt.jpg,
https://wx2.sinaimg.cn/orj480/8f26fe5fly1hknq5r3lubj20ee0j7djd.jpg,
https://wx2.sinaimg.cn/orj480/8f26fe5fly1hky4kwzaejj21o02811kx.jpg,
https://wx2.sinaimg.cn/orj480/8f26fe5fly1hlaxbixg60j21o02817wh.jpg,
https://wx2.sinaimg.cn/orj480/8f26fe5fly1hm1hnnc03kj21o0281b29.jpg,
https://wx2.sinaimg.cn/orj480/8f26fe5fly1hm2lgxvrkuj20u01hcq99.jpg,
https://wx2.sinaimg.cn/orj480/8f26fe5fly1hm5zzjmoutj21o0281nnd.jpg,
https://wx2.sinaimg.cn/orj480/8f26fe5fly1hm99cbocp5j22yo1o0b29.jpg,
https://wx2.sinaimg.cn/orj480/8f26fe5fly1hmbjhwe4y4j21o02817wh.jpg,
https://wx2.sinaimg.cn/orj480/8f26fe5fly1hmvlwuwx0vj21o0281x5y.jpg,
https://wx2.sinaimg.cn/orj480/8f26fe5fly1hn4qbh2bnxj21o02817wh.jpg,
https://wx2.sinaimg.cn/orj480/8f26fe5fly1hn70slu69kj21o02814qp.jpg,
https://wx2.sinaimg.cn/orj480/8f26fe5fly1hnpo1gb6r8j21o0281b0z.jpg,
https://wx2.sinaimg.cn/orj480/8f26fe5fly1hnys85c9t9j22yo1o01kx.jpg,
https://wx2.sinaimg.cn/orj480/8f26fe5fly1ho5g2skp6sj21o02814pn.jpg,
https://wx2.sinaimg.cn/orj480/8f26fe5fly1hoabumy2q2j21o0281e81.jpg,
https://wx2.sinaimg.cn/orj480/8f26fe5fly1holyr2nafgj21o0280e81.jpg,
https://wx2.sinaimg.cn/orj480/8f26fe5fly1hoxfzgnra0j20om0wun5s.jpg,
https://wx2.sinaimg.cn/orj480/8f26fe5fly1hpcjbym77lj21o02817un.jpg,
https://wx2.sinaimg.cn/orj480/8f26fe5fly1hpqg1moav5j22yo1o04qp.jpg,
https://wx2.sinaimg.cn/orj480/8f26fe5fly1hptlasadu0j21o02817wh.jpg,
https://wx2.sinaimg.cn/orj480/8f26fe5fly1hq53ktosfmj21o0281b29.jpg,
https://wx3.sinaimg.cn/crop.0.6.1920.1067/006YAjSUly1hakmz8wmsnj31hc0u0qjs.jpg,
https://wx3.sinaimg.cn/crop.0.6.1920.1067/006dCke7gy1h32e7o22nfj61hc0u0tgx02.jpg,
https://wx3.sinaimg.cn/crop.0.6.1920.1067/c530902fgy1gn16kc29krj21hc0u0nl1.jpg,
https://wx3.sinaimg.cn/large/001bCaQAly1gnu26mradaj66dc48wx6t02.jpg,
https://wx3.sinaimg.cn/large/002MS1cxly1grr9oe2j9xj647s6bkkjo02.jpg,
https://wx3.sinaimg.cn/large/002kgTzWly1gihuy7tej5j60u012k11v02.jpg,
https://wx3.sinaimg.cn/large/005FMk8Tly1gprb9nb9s5j311i0l01kx.jpg,
https://wx3.sinaimg.cn/large/005FMk8Tly1gprb9ncc3qj311i0lc4qp.jpg,
https://wx3.sinaimg.cn/large/005Kp8MMgy1g9j201g377j31xu4d4kjs.jpg,
https://wx3.sinaimg.cn/large/005Kp8MMgy1g9j20ek358j31y64dw1l3.jpg,
https://wx3.sinaimg.cn/large/005Kp8MMgy1g9jimslzs6j31yb6lcb2l.jpg,
https://wx3.sinaimg.cn/large/005Kp8MMgy1g9jin8udo5j31y96l0u18.jpg,
https://wx3.sinaimg.cn/large/005N8xjPgy1he68r8c97wj325337k1kx.jpg,
https://wx3.sinaimg.cn/large/005N8xjPgy1he68r9y7zej32253364qp.jpg,
https://wx3.sinaimg.cn/large/005N8xjPgy1he68rcbv0yj325337knpd.jpg,
https://wx3.sinaimg.cn/large/005TtF0Jgy1h57vdbj3o7j316oagu1kz.jpg,
https://wx3.sinaimg.cn/large/005XoPZWly1hbw6mqboqsj30yi0ojaca.jpg,
https://wx3.sinaimg.cn/large/006CIHwQgy1gm9mhliezsj31900u07wj.jpg,
https://wx3.sinaimg.cn/large/006CIHwQgy1gm9mhvlnd6j318z0u0hdz.jpg,
https://wx3.sinaimg.cn/large/006CIHwQgy1hdryzu853uj31900u0tj6.jpg,
https://wx3.sinaimg.cn/large/006DvoCkly1glij06f8m4j30u01hfhe5.jpg,
https://wx3.sinaimg.cn/large/006ZBbNLgy1gqyap7mzbmg306o06ojvo.gif,
https://wx3.sinaimg.cn/large/006ZBbNLgy1gqyap7shflg306o06owpz.gif,
https://wx3.sinaimg.cn/large/006ZBbNLgy1gqyap7vg9lg306o06o11m.gif,
https://wx3.sinaimg.cn/large/006ZBbNLgy1gqyap7viijg306o06o12n.gif,
https://wx3.sinaimg.cn/large/006ZBbNLgy1gqyap7xv9gg306o06ok26.gif,
https://wx3.sinaimg.cn/large/006ZKgvuly1hprf7uncszj31e015ownn.jpg,
https://wx3.sinaimg.cn/large/00760y5Dgy1gov5ivnl20j31hc0qoguo.jpg,
https://wx3.sinaimg.cn/large/00760y5Dgy1gov5ivogd3j310t0mvakp.jpg,
https://wx3.sinaimg.cn/large/007E33VLgy1gls0g4tflpj30v90dw0up.jpg,
https://wx3.sinaimg.cn/large/007E33VLgy1gls0g72n95j30v90fmwor.jpg,
https://wx3.sinaimg.cn/large/007E33VLgy1gls0g89uqcj30v90g8jtq.jpg,
https://wx3.sinaimg.cn/large/007J4u2Ogy1g5zaf074a5j30u0140wsm.jpg,
https://wx3.sinaimg.cn/large/007J4u2Ogy1g5zaf1760xj30u01404cl.jpg,
https://wx3.sinaimg.cn/large/007J4u2Ogy1g5zaf1pvs5j30u01404dd.jpg,
https://wx3.sinaimg.cn/large/007NA8ougy1gi85mk20v7j30u0190hdu.jpg,
https://wx3.sinaimg.cn/large/007NA8ougy1gms5dizsh6j30p08yoqv9.jpg,
https://wx3.sinaimg.cn/large/0084voPygy1gmr16tkbayj30pu33h7o6.jpg,
https://wx3.sinaimg.cn/large/43aeabd5gy1ghdj6p04tnj20dw0j0wg1.jpg,
https://wx3.sinaimg.cn/large/53e61fbbgy1h0uh3mt65wj21900u017h.jpg,
https://wx3.sinaimg.cn/large/53e61fbbgy1h0uh3ng49ej21900u0qj8.jpg,
https://wx3.sinaimg.cn/large/53e61fbbgy1h0uh3rby7uj21110rstj9.jpg,
https://wx3.sinaimg.cn/large/53e61fbbgy1h0uh3tmjjwj21900u019y.jpg,
https://wx3.sinaimg.cn/large/5b473a25gy1g9f78fdo7ij20l30tje2p.jpg,
https://wx3.sinaimg.cn/large/62109a22ly1gbvpa86gczj20rs0i476b.jpg,
https://wx3.sinaimg.cn/large/62109a22ly1gbvpaa78iqj20km0u0te9.jpg,
https://wx3.sinaimg.cn/large/64ed8bedly1gn4ufm7heij20u00u0hdt.jpg,
https://wx3.sinaimg.cn/large/64ed8bedly1gn4ufmg17sj20u00u0hdt.jpg,
https://wx3.sinaimg.cn/large/6e7ad70fly1hazeglulfvj22560zokjl.jpg,
https://wx3.sinaimg.cn/large/766c7a0cly1gggnuo91p1j215o1jkx6s.jpg,
https://wx3.sinaimg.cn/large/766c7a0cly1gggnv0o7nzj215o1jknpe.jpg,
https://wx3.sinaimg.cn/large/766c7a0cly1gggnw5qodsj215o1jku0y.jpg,
https://wx3.sinaimg.cn/large/7f226bcdgy1hr592fdh5dj20go2lrhdt.jpg,
https://wx3.sinaimg.cn/large/7f226bcdgy1hr592kwzz3j20vz1d0q8i.jpg,
https://wx3.sinaimg.cn/large/7f226bcdgy1hr592lwmkgj20u016g1kx.jpg,
https://wx3.sinaimg.cn/large/87398af0ly1gqa31w8tshj240p60ynpt.jpg,
https://wx3.sinaimg.cn/large/87398af0ly1gzedstizobj22qf43n4qu.jpg,
https://wx3.sinaimg.cn/large/87398af0ly1gzedt3kqpij22qf43nqva.jpg,
https://wx3.sinaimg.cn/large/8f26fe5fgy1hrhrczurusj232l21v1ky.jpg,
https://wx3.sinaimg.cn/large/8f26fe5fgy1hritzfb7ndj22xs4eox6r.jpg,
https://wx3.sinaimg.cn/large/8f26fe5fgy1htih11d3eej22xs4eob2e.jpg,
https://wx3.sinaimg.cn/large/8f26fe5fgy1huhmas79a4j23c64eo4qw.jpg,
https://wx3.sinaimg.cn/large/8f26fe5fgy1huhmb0ukswj24eo37d4qx.jpg,
https://wx3.sinaimg.cn/large/8f26fe5fgy1huhmbs7e91j22xu4eonpj.jpg,
https://wx3.sinaimg.cn/large/8f26fe5fgy1hut716rcl9j20rh0fgtd5.jpg,
https://wx3.sinaimg.cn/large/8f26fe5fgy1hut7171uwmj20r70fbjvw.jpg,
https://wx3.sinaimg.cn/large/8f26fe5fly1ho5idwfd63j23cn4gy4qu.jpg,
https://wx3.sinaimg.cn/large/8f26fe5fly1ho5ieng3xij23fc4df7wm.jpg,
https://wx3.sinaimg.cn/large/8f26fe5fly1ho5iftzjuej23bp4eo7wm.jpg,
https://wx3.sinaimg.cn/large/8f26fe5fly1hpen9fajuwj21hc0u0n8y.jpg,
https://wx3.sinaimg.cn/large/8f26fe5fly1hpen9fq2sgj21hc0u0tj6.jpg,
https://wx3.sinaimg.cn/large/8f26fe5fly1hpen9h4megj21hc0u07i3.jpg,
https://wx3.sinaimg.cn/large/8f26fe5fly1hqc2937y42j231r4eokjp.jpg,
https://wx3.sinaimg.cn/large/8f26fe5fly1hqc29wkiu5j24762qhkjp.jpg,
https://wx3.sinaimg.cn/large/8f26fe5fly1hqc2ah7g6yj24eo2s8x6t.jpg,
https://wx3.sinaimg.cn/large/8f26fe5fly1hqc2ancf3yj22xs4eo1l1.jpg,
https://wx3.sinaimg.cn/large/8f26fe5fly1hqo9f37wmkj21vk2i8x6p.jpg,
https://wx3.sinaimg.cn/large/8f26fe5fly1hqo9f4fnh9j20zu1rp174.jpg,
https://wx3.sinaimg.cn/large/948af5c9ly1hifzr2b5vej20s01angt3.jpg,
https://wx3.sinaimg.cn/large/948af5c9ly1hifzr3dvvoj20lj1amwkr.jpg,
https://wx3.sinaimg.cn/large/948af5c9ly1hifzr6tvaxj20o91a8wme.jpg,
https://wx3.sinaimg.cn/large/948af5c9ly1hifzra2sfbj20qg1b146j.jpg,
https://wx3.sinaimg.cn/large/962035cbly1hg0ga3mxtyj264w3a87wx.jpg,
https://wx3.sinaimg.cn/large/962035cbly1hg0ga8p1wcj243c64w7wu.jpg,
https://wx3.sinaimg.cn/large/a1831252gy1h0bkpadt2ij20u04dc4qp.jpg,
https://wx3.sinaimg.cn/large/a1831252ly1gbux6061e2j20u04wn4qs.jpg,
https://wx3.sinaimg.cn/large/a1831252ly1gcw1if3t02j20u04784l1.jpg,
https://wx3.sinaimg.cn/large/a1831252ly1gcw1twyee4j20u02pokjm.jpg,
https://wx3.sinaimg.cn/large/a1831252ly1gh4q9cnedbj21jka92u1d.jpg,
https://wx3.sinaimg.cn/large/bdb0e378gy1hdgs7i1s8ij21xn2kvb29.jpg,
https://wx3.sinaimg.cn/large/bdb0e378gy1hdgs7ws24tj226n2wvx6p.jpg,
https://wx3.sinaimg.cn/large/bdb0e378gy1hdgs800i7vj22592v0x6p.jpg,
https://wx3.sinaimg.cn/large/bdb0e378gy1hdgs8bhhgqj224c2ttu0x.jpg,
https://wx3.sinaimg.cn/large/bdb0e378gy1hdgs8cysw3j21pk2a24ir.jpg,
https://wx3.sinaimg.cn/large/bdb0e378gy1hdgs8k3cisj22c03404qq.jpg,
https://wx3.sinaimg.cn/large/bdb0e378gy1hdgs8wasx5j22c03401ky.jpg,
https://wx3.sinaimg.cn/large/cff92cfcly1hqtywuviedj22iv3sax6q.jpg,
https://wx3.sinaimg.cn/large/cff92cfcly1hqtyxjdtthj23ls5u37wt.jpg,
https://wx3.sinaimg.cn/large/cff92cfcly1hqtyy1qbbzj237g26a7wk.jpg,
https://wx3.sinaimg.cn/large/cff92cfcly1hqtyycuhvmj23sa2ive84.jpg,
https://wx3.sinaimg.cn/large/cff92cfcly1hquks1485tj23ls5u3b2l.jpg,
https://wx3.sinaimg.cn/orj480/002Cxhcrly1gubv9zgxvsj60k00qp41r02.jpg,
https://wx3.sinaimg.cn/orj480/002Cxhcrly1gut3ddtdcuj60k00qpq9n02.jpg,
https://wx3.sinaimg.cn/orj480/8f26fe5fgy1g07bl4qhzdj21he0u01kx.jpg,
https://wx3.sinaimg.cn/orj480/8f26fe5fgy1gakcq4lcu7j22yo1o0qv7.jpg,
https://wx3.sinaimg.cn/orj480/8f26fe5fgy1gbyjnw8nt6j21hc0u07wh.jpg,
https://wx3.sinaimg.cn/orj480/8f26fe5fgy1gd7buc4gawj20s611l1kx.jpg,
https://wx3.sinaimg.cn/orj480/8f26fe5fgy1gd9s7uk0ohj20u00gwtvf.jpg,
https://wx3.sinaimg.cn/orj480/8f26fe5fgy1ggkn22yyirj21hc0u0tza.jpg,
https://wx3.sinaimg.cn/orj480/8f26fe5fgy1ghdk3r1zu8j20f40qowf8.jpg,
https://wx3.sinaimg.cn/orj480/8f26fe5fgy1hs8abzg0n6j21o02817wh.jpg,
https://wx3.sinaimg.cn/orj480/8f26fe5fgy1hsebzo75jaj21o0281qkl.jpg,
https://wx3.sinaimg.cn/orj480/8f26fe5fgy1hsz6366si3j21o0281b29.jpg,
https://wx3.sinaimg.cn/orj480/8f26fe5fgy1ht501x75wgj21o0281b29.jpg,
https://wx3.sinaimg.cn/orj480/8f26fe5fgy1htasxi2eekj21o02811kx.jpg,
https://wx3.sinaimg.cn/orj480/8f26fe5fgy1hthd69aqy4j21o02817wh.jpg,
https://wx3.sinaimg.cn/orj480/8f26fe5fgy1huf6st3diwj21401hdnil.jpg,
https://wx3.sinaimg.cn/orj480/8f26fe5fgy1hujvglmvgyj21o0281e7v.jpg,
https://wx3.sinaimg.cn/orj480/8f26fe5fgy1huv9crdxzuj21o0281u0n.jpg,
https://wx3.sinaimg.cn/orj480/8f26fe5fly1fubwd598ssj20f00qo758.jpg,
https://wx3.sinaimg.cn/orj480/8f26fe5fly1fudsfoa1xbj20hs0a8my6.jpg,
https://wx3.sinaimg.cn/orj480/8f26fe5fly1fzzi3ma7baj20k00zk76l.jpg,
https://wx3.sinaimg.cn/orj480/8f26fe5fly1g46npm6nvlj20g00lc10h.jpg,
https://wx3.sinaimg.cn/orj480/8f26fe5fly1g72syvuczej21hc0u0ac5.jpg,
https://wx3.sinaimg.cn/orj480/8f26fe5fly1g7k513wnqwj20u00gxapk.jpg,
https://wx3.sinaimg.cn/orj480/8f26fe5fly1g8hs1tb3dgj22yo1o0e84.jpg,
https://wx3.sinaimg.cn/orj480/8f26fe5fly1gacxm5chfzj20u01ha427.jpg,
https://wx3.sinaimg.cn/orj480/8f26fe5fly1ghn31ynvu5j20u00gwtqi.jpg,
https://wx3.sinaimg.cn/orj480/8f26fe5fly1gmbnopv6g9j20k00baqb0.jpg,
https://wx3.sinaimg.cn/orj480/8f26fe5fly1gnk1ryq23bj20k00qok6t.jpg,
https://wx3.sinaimg.cn/orj480/8f26fe5fly1gstgz6fu97j20k00qpahv.jpg,
https://wx3.sinaimg.cn/orj480/8f26fe5fly1gtdaayw4t3j20k00qpdm3.jpg,
https://wx3.sinaimg.cn/orj480/8f26fe5fly1gttapkf0b9j20k00qpjyj.jpg,
https://wx3.sinaimg.cn/orj480/8f26fe5fly1gx35hx6o48j21hc0u0dy2.jpg,
https://wx3.sinaimg.cn/orj480/8f26fe5fly1gxef2dhc52j21hc0u0asx.jpg,
https://wx3.sinaimg.cn/orj480/8f26fe5fly1gzt3lquhwhj21hc0u018t.jpg,
https://wx3.sinaimg.cn/orj480/8f26fe5fly1h0yyuw3m2gj20u01417bc.jpg,
https://wx3.sinaimg.cn/orj480/8f26fe5fly1h1kq1zxu08j21hc0u0agl.jpg,
https://wx3.sinaimg.cn/orj480/8f26fe5fly1h41zoigwl4j20u0141tl6.jpg,
https://wx3.sinaimg.cn/orj480/8f26fe5fly1h66cewf905j20rd0ff7c4.jpg,
https://wx3.sinaimg.cn/orj480/8f26fe5fly1h6poxjlz3yj20u0140n9w.jpg,
https://wx3.sinaimg.cn/orj480/8f26fe5fly1h6vkiaw343j20u0141tj9.jpg,
https://wx3.sinaimg.cn/orj480/8f26fe5fly1h72nkxjgygj21hc0u0jtb.jpg,
https://wx3.sinaimg.cn/orj480/8f26fe5fly1h7ait3jestj20u014110m.jpg,
https://wx3.sinaimg.cn/orj480/8f26fe5fly1h7e6jggi8kj20u0141ab6.jpg,
https://wx3.sinaimg.cn/orj480/8f26fe5fly1h7g9pldo99j20u0141q43.jpg,
https://wx3.sinaimg.cn/orj480/8f26fe5fly1h7hfbmp9lzj21hc0u0k2y.jpg,
https://wx3.sinaimg.cn/orj480/8f26fe5fly1h7imxdcfymj20u0141aj5.jpg,
https://wx3.sinaimg.cn/orj480/8f26fe5fly1h7k1951qz2j20u0141aid.jpg,
https://wx3.sinaimg.cn/orj480/8f26fe5fly1h7pnh4q841j20u0141115.jpg,
https://wx3.sinaimg.cn/orj480/8f26fe5fly1h7u64h51b5j20u0141497.jpg,
https://wx3.sinaimg.cn/orj480/8f26fe5fly1h7xlfb38kaj21hc0u0n9i.jpg,
https://wx3.sinaimg.cn/orj480/8f26fe5fly1h7zyq28oh8j20u0141qan.jpg,
https://wx3.sinaimg.cn/orj480/8f26fe5fly1h8bic775ydj20u0141gvr.jpg,
https://wx3.sinaimg.cn/orj480/8f26fe5fly1h8ro9e93i1j20u01407cb.jpg,
https://wx3.sinaimg.cn/orj480/8f26fe5fly1h8xujchnqzj20u0141gvh.jpg,
https://wx3.sinaimg.cn/orj480/8f26fe5fly1h9n69e2csgj20u014112u.jpg,
https://wx3.sinaimg.cn/orj480/8f26fe5fly1h9zo525wh8j20u0141k24.jpg,
https://wx3.sinaimg.cn/orj480/8f26fe5fly1ha6wcc2lx7j20u0141tj8.jpg,
https://wx3.sinaimg.cn/orj480/8f26fe5fly1hao5ruvzo5j20u0141tkh.jpg,
https://wx3.sinaimg.cn/orj480/8f26fe5fly1haql6ak03kj20u0141n38.jpg,
https://wx3.sinaimg.cn/orj480/8f26fe5fly1hb4fohcqiaj20u01417fl.jpg,
https://wx3.sinaimg.cn/orj480/8f26fe5fly1hbtt8a75i7j20u0141n4z.jpg,
https://wx3.sinaimg.cn/orj480/8f26fe5fly1hc1h1fymh7j20u0141gxr.jpg,
https://wx3.sinaimg.cn/orj480/8f26fe5fly1hcq5n4ytaij20u01hcdqm.jpg,
https://wx3.sinaimg.cn/orj480/8f26fe5fly1hcs8gtqsuwj20u0141jwc.jpg,
https://wx3.sinaimg.cn/orj480/8f26fe5fly1hcvxf2wjcbj21hc0u0497.jpg,
https://wx3.sinaimg.cn/orj480/8f26fe5fly1hdd28ktzj5j20u0141k3q.jpg,
https://wx3.sinaimg.cn/orj480/8f26fe5fly1hdiu39samaj20u0141dov.jpg,
https://wx3.sinaimg.cn/orj480/8f26fe5fly1hdojyjwewaj20u0141tj0.jpg,
https://wx3.sinaimg.cn/orj480/8f26fe5fly1hdudids4htj20u0141153.jpg,
https://wx3.sinaimg.cn/orj480/8f26fe5fly1hdvjt6fa9cj20u014149a.jpg,
https://wx3.sinaimg.cn/orj480/8f26fe5fly1he4s60c915j20u0141qd9.jpg,
https://wx3.sinaimg.cn/orj480/8f26fe5fly1he9bx8m1ghj20u01hcwms.jpg,
https://wx3.sinaimg.cn/orj480/8f26fe5fly1heak7btpsaj20u0141tku.jpg,
https://wx3.sinaimg.cn/orj480/8f26fe5fly1heimzajb5sj20u01417e3.jpg,
https://wx3.sinaimg.cn/orj480/8f26fe5fly1hes62bo0e9j20u0141gu0.jpg,
https://wx3.sinaimg.cn/orj480/8f26fe5fly1hetdj55mcaj20u014148h.jpg,
https://wx3.sinaimg.cn/orj480/8f26fe5fly1hfcpq2tov1j20u0141dws.jpg,
https://wx3.sinaimg.cn/orj480/8f26fe5fly1hfm0uzzwtgj20u01hcwv6.jpg,
https://wx3.sinaimg.cn/orj480/8f26fe5fly1hfpqdo3hddj20u0141gud.jpg,
https://wx3.sinaimg.cn/orj480/8f26fe5fly1hg766yj9t9j20u01414d7.jpg,
https://wx3.sinaimg.cn/orj480/8f26fe5fly1hgczyx9h0dj20u0141alo.jpg,
https://wx3.sinaimg.cn/orj480/8f26fe5fly1hgip183hh7j20u0141qf1.jpg,
https://wx3.sinaimg.cn/orj480/8f26fe5fly1hgoclm85y3j20u0141wrm.jpg,
https://wx3.sinaimg.cn/orj480/8f26fe5fly1hgt46gddfnj20u0141qdz.jpg,
https://wx3.sinaimg.cn/orj480/8f26fe5fly1hhbgjfkkqtj21o02817wh.jpg,
https://wx3.sinaimg.cn/orj480/8f26fe5fly1hhdses2w9ej20u0141ahr.jpg,
https://wx3.sinaimg.cn/orj480/8f26fe5fly1hheydjsr9pj20u014111v.jpg,
https://wx3.sinaimg.cn/orj480/8f26fe5fly1hhkqogyb1sj22yo1o0e81.jpg,
https://wx3.sinaimg.cn/orj480/8f26fe5fly1hhqjukuhspj21o02817wh.jpg,
https://wx3.sinaimg.cn/orj480/8f26fe5fly1hio73n4xfqj21o0281e81.jpg,
https://wx3.sinaimg.cn/orj480/8f26fe5fly1hiri3dcaa8j21o02814qp.jpg,
https://wx3.sinaimg.cn/orj480/8f26fe5fly1hivu8jumcfj21o02814qp.jpg,
https://wx3.sinaimg.cn/orj480/8f26fe5fly1hiwa9mb3kzj21o02814qp.jpg,
https://wx3.sinaimg.cn/orj480/8f26fe5fly1hj6i80rc7mj21o0281x0u.jpg,
https://wx3.sinaimg.cn/orj480/8f26fe5fly1hjbe0sim4jj21o0280npd.jpg,
https://wx3.sinaimg.cn/orj480/8f26fe5fly1hjcc8l4v0hj21o02811kx.jpg,
https://wx3.sinaimg.cn/orj480/8f26fe5fly1hjdl7s1v1lj21o02817w1.jpg,
https://wx3.sinaimg.cn/orj480/8f26fe5fly1hk1vag6wnej21o02817wh.jpg,
https://wx3.sinaimg.cn/orj480/8f26fe5fly1hkdjvyzas6j22yo1o0b29.jpg,
https://wx3.sinaimg.cn/orj480/8f26fe5fly1hkmjpvcwytj21o0281qtm.jpg,
https://wx3.sinaimg.cn/orj480/8f26fe5fly1hlc1givewlj21o0281e81.jpg,
https://wx3.sinaimg.cn/orj480/8f26fe5fly1hlj15i2ctaj20u01hc17a.jpg,
https://wx3.sinaimg.cn/orj480/8f26fe5fly1hlmmek1k0zj21o02817wh.jpg,
https://wx3.sinaimg.cn/orj480/8f26fe5fly1hltflrcbi7j21o02817wh.jpg,
https://wx3.sinaimg.cn/orj480/8f26fe5fly1hlxxsyah5vj21o02817wh.jpg,
https://wx3.sinaimg.cn/orj480/8f26fe5fly1hlywzm8c4nj21o02811kx.jpg,
https://wx3.sinaimg.cn/orj480/8f26fe5fly1hm79mpesitj21o02811kx.jpg,
https://wx3.sinaimg.cn/orj480/8f26fe5fly1hmgf8bj5ofj21o02814qp.jpg,
https://wx3.sinaimg.cn/orj480/8f26fe5fly1hmpt90bjw2j21o02811kx.jpg,
https://wx3.sinaimg.cn/orj480/8f26fe5fly1hn05p4j4lyj22yo1o07wh.jpg,
https://wx3.sinaimg.cn/orj480/8f26fe5fly1hncvg0w4lvj21o0281b29.jpg,
https://wx3.sinaimg.cn/orj480/8f26fe5fly1hnf7dd5fpqj21o0281npd.jpg,
https://wx3.sinaimg.cn/orj480/8f26fe5fly1hnhgw6cpjqj21o0281b29.jpg,
https://wx3.sinaimg.cn/orj480/8f26fe5fly1hnnalrc6vpj21o0281e81.jpg,
https://wx3.sinaimg.cn/orj480/8f26fe5fly1hnrjuenoc7j21o02811kx.jpg,
https://wx3.sinaimg.cn/orj480/8f26fe5fly1hnyicduneyj21o02814qp.jpg,
https://wx3.sinaimg.cn/orj480/8f26fe5fly1ho04by63bzj21o02811kx.jpg,
https://wx3.sinaimg.cn/orj480/8f26fe5fly1hoeohrwxzlj21o02811kx.jpg,
https://wx3.sinaimg.cn/orj480/8f26fe5fly1hoh080pdn2j21o0281b29.jpg,
https://wx3.sinaimg.cn/orj480/8f26fe5fly1hoikkhtvkqj21o02817wh.jpg,
https://wx3.sinaimg.cn/orj480/8f26fe5fly1hov90cn8wkj21o02814qp.jpg,
https://wx3.sinaimg.cn/orj480/8f26fe5fly1hp2znmfjdcj21o02811i5.jpg,
https://wx3.sinaimg.cn/orj480/8f26fe5fly1hp3850v2msj21o0281b29.jpg,
https://wx3.sinaimg.cn/orj480/8f26fe5fly1hpdptg5dvsj21o02817wh.jpg,
https://wx3.sinaimg.cn/orj480/8f26fe5fly1hq0tcvimb1j21o0281e81.jpg,
https://wx3.sinaimg.cn/orj480/8f26fe5fly1hq8mv2qsirj21o02811kx.jpg,
https://wx3.sinaimg.cn/orj480/8f26fe5fly1hqfiejg9adj20u0141wr4.jpg,
https://wx3.sinaimg.cn/orj480/8f26fe5fly1hqlpuyv0nvj21o02817wh.jpg,
https://wx3.sinaimg.cn/orj480/8f26fe5fly1hqnx0v04pxj21o02811kx.jpg,
https://wx3.sinaimg.cn/orj480/8f26fe5fly1huyw27gqt2j21o0281e81.jpg,
https://wx3.sinaimg.cn/orj480/a19c8318gy1gzra1qru2gj20tv0gs410.jpg,
https://wx4.sinaimg.cn/crop.0.178.1619.900/8f26fe5fgy1glnm02374pj218z0u04qs.jpg,
https://wx4.sinaimg.cn/crop.0.96.1617.899/8f26fe5fgy1glww95ksrfj218x0u0kjm.jpg,
https://wx4.sinaimg.cn/large/001bCaQAly1gnu26dl10aj648w6dcu1102.jpg,
https://wx4.sinaimg.cn/large/001bCaQAly1gnu26xiddnj648w6dchdy02.jpg,
https://wx4.sinaimg.cn/large/002MS1cxly1grr9nw65coj66bk47shdv02.jpg,
https://wx4.sinaimg.cn/large/002MS1cxly1grr9nyhx5jj647s6bkqv602.jpg,
https://wx4.sinaimg.cn/large/002MS1cxly1grr9o10htjj647s6bkhdw02.jpg,
https://wx4.sinaimg.cn/large/002kgTzWly1gihuy47yikj62i81m3e8302.jpg,
https://wx4.sinaimg.cn/large/002kgTzWly1gihuy79px9j61am0u00zt02.jpg,
https://wx4.sinaimg.cn/large/005Kp8MMgy1g9jimegxiqj31yc5hs7wq.jpg,
https://wx4.sinaimg.cn/large/005Kp8MMgy1g9jimvh19pj31gk43xkjr.jpg,
https://wx4.sinaimg.cn/large/005Kp8MMgy1g9jin2wm3rj31y36kou16.jpg,
https://wx4.sinaimg.cn/large/005Kp8MMgy1g9jinceg92j31cb6jokjq.jpg,
https://wx4.sinaimg.cn/large/005Kp8MMgy1g9jinkjgzaj31xs3wonph.jpg,
https://wx4.sinaimg.cn/large/005N8xjPgy1he68r6nkpcj31ol28se81.jpg,
https://wx4.sinaimg.cn/large/005N8xjPgy1he68r780vij30xy199k0h.jpg,
https://wx4.sinaimg.cn/large/005N8xjPgy1he68rcrgapj30oq0wzn2h.jpg,
https://wx4.sinaimg.cn/large/005TJMNuly1gsi0cxzvhwj30sk33zqpk.jpg,
https://wx4.sinaimg.cn/large/005TtF0Jgy1h57vdgzzvmj316mb9w1kz.jpg,
https://wx4.sinaimg.cn/large/005TtF0Jgy1h57vdjfvznj316f8wlhdu.jpg,
https://wx4.sinaimg.cn/large/005XoPZWly1hbw6moxhr1j30zo0iamzz.jpg,
https://wx4.sinaimg.cn/large/005XoPZWly1hbw6mp9hkyj30yi0oc40t.jpg,
https://wx4.sinaimg.cn/large/005XoPZWly1hbw6mph1uvj30yi0h9wfk.jpg,
https://wx4.sinaimg.cn/large/0069TDIhly1hleykbth5rj32yo1o0hdv.jpg,
https://wx4.sinaimg.cn/large/006CIHwQgy1gm9mhphgjfj318z0u0hdy.jpg,
https://wx4.sinaimg.cn/large/006CIHwQgy1gm9mi3im4zj318z0u0x6x.jpg,
https://wx4.sinaimg.cn/large/006ZBbNLgy1gqyap2v3rng306o06o7j3.gif,
https://wx4.sinaimg.cn/large/006ZBbNLgy1gqyap2xckyg306o06o489.gif,
https://wx4.sinaimg.cn/large/006zCGJCly1gevskqjg97j30j60oqtbs.jpg,
https://wx4.sinaimg.cn/large/00760y5Dgy1gov5ivt4hgj31h90mvag2.jpg,
https://wx4.sinaimg.cn/large/00760y5Dgy1gov5iw28snj31h90mt11j.jpg,
https://wx4.sinaimg.cn/large/007E33VLgy1gls0g47l0aj30v90e9q55.jpg,
https://wx4.sinaimg.cn/large/007E33VLgy1gls0g7yz4cj30v90frgnw.jpg,
https://wx4.sinaimg.cn/large/007J4u2Ogy1g5zaf0qej6j30u0140ao0.jpg,
https://wx4.sinaimg.cn/large/007J4u2Ogy1g5zaf0xxh5j30u01407hs.jpg,
https://wx4.sinaimg.cn/large/007NA8ougy1gi85mitgvbj31900u0u0y.jpg,
https://wx4.sinaimg.cn/large/007NA8ougy1gi85miv9k0j31900u0x6q.jpg,
https://wx4.sinaimg.cn/large/007eIFAkgy1g8w7t7o6uvj30ru0fowiz.jpg,
https://wx4.sinaimg.cn/large/4c15ebadgy1gjb3mv9c1qj21hc0n8tny.jpg,
https://wx4.sinaimg.cn/large/53e61fbbgy1h0uh3ojlw0j21900u0h5h.jpg,
https://wx4.sinaimg.cn/large/53e61fbbgy1h0uh3pgv7nj21900u04fn.jpg,
https://wx4.sinaimg.cn/large/53e61fbbgy1h0uh3to23fj20u0190qlb.jpg,
https://wx4.sinaimg.cn/large/53e61fbbgy1h0uh47xf1nj20rs111ti3.jpg,
https://wx4.sinaimg.cn/large/5b473a25gy1g9f7xr26mcj20tj15r7fe.jpg,
https://wx4.sinaimg.cn/large/5b473a25gy1g9f7xro2khj213d0g4afh.jpg,
https://wx4.sinaimg.cn/large/62109a22ly1gbvpa8xi8wj20ku0pxn3n.jpg,
https://wx4.sinaimg.cn/large/62109a22ly1gbvpa96vn3j20pj0f6jwy.jpg,
https://wx4.sinaimg.cn/large/62109a22ly1gbvpawg82zj20ds09hwgi.jpg,
https://wx4.sinaimg.cn/large/62109a22ly1gbvpawm6m7j20hm0bugmq.jpg,
https://wx4.sinaimg.cn/large/62109a22ly1gbvpax06naj20u00jy0x4.jpg,
https://wx4.sinaimg.cn/large/62109a22ly1gbvpct0ppej20la0d6aez.jpg,
https://wx4.sinaimg.cn/large/62d515c6ly1gio6dvcfh2j20u01hcnpe.jpg,
https://wx4.sinaimg.cn/large/6e7ad70fly1hazegrvs2fj22560zokjl.jpg,
https://wx4.sinaimg.cn/large/6e7ad70fly1hqmgi4j7fej214o0zutng.jpg,
https://wx4.sinaimg.cn/large/6e7ad70fly1hqmgi5ladaj215h0zu7jz.jpg,
https://wx4.sinaimg.cn/large/73fcfbc3gy1hiaby3mk9xj21sc2dsb2a.jpg,
https://wx4.sinaimg.cn/large/73fcfbc3ly1hq4abc11h2j21sc2dse82.jpg,
https://wx4.sinaimg.cn/large/73fcfbc3ly1hq4abf5ag8j21sc2dshdu.jpg,
https://wx4.sinaimg.cn/large/766c7a0cly1gggnv9hojbj215o1jkkjm.jpg,
https://wx4.sinaimg.cn/large/766c7a0cly1gggnvwsn09j215o1jke83.jpg,
https://wx4.sinaimg.cn/large/7f226bcdgy1hr592e61bdj21z811k7u4.jpg,
https://wx4.sinaimg.cn/large/7f226bcdgy1hr592jmiubj20zk0vyjvn.jpg,
https://wx4.sinaimg.cn/large/87398af0ly1gqa3170nfmj23v15sfkk3.jpg,
https://wx4.sinaimg.cn/large/87398af0ly1gqa31d7614j23v35sikk3.jpg,
https://wx4.sinaimg.cn/large/87398af0ly1gqb7a5fvw4j260y40p1la.jpg,
https://wx4.sinaimg.cn/large/87398af0ly1gqb7abgpapj240p60yx74.jpg,
https://wx4.sinaimg.cn/large/87398af0ly1gzedszkp6cj22qf43nnph.jpg,
https://wx4.sinaimg.cn/large/8f26fe5fgy1hritz82jpqj22xs4eob2c.jpg,
https://wx4.sinaimg.cn/large/8f26fe5fgy1hritzblgpej24eo2xsx6r.jpg,
https://wx4.sinaimg.cn/large/8f26fe5fgy1hritzpbpfxj24eo2xsqv7.jpg,
https://wx4.sinaimg.cn/large/8f26fe5fgy1hriv0z4l9zj20zu0k611r.jpg,
https://wx4.sinaimg.cn/large/8f26fe5fgy1hs692d8yd0j21r0340u0x.jpg,
https://wx4.sinaimg.cn/large/8f26fe5fgy1hs692e0kflj21fs25pe81.jpg,
https://wx4.sinaimg.cn/large/8f26fe5fgy1hsjajyqpltj21r0340x6q.jpg,
https://wx4.sinaimg.cn/large/8f26fe5fgy1htih1bp01sj24eo2xsb2e.jpg,
https://wx4.sinaimg.cn/large/8f26fe5fgy1htih1gvyyzj22xr4eo7wm.jpg,
https://wx4.sinaimg.cn/large/8f26fe5fgy1huhmahf2mlj22xu4eo1l3.jpg,
https://wx4.sinaimg.cn/large/8f26fe5fly1ho5idpiscxj23cm4gy1l2.jpg,
https://wx4.sinaimg.cn/large/8f26fe5fly1ho5ieegpxkj22lq35s1l1.jpg,
https://wx4.sinaimg.cn/large/8f26fe5fly1hq310djrtoj24eo2xu1kz.jpg,
https://wx4.sinaimg.cn/large/8f26fe5fly1hqc2abp6duj21wp2qix6q.jpg,
https://wx4.sinaimg.cn/large/948af5c9ly1hifzr3seztj20qx1ardnh.jpg,
https://wx4.sinaimg.cn/large/948af5c9ly1hifzr4t178j20ri1aldo5.jpg,
https://wx4.sinaimg.cn/large/948af5c9ly1hifzr5njo3j20ow1azdmo.jpg,
https://wx4.sinaimg.cn/large/948af5c9ly1hifzr67ip2j20xk1agdpw.jpg,
https://wx4.sinaimg.cn/large/948af5c9ly1hifzr8qpmsj20ug1aq7co.jpg,
https://wx4.sinaimg.cn/large/948af5c9ly1hifzr9nhxzj20u11a77c2.jpg,
https://wx4.sinaimg.cn/large/962035cbly1hg0gadzktbj243c64we8g.jpg,
https://wx4.sinaimg.cn/large/962035cbly1hg0gauhpr7j264w43cu1a.jpg,
https://wx4.sinaimg.cn/large/a1831252ly1gbux5r9t2rj20u05mfkjp.jpg,
https://wx4.sinaimg.cn/large/a1831252ly1gbux67ms99j20u0668b2c.jpg,
https://wx4.sinaimg.cn/large/a1831252ly1gcw1tyraeoj20u045hu10.jpg,
https://wx4.sinaimg.cn/large/a1831252ly1gkfnoin1c8j21jk5ime8b.jpg,
https://wx4.sinaimg.cn/large/bdb0e378gy1hdgs7n4mw1j22c0340qv5.jpg,
https://wx4.sinaimg.cn/large/bdb0e378gy1hdgs7q7q3cj22102pcnpd.jpg,
https://wx4.sinaimg.cn/large/bdb0e378gy1hdgs7u04vij21t02epe81.jpg,
https://wx4.sinaimg.cn/large/bdb0e378gy1hdgs851foij21x52k7hdt.jpg,
https://wx4.sinaimg.cn/large/bdb0e378gy1hdgs915qytj22c0340x6p.jpg,
https://wx4.sinaimg.cn/large/cff92cfcly1hqtywnhi8mj22cv36ahdu.jpg,
https://wx4.sinaimg.cn/large/cff92cfcly1hqtyxv02fwj22iv3sa1l0.jpg,
https://wx4.sinaimg.cn/orj480/002Cxhcrly1gvbmega1shj60k00qpdki02.jpg,
https://wx4.sinaimg.cn/orj480/8f26fe5fgy1g9sy4lh7doj21hc0u0npd.jpg,
https://wx4.sinaimg.cn/orj480/8f26fe5fgy1gdc834ekhcj20u01401kx.jpg,
https://wx4.sinaimg.cn/orj480/8f26fe5fgy1giyezdzm7vj20u01hcq5n.jpg,
https://wx4.sinaimg.cn/orj480/8f26fe5fgy1gj0s8cz98ej20u0140khf.jpg,
https://wx4.sinaimg.cn/orj480/8f26fe5fgy1gm2g01r7qdj20k00qoh1s.jpg,
https://wx4.sinaimg.cn/orj480/8f26fe5fgy1h9f4hi1xg7j20u0141k3u.jpg,
https://wx4.sinaimg.cn/orj480/8f26fe5fgy1hck4ld4azcj20u014046s.jpg,
https://wx4.sinaimg.cn/orj480/8f26fe5fgy1hr1skvvy6oj21o02811kx.jpg,
https://wx4.sinaimg.cn/orj480/8f26fe5fgy1hr7bwxbt5qj21o0281kgj.jpg,
https://wx4.sinaimg.cn/orj480/8f26fe5fgy1hrj3rptq5zj21o02817wh.jpg,
https://wx4.sinaimg.cn/orj480/8f26fe5fgy1hrumnn20l9j20om0wuaj9.jpg,
https://wx4.sinaimg.cn/orj480/8f26fe5fgy1hry722o781j20om0wvgtb.jpg,
https://wx4.sinaimg.cn/orj480/8f26fe5fgy1hsk3saatgqj20u01hcdwp.jpg,
https://wx4.sinaimg.cn/orj480/8f26fe5fgy1ht0c0w93dej21o02814qp.jpg,
https://wx4.sinaimg.cn/orj480/8f26fe5fgy1ht8gbduig3j21o02814qp.jpg,
https://wx4.sinaimg.cn/orj480/8f26fe5fgy1ht9l7jx4paj22yo1o04qp.jpg,
https://wx4.sinaimg.cn/orj480/8f26fe5fgy1htd2gcus4dj21o02814qp.jpg,
https://wx4.sinaimg.cn/orj480/8f26fe5fgy1htgj9lbqauj21o02817wh.jpg,
https://wx4.sinaimg.cn/orj480/8f26fe5fgy1htnalcs6e7j20om0wvahq.jpg,
https://wx4.sinaimg.cn/orj480/8f26fe5fgy1hud09d67ssj21o02817wh.jpg,
https://wx4.sinaimg.cn/orj480/8f26fe5fgy1huma49ur8hj22yo1o0qv5.jpg,
https://wx4.sinaimg.cn/orj480/8f26fe5fgy1huplp94896j21401hdwud.jpg,
https://wx4.sinaimg.cn/orj480/8f26fe5fgy3gblssizfe0j21hc0u0npd.jpg,
https://wx4.sinaimg.cn/orj480/8f26fe5fgy3gbv7u9yrdxj20u01hctsy.jpg,
https://wx4.sinaimg.cn/orj480/8f26fe5fly1fvm7x1zwc7j20k00zk75m.jpg,
https://wx4.sinaimg.cn/orj480/8f26fe5fly1g2bfj97jenj20k00zk3zs.jpg,
https://wx4.sinaimg.cn/orj480/8f26fe5fly1g3ihkozymxj20u00gwtqh.jpg,
https://wx4.sinaimg.cn/orj480/8f26fe5fly1g7s0zch3cyj20u01hcdj8.jpg,
https://wx4.sinaimg.cn/orj480/8f26fe5fly1g93j5in72jj20k00zk3zl.jpg,
https://wx4.sinaimg.cn/orj480/8f26fe5fly1g9m1yeqw15j20f00qomya.jpg,
https://wx4.sinaimg.cn/orj480/8f26fe5fly1gji2nlc196j20u0140b29.jpg,
https://wx4.sinaimg.cn/orj480/8f26fe5fly1gnoawjxir2j20k00qph0v.jpg,
https://wx4.sinaimg.cn/orj480/8f26fe5fly1gpbfpf0uuwj20k00qp4ev.jpg,
https://wx4.sinaimg.cn/orj480/8f26fe5fly1gq9oj64e66j20k00qpwzq.jpg,
https://wx4.sinaimg.cn/orj480/8f26fe5fly1gqyemo3wnhj20k00qp7pl.jpg,
https://wx4.sinaimg.cn/orj480/8f26fe5fly1grlnpecc3sj20k00qp7qv.jpg,
https://wx4.sinaimg.cn/orj480/8f26fe5fly1grvtge8yqvj20k00qpaw4.jpg,
https://wx4.sinaimg.cn/orj480/8f26fe5fly1gs0jh30y48j20k00qpqtx.jpg,
https://wx4.sinaimg.cn/orj480/8f26fe5fly1gsukl1te9zj20k00qpn4e.jpg,
https://wx4.sinaimg.cn/orj480/8f26fe5fly1gtynmo7axnj20k00qo43s.jpg,
https://wx4.sinaimg.cn/orj480/8f26fe5fly1gw5l6m0wozj20u00gxq9d.jpg,
https://wx4.sinaimg.cn/orj480/8f26fe5fly1gx7sgfcml0j21hc0u0h49.jpg,
https://wx4.sinaimg.cn/orj480/8f26fe5fly1h0cszfblyqj20u0141dp3.jpg,
https://wx4.sinaimg.cn/orj480/8f26fe5fly1h0gbt9sis8j20u00gwwjt.jpg,
https://wx4.sinaimg.cn/orj480/8f26fe5fly1h13op6jlpaj20u01417bk.jpg,
https://wx4.sinaimg.cn/orj480/8f26fe5fly1h1agsd4dfcj20u0141gsf.jpg,
https://wx4.sinaimg.cn/orj480/8f26fe5fly1h1clkx5uodj20on0wwtek.jpg,
https://wx4.sinaimg.cn/orj480/8f26fe5fly1h21eyuem64j20u0141tgi.jpg,
https://wx4.sinaimg.cn/orj480/8f26fe5fly1h2g8kptlvuj20u0141h0y.jpg,
https://wx4.sinaimg.cn/orj480/8f26fe5fly1h35dnyxv08j20ei0jb0w2.jpg,
https://wx4.sinaimg.cn/orj480/8f26fe5fly1h3ii07fhmwj20u00gwwkn.jpg,
https://wx4.sinaimg.cn/orj480/8f26fe5fly1h4p256w84lj20u0141tn8.jpg,
https://wx4.sinaimg.cn/orj480/8f26fe5fly1h4qa97aw57j20u0141amo.jpg,
https://wx4.sinaimg.cn/orj480/8f26fe5fly1h69vqn5xodj20u01417d5.jpg,
https://wx4.sinaimg.cn/orj480/8f26fe5fly1h6m67iz9i2j20u0141tib.jpg,
https://wx4.sinaimg.cn/orj480/8f26fe5fly1h6r9pl06soj20u0141weu.jpg,
https://wx4.sinaimg.cn/orj480/8f26fe5fly1h75w4wu9naj20u0141dh4.jpg,
https://wx4.sinaimg.cn/orj480/8f26fe5fly1h78b81662sj20u0141q3v.jpg,
https://wx4.sinaimg.cn/orj480/8f26fe5fly1h7d32i3fklj20u01414b7.jpg,
https://wx4.sinaimg.cn/orj480/8f26fe5fly1h7m3p0c2krj20u0141dp1.jpg,
https://wx4.sinaimg.cn/orj480/8f26fe5fly1h7vm915ohmj20u0141dpp.jpg,
https://wx4.sinaimg.cn/orj480/8f26fe5fly1h8ag2xrwgzj20u0141123.jpg,
https://wx4.sinaimg.cn/orj480/8f26fe5fly1h8bumm3h4ej20u01417mi.jpg,
https://wx4.sinaimg.cn/orj480/8f26fe5fly1h8ig4ynn68j20u014111v.jpg,
https://wx4.sinaimg.cn/orj480/8f26fe5fly1h8jpc7idg0j20u014111p.jpg,
https://wx4.sinaimg.cn/orj480/8f26fe5fly1h8pdua1ofxj20u0141dpt.jpg,
https://wx4.sinaimg.cn/orj480/8f26fe5fly1h983bvua8wj20u0141ah5.jpg,
https://wx4.sinaimg.cn/orj480/8f26fe5fly1h99djfemn7j20u0141ak1.jpg,
https://wx4.sinaimg.cn/orj480/8f26fe5fly1h9bmt3d88hj21hc0u0kby.jpg,
https://wx4.sinaimg.cn/orj480/8f26fe5fly1h9whhzlp6xj20u0141dpg.jpg,
https://wx4.sinaimg.cn/orj480/8f26fe5fly1ha49ow9acaj20u0141tjn.jpg,
https://wx4.sinaimg.cn/orj480/8f26fe5fly1hajm6236h0j20u0141gvc.jpg,
https://wx4.sinaimg.cn/orj480/8f26fe5fly1hb0y84qv4yj20u0141n6q.jpg,
https://wx4.sinaimg.cn/orj480/8f26fe5fly1hbdn425cw2j20u0141n71.jpg,
https://wx4.sinaimg.cn/orj480/8f26fe5fly1hbknhq4ccoj20u0141k0a.jpg,
https://wx4.sinaimg.cn/orj480/8f26fe5fly1hbuo44j99mj20u0141akg.jpg,
https://wx4.sinaimg.cn/orj480/8f26fe5fly1hbw48v3kf2j20u00gwgqj.jpg,
https://wx4.sinaimg.cn/orj480/8f26fe5fly1hc0ipwqhxtj20u0141ahn.jpg,
https://wx4.sinaimg.cn/orj480/8f26fe5fly1hc67f6b8ydj20u014111i.jpg,
https://wx4.sinaimg.cn/orj480/8f26fe5fly1hcavkiwl8xj20u0141tm1.jpg,
https://wx4.sinaimg.cn/orj480/8f26fe5fly1hcc865mgoaj20u01hcgys.jpg,
https://wx4.sinaimg.cn/orj480/8f26fe5fly1hch0qnx0jhj20u0141k2s.jpg,
https://wx4.sinaimg.cn/orj480/8f26fe5fly1hcjb5c0ylqj20u0141dsr.jpg,
https://wx4.sinaimg.cn/orj480/8f26fe5fly1hcmw3afvmgj20u0141guw.jpg,
https://wx4.sinaimg.cn/orj480/8f26fe5fly1hcntrjb6mvj20u014144x.jpg,
https://wx4.sinaimg.cn/orj480/8f26fe5fly1hcrbb3b81vj20u0141thu.jpg,
https://wx4.sinaimg.cn/orj480/8f26fe5fly1hctdvgmkvlj20u01417gg.jpg,
https://wx4.sinaimg.cn/orj480/8f26fe5fly1hcx4go7z0kj20u0141wmk.jpg,
https://wx4.sinaimg.cn/orj480/8f26fe5fly1hd0m4i2m73j20u0141n5p.jpg,
https://wx4.sinaimg.cn/orj480/8f26fe5fly1hd1rngk0cwj20u01417cf.jpg,
https://wx4.sinaimg.cn/orj480/8f26fe5fly1hd40btqrbrj20u0141qcl.jpg,
https://wx4.sinaimg.cn/orj480/8f26fe5fly1hdeffls9e1j20u0141qd0.jpg,
https://wx4.sinaimg.cn/orj480/8f26fe5fly1hdllw2whkjj20u0141wt3.jpg,
https://wx4.sinaimg.cn/orj480/8f26fe5fly1he7ayojtnvj20u01417fm.jpg,
https://wx4.sinaimg.cn/orj480/8f26fe5fly1hebpvtc7ohj20u0141qc5.jpg,
https://wx4.sinaimg.cn/orj480/8f26fe5fly1hehruubku8j20u01417ed.jpg,
https://wx4.sinaimg.cn/orj480/8f26fe5fly1hfhmv0j1y1j20u01hc4c0.jpg,
https://wx4.sinaimg.cn/orj480/8f26fe5fly1hfnenn8hwuj20u0141dqc.jpg,
https://wx4.sinaimg.cn/orj480/8f26fe5fly1hfojekdyx2j20u0141aih.jpg,
https://wx4.sinaimg.cn/orj480/8f26fe5fly1hfsuxj6lxyj21o0281kjl.jpg,
https://wx4.sinaimg.cn/orj480/8f26fe5fly1hfwnteuro6j20u0141gxl.jpg,
https://wx4.sinaimg.cn/orj480/8f26fe5fly1hfxqwus6qej20u0141k37.jpg,
https://wx4.sinaimg.cn/orj480/8f26fe5fly1hg01v9bg9lj20u0141153.jpg,
https://wx4.sinaimg.cn/orj480/8f26fe5fly1hg2fkmvkidj21o0281b29.jpg,
https://wx4.sinaimg.cn/orj480/8f26fe5fly1hgajtqdyc4j20om0wun5i.jpg,
https://wx4.sinaimg.cn/orj480/8f26fe5fly1hgmy1t65ylj20u0140qbl.jpg,
https://wx4.sinaimg.cn/orj480/8f26fe5fly1hh5naxl6ztj20u0141k1w.jpg,
https://wx4.sinaimg.cn/orj480/8f26fe5fly1hhp38z1m9mj21o0281b29.jpg,
https://wx4.sinaimg.cn/orj480/8f26fe5fly1hhu5x81yc0j21o02814qp.jpg,
https://wx4.sinaimg.cn/orj480/8f26fe5fly1hhv50tdeffj22yo1o0u0x.jpg,
https://wx4.sinaimg.cn/orj480/8f26fe5fly1hi91p7o25xj21o02811kx.jpg,
https://wx4.sinaimg.cn/orj480/8f26fe5fly1himlp3s70hj21o0281qv5.jpg,
https://wx4.sinaimg.cn/orj480/8f26fe5fly1himw68wvb2j213w1h714n.jpg,
https://wx4.sinaimg.cn/orj480/8f26fe5fly1hiox9bzt67j21o0281txp.jpg,
https://wx4.sinaimg.cn/orj480/8f26fe5fly1hiunzjjli6j21o0281nk1.jpg,
https://wx4.sinaimg.cn/orj480/8f26fe5fly1hj0ihqfok9j21o02811a4.jpg,
https://wx4.sinaimg.cn/orj480/8f26fe5fly1hj4ecctun1j21o0281x14.jpg,
https://wx4.sinaimg.cn/orj480/8f26fe5fly1hj5i1srxloj21o02811kx.jpg,
https://wx4.sinaimg.cn/orj480/8f26fe5fly1hjmvpsv1xoj21o0281hd2.jpg,
https://wx4.sinaimg.cn/orj480/8f26fe5fly1hjw0z7j701j21o02811kx.jpg,
https://wx4.sinaimg.cn/orj480/8f26fe5fly1hjzf91cv65j21o02811kx.jpg,
https://wx4.sinaimg.cn/orj480/8f26fe5fly1hk0ok9313xj21o02811kx.jpg,
https://wx4.sinaimg.cn/orj480/8f26fe5fly1hk58ak89yjj21o02814qp.jpg,
https://wx4.sinaimg.cn/orj480/8f26fe5fly1hkfo3c4o8pj21o02811kx.jpg,
https://wx4.sinaimg.cn/orj480/8f26fe5fly1hkj20kib9dj21o02811kx.jpg,
https://wx4.sinaimg.cn/orj480/8f26fe5fly1hl65zdzc44j21o02817wh.jpg,
https://wx4.sinaimg.cn/orj480/8f26fe5fly1hl9rowccorj21o02814qp.jpg,
https://wx4.sinaimg.cn/orj480/8f26fe5fly1hlgkjvcl3yj22yo1o0hdt.jpg,
https://wx4.sinaimg.cn/orj480/8f26fe5fly1hlsbd1bvp1j22yo1o0hdt.jpg,
https://wx4.sinaimg.cn/orj480/8f26fe5fly1hm1hagr7srj21o0281b29.jpg,
https://wx4.sinaimg.cn/orj480/8f26fe5fly1hm8dtvkc9gj21o02811kx.jpg,
https://wx4.sinaimg.cn/orj480/8f26fe5fly1hmjxq13i0fj21o0281hdt.jpg,
https://wx4.sinaimg.cn/orj480/8f26fe5fly1hmoc00xg0gj20u01hcjty.jpg,
https://wx4.sinaimg.cn/orj480/8f26fe5fly1hmrqn5pyztj21o0281tyh.jpg,
https://wx4.sinaimg.cn/orj480/8f26fe5fly1hmxxat4srrj21o02817wh.jpg,
https://wx4.sinaimg.cn/orj480/8f26fe5fly1hn2fjpchskj20u01hc13j.jpg,
https://wx4.sinaimg.cn/orj480/8f26fe5fly1hnl01hoi93j21o0281b29.jpg,
https://wx4.sinaimg.cn/orj480/8f26fe5fly1hnvdy9gm0vj21o0281e7e.jpg,
https://wx4.sinaimg.cn/orj480/8f26fe5fly1ho139wyabpj21o0281tzd.jpg,
https://wx4.sinaimg.cn/orj480/8f26fe5fly1ho26qm9hgsj21o02811kx.jpg,
https://wx4.sinaimg.cn/orj480/8f26fe5fly1ho4kvbinx5j21o02814qp.jpg,
https://wx4.sinaimg.cn/orj480/8f26fe5fly1ho6xopkuxkj21o0281b29.jpg,
https://wx4.sinaimg.cn/orj480/8f26fe5fly1hoa2s1d5xkj21o0281hdt.jpg,
https://wx4.sinaimg.cn/orj480/8f26fe5fly1hob8m2y38tj21o02817wh.jpg,
https://wx4.sinaimg.cn/orj480/8f26fe5fly1hobla1hzlbj21o0280b29.jpg,
https://wx4.sinaimg.cn/orj480/8f26fe5fly1hofwm1665ij21o02814qp.jpg,
https://wx4.sinaimg.cn/orj480/8f26fe5fly1hokumikdy2j22yo1o0b29.jpg,
https://wx4.sinaimg.cn/orj480/8f26fe5fly1hp4310dg6kj21o0281e81.jpg,
https://wx4.sinaimg.cn/orj480/8f26fe5fly1hp7tscogmkj21o0281e81.jpg,
https://wx4.sinaimg.cn/orj480/8f26fe5fly1hpbdd3cprfj21o02801iv.jpg,
https://wx4.sinaimg.cn/orj480/8f26fe5fly1hpfzsnkwmsj21o02811kx.jpg,
https://wx4.sinaimg.cn/orj480/8f26fe5fly1hpo3ki8iq3j21o0281tyh.jpg,
https://wx4.sinaimg.cn/orj480/8f26fe5fly1hpydr560ofj21o0281hdt.jpg,
https://wx4.sinaimg.cn/orj480/8f26fe5fly1hq23xu9codj21o02814qp.jpg,
https://wx4.sinaimg.cn/orj480/8f26fe5fly1hqi3vudpsaj21o0281b29.jpg,
https://wx4.sinaimg.cn/orj480/8f26fe5fly1hqq740wbx0j21o02817wh.jpg,
https://wx4.sinaimg.cn/orj480/8f26fe5fly1hqtqwuk0xhj21o0281x5s.jpg