https://h5.sinaimg.cn/upload/100/721/2019/03/14/vote.png,
https://tvax2.sinaimg.cn/crop.0.0.640.640.180/008xPYO6ly8hcdcmtfud8j30hs0hsjrl.jpg?KID=imgbed,tva&Expires=1730200422&ssig=PXFb9pBlEK,
https://wx1.sinaimg.cn/large/005RJf8Ygy1hsrzjnnpilj336u24mhdu.jpg,
https://wx1.sinaimg.cn/large/005RJf8Ygy1hsrzkbw50kj324m36unpe.jpg,
https://wx1.sinaimg.cn/large/005RJf8Ygy1hsrzmt1mdrj336u24m4qq.jpg,
https://wx1.sinaimg.cn/large/005RJf8Ygy1hthfyfjpq1j30u0140gti.jpg,
https://wx1.sinaimg.cn/large/005RJf8Ygy1hthfyivjtvj30u0140n8k.jpg,
https://wx1.sinaimg.cn/large/005RJf8Ygy1htuiqou9wzj31401hck2y.jpg,
https://wx1.sinaimg.cn/large/005RJf8Ygy1htuiqpi6z0j31401hck4r.jpg,
https://wx1.sinaimg.cn/large/005RJf8Ygy1htuiqq1u94j31401hc7g7.jpg,
https://wx1.sinaimg.cn/large/005RJf8Yly1hap0sjdysgj318z0u0gu2.jpg,
https://wx1.sinaimg.cn/large/005RJf8Yly1hap0temgk0j30tz19fgxo.jpg,
https://wx1.sinaimg.cn/large/005RJf8Yly1hpc87kkhs2j30u014046s.jpg,
https://wx1.sinaimg.cn/large/005RJf8Yly1hpdp5zm1fyj30u00u1dnk.jpg,
https://wx1.sinaimg.cn/large/005RJf8Yly1hpfz5dy6c9j30u0190793.jpg,
https://wx1.sinaimg.cn/large/005RJf8Yly1hpfz5edckwj30u01bzn20.jpg,
https://wx1.sinaimg.cn/large/005RJf8Yly1hpfz5era8zj30u0190q7j.jpg,
https://wx1.sinaimg.cn/large/005RJf8Yly1hpfz5f6u3nj30u0190wjc.jpg,
https://wx1.sinaimg.cn/large/005RJf8Yly1hpfz5hb0icj31900u0jvu.jpg,
https://wx1.sinaimg.cn/large/005RJf8Yly1hph5bmir9bj316o1kwkey.jpg,
https://wx1.sinaimg.cn/large/005RJf8Yly1hph5zvkzd9j30np0zk446.jpg,
https://wx1.sinaimg.cn/large/005RJf8Yly1hpkoj4kryjj30wr0luwjv.jpg,
https://wx1.sinaimg.cn/large/005RJf8Yly1hpty86um9wj31400u0trd.jpg,
https://wx1.sinaimg.cn/large/005RJf8Yly1hpty8j2ma7j30u0140e1g.jpg,
https://wx1.sinaimg.cn/large/005RJf8Yly1hpupfpq8gwj30u019010a.jpg,
https://wx1.sinaimg.cn/large/005RJf8Yly1hpupfsathbj30u0190gwa.jpg,
https://wx1.sinaimg.cn/large/005RJf8Yly1hpupftv4ulj31900u0thh.jpg,
https://wx1.sinaimg.cn/large/005RJf8Yly1hpupfue69kj31900u0gs9.jpg,
https://wx1.sinaimg.cn/large/005RJf8Yly1hpupfvlwwlj31900u07di.jpg,
https://wx1.sinaimg.cn/large/005RJf8Yly1hpupfwalf4j31900u0gti.jpg,
https://wx1.sinaimg.cn/large/005RJf8Yly1hsufyrjsihj30u0140gvc.jpg,
https://wx1.sinaimg.cn/large/005RJf8Yly1hsufyt866wj30fn0g675q.jpg,
https://wx1.sinaimg.cn/large/005RJf8Yly1ht150rw635j30u0190n3r.jpg,
https://wx1.sinaimg.cn/large/005RJf8Yly1ht150srn24j30u0190q9r.jpg,
https://wx1.sinaimg.cn/large/005RJf8Yly1ht2aofq63ej318w0u0jxe.jpg,
https://wx1.sinaimg.cn/large/005RJf8Yly1ht2aohvwobj30u014l7af.jpg,
https://wx1.sinaimg.cn/large/005RJf8Yly1ht2aprv1k5j31ch0u0wmi.jpg,
https://wx1.sinaimg.cn/large/005RJf8Yly1htquap4mzjj30u01a0n0h.jpg,
https://wx1.sinaimg.cn/large/005RJf8Yly1htzti2lyigj30u018zhdt.jpg,
https://wx1.sinaimg.cn/large/005RJf8Yly1hu3lq6gltwj31he0u042h.jpg,
https://wx1.sinaimg.cn/large/005RJf8Yly1hu3lqn39v7j30u01h9n2b.jpg,
https://wx1.sinaimg.cn/large/005RJf8Yly1humwzd3y4xj318z0u078m.jpg,
https://wx1.sinaimg.cn/large/005RJf8Yly1humwzdz9pdj318z0u044l.jpg,
https://wx1.sinaimg.cn/large/005RJf8Yly1humxjxawjbj318z0u042x.jpg,
https://wx1.sinaimg.cn/large/005RJf8Yly1hurwjkvkskj318z0u0grt.jpg,
https://wx1.sinaimg.cn/large/006tJSEjly1hpcsvhnvkej32ns3jkkjm.jpg,
https://wx1.sinaimg.cn/large/006tJSEjly1hpcsvoedbqj32ns3jke82.jpg,
https://wx1.sinaimg.cn/large/006tJSEjly1hpcsvrkrouj32ns3jkb2a.jpg,
https://wx1.sinaimg.cn/large/008v9Qjoly1hu25isuw9wj30f00f0ac3.jpg,
https://wx1.sinaimg.cn/large/008xPYO6ly1hq0uj1v01qj313x1jwqv5.jpg,
https://wx1.sinaimg.cn/orj480/005RJf8Yly1hp7mpsza98j30zk0k0jxl.jpg,
https://wx1.sinaimg.cn/orj480/005RJf8Yly1hp8zbh2tjpj30k00qpwjk.jpg,
https://wx1.sinaimg.cn/orj480/005RJf8Yly1hpyft1d8xfj30om0wv7d5.jpg,
https://wx1.sinaimg.cn/orj480/005RJf8Yly1htd1mcgyfgj30mh0tz784.jpg,
https://wx1.sinaimg.cn/orj480/005RJf8Yly1huo47w3o7mj30mh0u0whq.jpg,
https://wx2.sinaimg.cn/large/005RJf8Ygy1hsrzm640spj336u24mb2a.jpg,
https://wx2.sinaimg.cn/large/005RJf8Ygy1htuiqqlbuxj31401hcwuh.jpg,
https://wx2.sinaimg.cn/large/005RJf8Yly1hap0qjq11zj318z0u07b6.jpg,
https://wx2.sinaimg.cn/large/005RJf8Yly1hap0tsvl78j31hc0u0wqx.jpg,
https://wx2.sinaimg.cn/large/005RJf8Yly1hpc87k4k0vj30u0140qbq.jpg,
https://wx2.sinaimg.cn/large/005RJf8Yly1hpdp5yz66vj30wr1m8hdt.jpg,
https://wx2.sinaimg.cn/large/005RJf8Yly1hpfz5gaejcj30u0190q86.jpg,
https://wx2.sinaimg.cn/large/005RJf8Yly1hph5bf3ovoj30tt14jdq9.jpg,
https://wx2.sinaimg.cn/large/005RJf8Yly1hph5bqoo0hj30ty14kgx6.jpg,
https://wx2.sinaimg.cn/large/005RJf8Yly1hph5bu34yaj313z0netif.jpg,
https://wx2.sinaimg.cn/large/005RJf8Yly1hpi18uk0cxj30wr1z0hdt.jpg,
https://wx2.sinaimg.cn/large/005RJf8Yly1hpkoj4stg3j30wr0lvjw2.jpg,
https://wx2.sinaimg.cn/large/005RJf8Yly1hpkoj51nkzj30wr0igahd.jpg,
https://wx2.sinaimg.cn/large/005RJf8Yly1hpkoj5jdydj30ws0lvgqt.jpg,
https://wx2.sinaimg.cn/large/005RJf8Yly1hpty7fc7wlj31400u0x1f.jpg,
https://wx2.sinaimg.cn/large/005RJf8Yly1hpty7sl5nsj30u0140dr9.jpg,
https://wx2.sinaimg.cn/large/005RJf8Yly1hpupfrch16j30u0190qav.jpg,
https://wx2.sinaimg.cn/large/005RJf8Yly1hsufyqx3h2j31900u0k2s.jpg,
https://wx2.sinaimg.cn/large/005RJf8Yly1hsufysvjj6j31hc0u0qkr.jpg,
https://wx2.sinaimg.cn/large/005RJf8Yly1ht150qu195j30u019079t.jpg,
https://wx2.sinaimg.cn/large/005RJf8Yly1ht150uaxpmj30u0190qa9.jpg,
https://wx2.sinaimg.cn/large/005RJf8Yly1ht62xirmd4j30u014jdnx.jpg,
https://wx2.sinaimg.cn/large/005RJf8Yly1htquao23m7j31900u0dj8.jpg,
https://wx2.sinaimg.cn/large/005RJf8Yly1htquapwgw7j31900u0whv.jpg,
https://wx2.sinaimg.cn/large/005RJf8Yly1htquarhr91j30u0190n0t.jpg,
https://wx2.sinaimg.cn/large/005RJf8Yly1htzthyqeg1j30u018z7bm.jpg,
https://wx2.sinaimg.cn/large/005RJf8Yly1htztidk1cjj30u018z7wh.jpg,
https://wx2.sinaimg.cn/large/005RJf8Yly1hu3lqnjpk8j31hb0u0n19.jpg,
https://wx2.sinaimg.cn/large/005RJf8Yly1hu3lqo4ch7j30tm1grdn0.jpg,
https://wx2.sinaimg.cn/large/005RJf8Yly1hu8810z1tyj31900u0q7b.jpg,
https://wx2.sinaimg.cn/large/005RJf8Yly1hu8811w1gfj31900u0dlr.jpg,
https://wx2.sinaimg.cn/large/005RJf8Yly1hu88146zf9j30u019p79x.jpg,
https://wx2.sinaimg.cn/large/005RJf8Yly1hurwjl9y8ej31900u0n4n.jpg,
https://wx2.sinaimg.cn/large/005RJf8Yly1hurwjllv84j31880u0jya.jpg,
https://wx2.sinaimg.cn/large/005RJf8Yly1hurwjm02trj30u01a27a4.jpg,
https://wx2.sinaimg.cn/large/006tJSEjly1hpcsvvuoc9j32ns3jku0y.jpg,
https://wx2.sinaimg.cn/large/008v9Qjoly1hu25ipwy6ej30f00f0wij.jpg,
https://wx2.sinaimg.cn/large/008v9Qjoly1hu25iw61pbj30f00f00wc.jpg,
https://wx2.sinaimg.cn/large/008v9Qjoly1hu25jog6c6j30u03h1x6p.jpg,
https://wx2.sinaimg.cn/large/7d367c69ly1hpdj448whvj20u00u044f.jpg,
https://wx2.sinaimg.cn/orj480/005RJf8Yly1hstbky20voj30mh0u0782.jpg,
https://wx2.sinaimg.cn/orj480/005RJf8Yly1hubpaf9sqzj30mh0u0dix.jpg,
https://wx2.sinaimg.cn/orj480/006yL4Figy1hst4r1eizuj30u01hcgx0.jpg,
https://wx3.sinaimg.cn/large/005RJf8Ygy1hsrzkd4ovxj34wo39ve85.jpg,
https://wx3.sinaimg.cn/large/005RJf8Ygy1hsrzkot6auj336u24mu0x.jpg,
https://wx3.sinaimg.cn/large/005RJf8Ygy1hthfyg1mbgj30u0140tgw.jpg,
https://wx3.sinaimg.cn/large/005RJf8Ygy1hthfygi83uj30u0140wn4.jpg,
https://wx3.sinaimg.cn/large/005RJf8Ygy1hthfyhvrt5j30u0140qce.jpg,
https://wx3.sinaimg.cn/large/005RJf8Ygy1hthfyieb31j30u0140k1r.jpg,
https://wx3.sinaimg.cn/large/005RJf8Ygy1htuiqr3jwpj31401hcapr.jpg,
https://wx3.sinaimg.cn/large/005RJf8Ygy1htuiqsush0j31401hcwt5.jpg,
https://wx3.sinaimg.cn/large/005RJf8Yly1hap0pn7b80j318z0u0n66.jpg,
https://wx3.sinaimg.cn/large/005RJf8Yly1hap0q6zsnkj318z0u0gvc.jpg,
https://wx3.sinaimg.cn/large/005RJf8Yly1hap0s2jv51j31hc0u07ea.jpg,
https://wx3.sinaimg.cn/large/005RJf8Yly1hap0ud3438j30u018zwlm.jpg,
https://wx3.sinaimg.cn/large/005RJf8Yly1hp7wdh5y31j32c0340npd.jpg,
https://wx3.sinaimg.cn/large/005RJf8Yly1hp7wdjhuhdj30wr1z0b29.jpg,
https://wx3.sinaimg.cn/large/005RJf8Yly1hpc87mrl4vj31kl23ghdt.jpg,
https://wx3.sinaimg.cn/large/005RJf8Yly1hpdp5wt6yoj31sc2ds7wi.jpg,
https://wx3.sinaimg.cn/large/005RJf8Yly1hpdp60wxsoj32c02c0hdt.jpg,
https://wx3.sinaimg.cn/large/005RJf8Yly1hpfz5dhhr9j30u0190q7f.jpg,
https://wx3.sinaimg.cn/large/005RJf8Yly1hpfz5hu9n2j30u01b2n12.jpg,
https://wx3.sinaimg.cn/large/005RJf8Yly1hph5bvo96ej30tm14iapg.jpg,
https://wx3.sinaimg.cn/large/005RJf8Yly1hphxvdgagwj30u00u1jvn.jpg,
https://wx3.sinaimg.cn/large/005RJf8Yly1hpkoj3j8bvj30ws0lv0xi.jpg,
https://wx3.sinaimg.cn/large/005RJf8Yly1hpkoj4bxmqj30wr0ign2j.jpg,
https://wx3.sinaimg.cn/large/005RJf8Yly1hpty6zgopcj30w616w191.jpg,
https://wx3.sinaimg.cn/large/005RJf8Yly1hpty8zwsi3j30u0140tp0.jpg,
https://wx3.sinaimg.cn/large/005RJf8Yly1hpupfsyesmj30u019045r.jpg,
https://wx3.sinaimg.cn/large/005RJf8Yly1hpupfwwd47j31900u0dms.jpg,
https://wx3.sinaimg.cn/large/005RJf8Yly1hpupfxorpzj30u01a6tgo.jpg,
https://wx3.sinaimg.cn/large/005RJf8Yly1hsufypxtnoj31900u0794.jpg,
https://wx3.sinaimg.cn/large/005RJf8Yly1ht150on1xoj30u0190ter.jpg,
https://wx3.sinaimg.cn/large/005RJf8Yly1ht150tfeu7j30u019043r.jpg,
https://wx3.sinaimg.cn/large/005RJf8Yly1ht2aog55fwj30u018wwl5.jpg,
https://wx3.sinaimg.cn/large/005RJf8Yly1ht2aoglt9uj30u018wdma.jpg,
https://wx3.sinaimg.cn/large/005RJf8Yly1ht62xdyyf6j30u0140n11.jpg,
https://wx3.sinaimg.cn/large/005RJf8Yly1htoq8nt1xdj30u014078u.jpg,
https://wx3.sinaimg.cn/large/005RJf8Yly1htquaoetcyj30u018zq62.jpg,
https://wx3.sinaimg.cn/large/005RJf8Yly1htquaqphn6j30u0190adp.jpg,
https://wx3.sinaimg.cn/large/005RJf8Yly1htzthxpop3j30u018zn2x.jpg,
https://wx3.sinaimg.cn/large/005RJf8Yly1htzthy6touj30u018z0yj.jpg,
https://wx3.sinaimg.cn/large/005RJf8Yly1htzti5dlq9j30u018z7wh.jpg,
https://wx3.sinaimg.cn/large/005RJf8Yly1hu3lq5q3f5j31he0u043w.jpg,
https://wx3.sinaimg.cn/large/005RJf8Yly1hu3lq75d07j31hd0u0afz.jpg,
https://wx3.sinaimg.cn/large/005RJf8Yly1hu8811eo86j30u019044i.jpg,
https://wx3.sinaimg.cn/large/005RJf8Yly1hu8812bk3tj30u01900xx.jpg,
https://wx3.sinaimg.cn/large/005RJf8Yly1humwzeecc8j318z0u0aeg.jpg,
https://wx3.sinaimg.cn/large/005RJf8Yly1hurwjmeafnj30u018zgr5.jpg,
https://wx3.sinaimg.cn/large/005RJf8Yly1hurwjmy5kgj30u019jjxe.jpg,
https://wx3.sinaimg.cn/large/006tJSEjly1hpcsv8jyc4j32ns3jkhdu.jpg,
https://wx3.sinaimg.cn/large/006tJSEjly1hpcsvf35b7j32ns3jknpe.jpg,
https://wx3.sinaimg.cn/large/008v9Qjoly1hu25ir7e2gj30f00f0jvq.jpg,
https://wx3.sinaimg.cn/large/008v9Qjoly1hu25j9kp2uj30u03s9kjm.jpg,
https://wx3.sinaimg.cn/large/008v9Qjoly1hu25jomzykj30u04xc1kz.jpg,
https://wx3.sinaimg.cn/orj480/008E1pIRly1hpttpn19pej30mh0u0ad3.jpg,
https://wx4.sinaimg.cn/large/005RJf8Ygy1hsrzkwq16fj339v4wob2f.jpg,
https://wx4.sinaimg.cn/large/005RJf8Ygy1hsrzlbnam9j324m36ux6p.jpg,
https://wx4.sinaimg.cn/large/005RJf8Ygy1hsrzlmtxi3j324m36ub2a.jpg,
https://wx4.sinaimg.cn/large/005RJf8Ygy1hthfyf2wurj30u0140wmb.jpg,
https://wx4.sinaimg.cn/large/005RJf8Ygy1hthfygz8g3j30u0140tgt.jpg,
https://wx4.sinaimg.cn/large/005RJf8Ygy1hthfyhe3goj30u0140jzg.jpg,
https://wx4.sinaimg.cn/large/005RJf8Ygy1htuiqroqzcj31401hctml.jpg,
https://wx4.sinaimg.cn/large/005RJf8Ygy1htuiqtdp7wj31401hck5r.jpg,
https://wx4.sinaimg.cn/large/005RJf8Ygy1htuiqud57qj31401hcnde.jpg,
https://wx4.sinaimg.cn/large/005RJf8Yly1haozq5bd0cj30u018zn6l.jpg,
https://wx4.sinaimg.cn/large/005RJf8Yly1hp7wdho3bnj31401z4ndb.jpg,
https://wx4.sinaimg.cn/large/005RJf8Yly1hp7wdhzw4oj31aq0zk7cl.jpg,
https://wx4.sinaimg.cn/large/005RJf8Yly1hpdp632xtij30u01cxnk5.jpg,
https://wx4.sinaimg.cn/large/005RJf8Yly1hpdp65xlopj32c02c0npe.jpg,
https://wx4.sinaimg.cn/large/005RJf8Yly1hpfz5fq2zyj30u01aujvr.jpg,
https://wx4.sinaimg.cn/large/005RJf8Yly1hph5bkiquij316o1s0qm5.jpg,
https://wx4.sinaimg.cn/large/005RJf8Yly1hph5boho89j316o1kw1bm.jpg,
https://wx4.sinaimg.cn/large/005RJf8Yly1hpkoj3rt2xj30ws0lv42t.jpg,
https://wx4.sinaimg.cn/large/005RJf8Yly1hpkoj431ddj30ws0igq8n.jpg,
https://wx4.sinaimg.cn/large/005RJf8Yly1hpkoj5t1r9j30ws0lvgsc.jpg,
https://wx4.sinaimg.cn/large/005RJf8Yly1hpty69wn73j33b04eo4qu.jpg,
https://wx4.sinaimg.cn/large/005RJf8Yly1hpty6aph4pj30u0140dym.jpg,
https://wx4.sinaimg.cn/large/005RJf8Yly1hpty6mwr1nj30u0140k23.jpg,
https://wx4.sinaimg.cn/large/005RJf8Yly1hpupfqaz9nj31900u0dmo.jpg,
https://wx4.sinaimg.cn/large/005RJf8Yly1hpupfuxcl1j31900u0jx7.jpg,
https://wx4.sinaimg.cn/large/005RJf8Yly1hpx25owwm8j31401hcgtj.jpg,
https://wx4.sinaimg.cn/large/005RJf8Yly1hpx25qaiaqj316o1kw1ge.jpg,
https://wx4.sinaimg.cn/large/005RJf8Yly1hsufypdjr0j31400u0ag1.jpg,
https://wx4.sinaimg.cn/large/005RJf8Yly1ht2aogztpej30u018wwkx.jpg,
https://wx4.sinaimg.cn/large/005RJf8Yly1ht62xcl4g5j30u0140aer.jpg,
https://wx4.sinaimg.cn/large/005RJf8Yly1ht62xg1mguj30u01400xw.jpg,
https://wx4.sinaimg.cn/large/005RJf8Yly1htquaoshoxj30u0190why.jpg,
https://wx4.sinaimg.cn/large/005RJf8Yly1htquaqcc10j30u0190jvb.jpg,
https://wx4.sinaimg.cn/large/005RJf8Yly1htquar24ztj30u01900w6.jpg,
https://wx4.sinaimg.cn/large/005RJf8Yly1htytsyvpjoj31o02hye84.jpg,
https://wx4.sinaimg.cn/large/005RJf8Yly1htzti7of9sj30u018z7wh.jpg,
https://wx4.sinaimg.cn/large/005RJf8Yly1htzti8r8j9j30u018ztg0.jpg,
https://wx4.sinaimg.cn/large/005RJf8Yly1htztiakt2pj30u018z7ar.jpg,
https://wx4.sinaimg.cn/large/005RJf8Yly1hu8810in8qj31900u0te9.jpg,
https://wx4.sinaimg.cn/large/005RJf8Yly1hu8812r3mkj30u01900xu.jpg,
https://wx4.sinaimg.cn/large/005RJf8Yly1hu88136vfkj30u01907aa.jpg,
https://wx4.sinaimg.cn/large/005RJf8Yly1hu8813mpr3j30u0190wiz.jpg,
https://wx4.sinaimg.cn/large/005RJf8Yly1humwzdhyhpj30u018z42t.jpg,
https://wx4.sinaimg.cn/large/005RJf8Yly1humxjwvan0j318z0u0wk4.jpg,
https://wx4.sinaimg.cn/large/006tJSEjly1hpcsvbo7k5j32ns3jkb2a.jpg,
https://wx4.sinaimg.cn/large/006tJSEjly1hpcsvkomu2j32ns3jkhdu.jpg,
https://wx4.sinaimg.cn/large/006tJSEjly1hpcsvzsoi3j32ns3jkkjn.jpg,
https://wx4.sinaimg.cn/large/008v9Qjoly1hu25ium8qwj30f00f0q64.jpg,
https://wx4.sinaimg.cn/large/008v9Qjoly1hu25iy0ls2j30f00f0dhu.jpg,
https://wx4.sinaimg.cn/large/008xPYO6ly1hq0uj298bvj30ol1z4n3w.jpg,
https://wx4.sinaimg.cn/orj480/005RJf8Yly1htbubn1e4aj30u01hcdq0.jpg