http://mu1.sinaimg.cn/square.180/weiyinyue.music.sina.com.cn/movie_poster/52442.jpg,
http://tva2.sinaimg.cn/crop.22.44.1938.1090/90eb2137ly1fltcrbdjk3j21jk15o4qp.jpg,
http://ww3.sinaimg.cn/large/9e826c19jw1ep594t3u2uj202s02sa9z.jpg,
http://ww4.sinaimg.cn/small/c76214e6jw1ei6qn9krtzj20hs0hste5.jpg,
https://ww1.sinaimg.cn/large/4bac9741jw1f1ahj32vmnj20c8cm14qr.jpg,
https://ww1.sinaimg.cn/large/4bac9741jw1f1ahj4iqe5j21kw2dctgv.jpg,
https://ww1.sinaimg.cn/large/4d02e45fjw1f79uz1inqoj20m82qfx53.jpg,
https://ww1.sinaimg.cn/large/4d02e45fjw1f79uzug5oqj20m836u1kx.jpg,
https://ww1.sinaimg.cn/large/b65d46c3jw1f8wrpgn960j21kw2dc4kd.jpg,
https://ww1.sinaimg.cn/large/b65d46c3jw1f8wrq7pd9jj21kw11xwr2.jpg,
https://ww1.sinaimg.cn/large/b65d46c3jw1f8wrqflkg0j21kw2dcqnp.jpg,
https://ww2.sinaimg.cn/large/4d02e45fjw1f79uzhly89j20m82qf1gk.jpg,
https://ww2.sinaimg.cn/large/4d02e45fjw1f79v02axsoj20m83n8nog.jpg,
https://ww2.sinaimg.cn/large/4d02e45fjw1f79v09td5dj20m80m20vu.jpg,
https://ww2.sinaimg.cn/large/4d02e45fjw1f79v0bwrbhj20m80zw464.jpg,
https://ww2.sinaimg.cn/large/b65d46c3jw1f8wrpa26lcj21d8c2yx6r.jpg,
https://ww2.sinaimg.cn/large/b65d46c3jw1f8wrps6t11j21kw11x7hi.jpg,
https://ww2.sinaimg.cn/large/b65d46c3jw1f8wrq0pshpj21kw2dc1kr.jpg,
https://ww3.sinaimg.cn/large/4d02e45fjw1f79v08i8a9j20m83n81kx.jpg,
https://ww4.sinaimg.cn/large/006pgceggw1f8waffximjj30ku1cxh5u.jpg,
https://ww4.sinaimg.cn/large/4d02e45fjw1f79uz9gjodj20m82qf4k8.jpg,
https://ww4.sinaimg.cn/large/4d02e45fjw1f79v0b35bij20m818rn7x.jpg,
https://ww4.sinaimg.cn/large/b65d46c3jw1f8wrpjhzthj21d8i0ne85.jpg,
https://ww4.sinaimg.cn/large/b65d46c3jw1f8wrpns58pj21kw2dcaro.jpg,
https://ww4.sinaimg.cn/large/b65d46c3jw1f8wrputmuuj21d8c2yb2b.jpg,
https://wx1.sinaimg.cn/large/005JGprCly1fuia9ntfg2j32bc18p1kz.jpg,
https://wx1.sinaimg.cn/large/005QTOC5ly1fge7p9h9whg307s048u0x.gif,
https://wx1.sinaimg.cn/large/005QTOC5ly1fge7paee0og307s048npd.gif,
https://wx1.sinaimg.cn/large/005ZpONjly1fizii866wtj30rs13aal4.jpg,
https://wx1.sinaimg.cn/large/005ZpONjly1fiziie62h7j30rs13anbw.jpg,
https://wx1.sinaimg.cn/large/005ZpONjly1fiziif8fpij30rs13b12i.jpg,
https://wx1.sinaimg.cn/large/0064p43qgy1fq0nrythcej30ku0kue81.jpg,
https://wx1.sinaimg.cn/large/006Ydv2ggy1fkopi1u2iyj30hs0dc74v.jpg,
https://wx1.sinaimg.cn/large/006Ydv2ggy1fkopi1ut7pj30hs0aqgml.jpg,
https://wx1.sinaimg.cn/large/006Ydv2ggy1fkopi29oahj30hs0e6405.jpg,
https://wx1.sinaimg.cn/large/006eyJo3gy1fs4tbklkcjj313y0qok01.jpg,
https://wx1.sinaimg.cn/large/006eyJo3gy1fs4tbvmm9ej30qo13yjxg.jpg,
https://wx1.sinaimg.cn/large/40329fccgy1fmk3w04w2kj21400qo0zm.jpg,
https://wx1.sinaimg.cn/large/40329fccly1fi5cjyqtf6j22kw3vc1l5.jpg,
https://wx1.sinaimg.cn/large/40329fccly1fi5ckcd0euj22kw3vcqvd.jpg,
https://wx1.sinaimg.cn/large/44d554f4ly1fu0ylxwjdaj20qo13zn2t.jpg,
https://wx1.sinaimg.cn/large/44d554f4ly1fu0ym60cvcj22u81w8e87.jpg,
https://wx1.sinaimg.cn/large/67fd4b47gy1fir7te57xcj20m95rvb2a.jpg,
https://wx1.sinaimg.cn/large/68ffaf79gy1fw2ziyy27wj20j60j6amz.jpg,
https://wx1.sinaimg.cn/large/6989c5a7ly1fia86bwwgdj20jz0jz76r.jpg,
https://wx1.sinaimg.cn/large/75106b4aly1fkekzirt26j21kw2dcb2d.jpg,
https://wx1.sinaimg.cn/large/75106b4aly1fkel06re8oj21kw2dc7wk.jpg,
https://wx1.sinaimg.cn/large/82954ae1gy1fiw3883a28j21kw2dce87.jpg,
https://wx1.sinaimg.cn/large/89ea0f2cgy1fcr6wpv90aj21kw2dc7ro.jpg,
https://wx1.sinaimg.cn/large/89ea0f2cgy1fcr6wtyxgvj21kw11xdrk.jpg,
https://wx1.sinaimg.cn/large/89ea0f2cgy1fhwf7tdetkj20qo13z7bh.jpg,
https://wx1.sinaimg.cn/large/89ea0f2cgy1fhwf8ba9wkj20qo14042p.jpg,
https://wx1.sinaimg.cn/large/89ea0f2cgy1fi00p43oldj21bi0qoal1.jpg,
https://wx1.sinaimg.cn/large/89ea0f2cgy1fi00p9k9okj21bi0qo48m.jpg,
https://wx1.sinaimg.cn/large/89ea0f2cgy1foh1np1qgpj20k00zkwh8.jpg,
https://wx1.sinaimg.cn/large/89ea0f2cgy1fqg0bdjksvj21kw11xx6w.jpg,
https://wx1.sinaimg.cn/large/89ea0f2cgy1fua57hheyvj20qo13zdke.jpg,
https://wx1.sinaimg.cn/large/89ea0f2cgy1fua57s6b5nj20qo13zgpq.jpg,
https://wx1.sinaimg.cn/large/89ea0f2cgy1fua57sn429j20u0190447.jpg,
https://wx1.sinaimg.cn/large/89ea0f2cgy1fua57vkvx6j22kw3vce83.jpg,
https://wx1.sinaimg.cn/large/89ea0f2cly1fdia0okxlfj21400qogta.jpg,
https://wx1.sinaimg.cn/large/89ea0f2cly1fdia0q632nj20qo16igqn.jpg,
https://wx1.sinaimg.cn/large/89ea0f2cly1fdia0rbclbj20qo140aes.jpg,
https://wx1.sinaimg.cn/large/89ea0f2cly1fhhlrvl7m5j20qo14043h.jpg,
https://wx1.sinaimg.cn/large/89ea0f2cly1fhhlrwcsgbj20qo140dl8.jpg,
https://wx1.sinaimg.cn/large/89ea0f2cly1fhhlrykwz1j20qo140444.jpg,
https://wx1.sinaimg.cn/large/89ea0f2cly1fhhlrze4prj20qo140jwz.jpg,
https://wx1.sinaimg.cn/large/89ea0f2cly1fhhls5mwmoj20qo1400yh.jpg,
https://wx1.sinaimg.cn/large/89ea0f2cly1fi3anq5mctj21kw0w0wmj.jpg,
https://wx1.sinaimg.cn/large/89ea0f2cly1fi3anva5njj21kw0w0am7.jpg,
https://wx1.sinaimg.cn/large/89ea0f2cly1fi3atzvxruj21kw2t41kx.jpg,
https://wx1.sinaimg.cn/large/89ea0f2cly1fiaeomqsipj21kw2d7trz.jpg,
https://wx1.sinaimg.cn/large/89ea0f2cly1fizuesiq5kj20k00zkgr3.jpg,
https://wx1.sinaimg.cn/large/89ea0f2cly1fk5jl9n53ij21400qogsl.jpg,
https://wx1.sinaimg.cn/large/89ea0f2cly1fk5jlahl7xj20hs0qn420.jpg,
https://wx1.sinaimg.cn/large/89ea0f2cly1fk5jmd34e7j20np0hsju8.jpg,
https://wx1.sinaimg.cn/large/89ea0f2cly1fk5jmdmz87j20hs0qn0w9.jpg,
https://wx1.sinaimg.cn/large/89ea0f2cly1fl8v32c43kj213y0qo0v3.jpg,
https://wx1.sinaimg.cn/large/89ea0f2cly1fl8v33qp81j213y0qo40s.jpg,
https://wx1.sinaimg.cn/large/89ea0f2cly1fl8v38c7eyj20qo13yjuu.jpg,
https://wx1.sinaimg.cn/large/89ea0f2cly1fl8v6phvnvj213y0qogot.jpg,
https://wx1.sinaimg.cn/large/89ea0f2cly1fp8q1836yrj20qo14045f.jpg,
https://wx1.sinaimg.cn/large/89ea0f2cly1fp8q3aps8kj20qo1400zv.jpg,
https://wx1.sinaimg.cn/large/89ea0f2cly1fpf5bwvhffj21400qo7bg.jpg,
https://wx1.sinaimg.cn/large/89ea0f2cly1frhk9nmwafj20qo13yq8n.jpg,
https://wx1.sinaimg.cn/large/89ea0f2cly1fs2m6lwwg9j20qo13yjw1.jpg,
https://wx1.sinaimg.cn/large/89ea0f2cly1fs2m79ffrcj23v92ky1l2.jpg,
https://wx1.sinaimg.cn/large/89ea0f2cly1fs2m7uejkej215r8lu1l4.jpg,
https://wx1.sinaimg.cn/large/89ea0f2cly1ft3ecsym1rj213y0qodmd.jpg,
https://wx1.sinaimg.cn/large/89ea0f2cly1fteyq7mpe3j20k00zkk0s.jpg,
https://wx1.sinaimg.cn/large/89ea0f2cly1fves7mictaj20qo13ygq4.jpg,
https://wx1.sinaimg.cn/large/89ea0f2cly1fvesalctaqj20qo13ptdf.jpg,
https://wx1.sinaimg.cn/large/89ea0f2cly1fvesatmdolj213y0qowpd.jpg,
https://wx1.sinaimg.cn/large/89ea0f2cly1fvxa29w3x3j20vl0hsgnh.jpg,
https://wx1.sinaimg.cn/large/89ea0f2cly1fvxa2fag4ej20zk0k0gyg.jpg,
https://wx1.sinaimg.cn/large/89ea0f2cly1fvxa2mx9gyj20vl0hsjsz.jpg,
https://wx1.sinaimg.cn/large/89ea0f2cly1fw3bvxken5j20qo434qu4.jpg,
https://wx1.sinaimg.cn/large/89ea0f2cly1fw3bw9x2mnj20qo13ytel.jpg,
https://wx1.sinaimg.cn/large/a8b0491egy1fivxe5uvoaj20xc1e0wmb.jpg,
https://wx1.sinaimg.cn/large/a8b0491egy1fivxecwe5bj20ge0rs0wq.jpg,
https://wx1.sinaimg.cn/large/a8b0491egy1fivxeeszrxj20xc1e0jy0.jpg,
https://wx1.sinaimg.cn/large/b65d46c3gy1fip658xrr8j21kw2dcqmc.jpg,
https://wx1.sinaimg.cn/large/b65d46c3gy1fip65xierpj21kw2dck48.jpg,
https://wx1.sinaimg.cn/large/b65d46c3gy1fip66mujgqg206o06oapk.gif,
https://wx1.sinaimg.cn/large/b65d46c3gy1fip67pwoj7j21kw2dc13x.jpg,
https://wx1.sinaimg.cn/large/b65d46c3ly1fcq1t8u3mqj21400qoap0.jpg,
https://wx1.sinaimg.cn/large/b65d46c3ly1fpwexbx81vj20zk4xskjn.jpg,
https://wx1.sinaimg.cn/large/b65d46c3ly1fpwextvtjrj22kw3vcx6w.jpg,
https://wx1.sinaimg.cn/large/b8933a61ly1ft3yioqcuej23402c0b2b.jpg,
https://wx1.sinaimg.cn/large/c25aba37ly1fmhp1xkd9gj23v92kynpl.jpg,
https://wx1.sinaimg.cn/large/c25aba37ly1fmhp27ghtpj23v92kyhe1.jpg,
https://wx1.sinaimg.cn/large/c25aba37ly1fmhp2kvfa8j20qm0hsjt7.jpg,
https://wx1.sinaimg.cn/large/d47550b5ly1fqxx1l5s6dj20ir0em0un.jpg,
https://wx2.sinaimg.cn/large/005JGprCly1fuia9m5nxsj30rs6j51l1.jpg,
https://wx2.sinaimg.cn/large/005QTOC5ly1fge7pargrwg307s048hdt.gif,
https://wx2.sinaimg.cn/large/005QTOC5ly1fge7pc0bwbg307s048b29.gif,
https://wx2.sinaimg.cn/large/005QTOC5ly1fge7pch248g30b4076x6p.gif,
https://wx2.sinaimg.cn/large/005ZpONjly1fizii5qyt0j30ku4l2b29.jpg,
https://wx2.sinaimg.cn/large/005ZpONjly1fizii735anj31040pjair.jpg,
https://wx2.sinaimg.cn/large/005ZpONjly1fiziiaa29uj31040pj7au.jpg,
https://wx2.sinaimg.cn/large/005ZpONjly1fiziicr641j31040pj456.jpg,
https://wx2.sinaimg.cn/large/0064p43qgy1fq0nrqici9j30ku0kunpd.jpg,
https://wx2.sinaimg.cn/large/0064p43qgy1fq0nruejtlj30ku0ku7wh.jpg,
https://wx2.sinaimg.cn/large/0064p43qgy1fq0ns8000gj30ku0kue81.jpg,
https://wx2.sinaimg.cn/large/0064p43qgy1fq0nslqm9ej30ku0nfqv5.jpg,
https://wx2.sinaimg.cn/large/0064p43qgy1fq0nsqlieaj30ku0kukjl.jpg,
https://wx2.sinaimg.cn/large/0064p43qgy1fq0nswrbn6j30ku0q1npd.jpg,
https://wx2.sinaimg.cn/large/006Ydv2ggy1fkopi2bejvj30he0qo0wk.jpg,
https://wx2.sinaimg.cn/large/006eyJo3gy1fs4tbz6yehj30qo13y7aa.jpg,
https://wx2.sinaimg.cn/large/40329fccgy1fmk3w2pkg2j20qo140wmy.jpg,
https://wx2.sinaimg.cn/large/40329fccgy1fmk3w8g8vlj21400qon3w.jpg,
https://wx2.sinaimg.cn/large/40329fccly1fi5ck0jym5j20ku0v9jw0.jpg,
https://wx2.sinaimg.cn/large/40329fccly1fi5ck68jkjj20ku0van5s.jpg,
https://wx2.sinaimg.cn/large/40329fccly1fi5ck75lwrj20ku0v9gp9.jpg,
https://wx2.sinaimg.cn/large/44d554f4ly1fu0ylyqsisj213z0qodt0.jpg,
https://wx2.sinaimg.cn/large/44d554f4ly1fu0ymb50tdj21w82u8npj.jpg,
https://wx2.sinaimg.cn/large/44d554f4ly1fu0ymkl9hnj22u81w81l5.jpg,
https://wx2.sinaimg.cn/large/6989c5a7ly1fia86cqg5sj20jz0jzmzp.jpg,
https://wx2.sinaimg.cn/large/6989c5a7ly1fia86dafkrj20jz0jz76t.jpg,
https://wx2.sinaimg.cn/large/6989c5a7ly1fia86duh7dj20jz0jzabt.jpg,
https://wx2.sinaimg.cn/large/6fbce6f9gy1fiyvu2cihqj20qo0qo0x4.jpg,
https://wx2.sinaimg.cn/large/75106b4aly1fkekxsp6hqj21kw35s1l1.jpg,
https://wx2.sinaimg.cn/large/75106b4aly1fkeky6bkbsj21kw2dcqv8.jpg,
https://wx2.sinaimg.cn/large/75106b4aly1fkekz4cjjfj21kw2dckjo.jpg,
https://wx2.sinaimg.cn/large/75106b4aly1fkekzadb86j21kw2dcb2c.jpg,
https://wx2.sinaimg.cn/large/75106b4aly1fkekzqhvgrj21kw2dc7wl.jpg,
https://wx2.sinaimg.cn/large/75106b4aly1fkny2d6hibj21kw0yxnpe.jpg,
https://wx2.sinaimg.cn/large/82954ae1gy1fiw35jx5ajj20xc6sakjn.jpg,
https://wx2.sinaimg.cn/large/82954ae1gy1fiw39bfenhj21kw2dc7wo.jpg,
https://wx2.sinaimg.cn/large/82954ae1gy1fiw3ibw932j21kw11xu15.jpg,
https://wx2.sinaimg.cn/large/89ea0f2cgy1fcr6wlhm22j21kw11xtjx.jpg,
https://wx2.sinaimg.cn/large/89ea0f2cgy1fhwf7vffhgj20qo1407b7.jpg,
https://wx2.sinaimg.cn/large/89ea0f2cgy1fhwf82ddhqj213z0qogrb.jpg,
https://wx2.sinaimg.cn/large/89ea0f2cgy1fi00oz3vy2j21bi0qo145.jpg,
https://wx2.sinaimg.cn/large/89ea0f2cgy1fi00p1s1qbj21bi0qodr4.jpg,
https://wx2.sinaimg.cn/large/89ea0f2cgy1fi00p6ojouj21bi0qowpv.jpg,
https://wx2.sinaimg.cn/large/89ea0f2cgy1fog0zfcdovj20k00zkgob.jpg,
https://wx2.sinaimg.cn/large/89ea0f2cgy1fqfzyohls7j21279ev7wo.jpg,
https://wx2.sinaimg.cn/large/89ea0f2cgy1fqfzzncbe5j21kw11xu11.jpg,
https://wx2.sinaimg.cn/large/89ea0f2cgy1fqfzzqm6rlj21kw2dcqve.jpg,
https://wx2.sinaimg.cn/large/89ea0f2cgy1fr7rer9ta7j21kw11x1l1.jpg,
https://wx2.sinaimg.cn/large/89ea0f2cgy1fr7rfe4dvtj21kw2dc1lb.jpg,
https://wx2.sinaimg.cn/large/89ea0f2cgy1fua57mzwjzj20qo13zjwm.jpg,
https://wx2.sinaimg.cn/large/89ea0f2cgy1fua57swe7vj20u0190af1.jpg,
https://wx2.sinaimg.cn/large/89ea0f2cly1fdia0p0obcj20qo140n25.jpg,
https://wx2.sinaimg.cn/large/89ea0f2cly1fdia0prmbxj20qo14043g.jpg,
https://wx2.sinaimg.cn/large/89ea0f2cly1fhhls03uzyj20qo140afk.jpg,
https://wx2.sinaimg.cn/large/89ea0f2cly1fi39593x1gj20kp5fikjl.jpg,
https://wx2.sinaimg.cn/large/89ea0f2cly1fi3amok6lqj21kw2t4b29.jpg,
https://wx2.sinaimg.cn/large/89ea0f2cly1fizueinlz3j21bi0qok0d.jpg,
https://wx2.sinaimg.cn/large/89ea0f2cly1fk5jl8xfjoj20qo0zk0ze.jpg,
https://wx2.sinaimg.cn/large/89ea0f2cly1fl8v2z3mbdj20qo13ygoq.jpg,
https://wx2.sinaimg.cn/large/89ea0f2cly1fl8v3582bhj20qo13yacu.jpg,
https://wx2.sinaimg.cn/large/89ea0f2cly1fm60itvvgmj20u01c8n38.jpg,
https://wx2.sinaimg.cn/large/89ea0f2cly1fp8q1bo19ij20qo13zn31.jpg,
https://wx2.sinaimg.cn/large/89ea0f2cly1fp8q1pwyxdj20qo13zah3.jpg,
https://wx2.sinaimg.cn/large/89ea0f2cly1fp8q3tfv5bj20qo13z7b8.jpg,
https://wx2.sinaimg.cn/large/89ea0f2cly1fpf5bznokgj20qo140n47.jpg,
https://wx2.sinaimg.cn/large/89ea0f2cly1fqz57jukhng207v06wwzu.gif,
https://wx2.sinaimg.cn/large/89ea0f2cly1frhk8r29lkj20qo5lu1kx.jpg,
https://wx2.sinaimg.cn/large/89ea0f2cly1frhk8ueocxj20qo13yn32.jpg,
https://wx2.sinaimg.cn/large/89ea0f2cly1frhk9bddhwj22ky3v8qvd.jpg,
https://wx2.sinaimg.cn/large/89ea0f2cly1frvpd0kjbjj213y0qon45.jpg,
https://wx2.sinaimg.cn/large/89ea0f2cly1fs2m7hdz6ij20qo13ydlz.jpg,
https://wx2.sinaimg.cn/large/89ea0f2cly1ft3ed5fhc1j213y0qogtm.jpg,
https://wx2.sinaimg.cn/large/89ea0f2cly1fteyqa7vgjj20k00zkdqx.jpg,
https://wx2.sinaimg.cn/large/89ea0f2cly1fves7atnjej20qo3pcqs9.jpg,
https://wx2.sinaimg.cn/large/89ea0f2cly1fves7jf757j20qo13yalc.jpg,
https://wx2.sinaimg.cn/large/89ea0f2cly1fvesapibtaj20qo13y47x.jpg,
https://wx2.sinaimg.cn/large/89ea0f2cly1fvxa26dotjj20vl0hsmyf.jpg,
https://wx2.sinaimg.cn/large/89ea0f2cly1fw3bw623lxj20qo13y7a6.jpg,
https://wx2.sinaimg.cn/large/89ea0f2cly1fw3bwe2cv1j20qo13y0zb.jpg,
https://wx2.sinaimg.cn/large/89ea0f2cly1fw3bwib685j20qo13ygr5.jpg,
https://wx2.sinaimg.cn/large/8a415cfbly1fqvkyil7k4j20qo0zk7as.jpg,
https://wx2.sinaimg.cn/large/9eb6a3f3ly1fj1sli6s22j20jg0tn44q.jpg,
https://wx2.sinaimg.cn/large/a8b0491egy1fivxegc3cyj20xc1e07ej.jpg,
https://wx2.sinaimg.cn/large/a8b0491egy1fivxeiirpoj21e00xcdq6.jpg,
https://wx2.sinaimg.cn/large/b65d46c3ly1fcq1t4nuo8j20qo140apo.jpg,
https://wx2.sinaimg.cn/large/b65d46c3ly1fpwex9u9ugj20zk4xskjn.jpg,
https://wx2.sinaimg.cn/large/b65d46c3ly1fpwexebzu1j20zk4xs1l0.jpg,
https://wx2.sinaimg.cn/large/b8933a61ly1ft3xzb5q5zj21hc1z4x6p.jpg,
https://wx2.sinaimg.cn/large/b8933a61ly1ft3y0jix19j21401hcn5k.jpg,
https://wx2.sinaimg.cn/large/c25aba37ly1fmhp1a54vhj213d4b7e86.jpg,
https://wx2.sinaimg.cn/large/c25aba37ly1fmhp1k4thkj247p2dcqvd.jpg,
https://wx3.sinaimg.cn/large/005JGprCly1fuia9gz3zej30qo13zwpg.jpg,
https://wx3.sinaimg.cn/large/005JGprCly1fuia9okcikg30dw0nn1kx.gif,
https://wx3.sinaimg.cn/large/005JGprCly1fuia9ov8y3j313z0qon5w.jpg,
https://wx3.sinaimg.cn/large/005JGprCly1fuia9rduzzj32bc1jn1l0.jpg,
https://wx3.sinaimg.cn/large/005JGprCly1fuia9tbxquj32bc1jnx6s.jpg,
https://wx3.sinaimg.cn/large/005JGprCly1fuia9vlzqdj30rs6ehqv8.jpg,
https://wx3.sinaimg.cn/large/005QTOC5ly1fge7pbar0rg307s0487wi.gif,
https://wx3.sinaimg.cn/large/005QTOC5ly1fge7pbocx9g307s0481ky.gif,
https://wx3.sinaimg.cn/large/005ZpONjly1fiziibpkeyj30rs13an6z.jpg,
https://wx3.sinaimg.cn/large/0064p43qgy1fq0ns2n8ymj30ku0ku7wh.jpg,
https://wx3.sinaimg.cn/large/0064p43qgy1fq0nsclzg0j30ku0kue81.jpg,
https://wx3.sinaimg.cn/large/006Ydv2ggy1fkopi1v61lj30hs0avq41.jpg,
https://wx3.sinaimg.cn/large/006Ydv2ggy1fkopi1ve9mj30hs0bfgmq.jpg,
https://wx3.sinaimg.cn/large/006eyJo3gy1fs4tb7y2i4j30rs60tx42.jpg,
https://wx3.sinaimg.cn/large/006eyJo3gy1fs4tbch6dgj313y0qo11w.jpg,
https://wx3.sinaimg.cn/large/006xKsWcly1fcjg3wweuwj31ff293n77.jpg,
https://wx3.sinaimg.cn/large/3de3df3bgy1fpg2029cuuj20ru0foq5u.jpg,
https://wx3.sinaimg.cn/large/40329fccgy1fmk3w7b4b2j20qo140dnd.jpg,
https://wx3.sinaimg.cn/large/40329fccly1fi5cjzyhu0j20ku0va78m.jpg,
https://wx3.sinaimg.cn/large/40329fccly1fi5ck6s3z4j20v90kudkz.jpg,
https://wx3.sinaimg.cn/large/44d554f4ly1fu0ymp7l8kj22u81w8kjs.jpg,
https://wx3.sinaimg.cn/large/67fd4b47gy1fir7t65nc9j20m89s7x6s.jpg,
https://wx3.sinaimg.cn/large/67fd4b47gy1fir7t8e9tvj20m88twqv7.jpg,
https://wx3.sinaimg.cn/large/67fd4b47gy1fir7tbt1a2j20m97bgnpe.jpg,
https://wx3.sinaimg.cn/large/6961aadely1filic6asgyj20b40b4jrm.jpg,
https://wx3.sinaimg.cn/large/71ba9c72ly1fp0kgyqickg208o0cj1fp.gif,
https://wx3.sinaimg.cn/large/75106b4aly1fkekyqs0ooj21kw2dce84.jpg,
https://wx3.sinaimg.cn/large/82954ae1gy1fiw35n7qb2j20xc6sax6r.jpg,
https://wx3.sinaimg.cn/large/82954ae1gy1fiw37l6nj5j21kw2dc4qw.jpg,
https://wx3.sinaimg.cn/large/89ea0f2cgy1fcr6wnz4bbj21kw2dc7rl.jpg,
https://wx3.sinaimg.cn/large/89ea0f2cgy1fhwf7xhmfnj20qo13zq93.jpg,
https://wx3.sinaimg.cn/large/89ea0f2cgy1fhwf7zuqzbj20qo13zagd.jpg,
https://wx3.sinaimg.cn/large/89ea0f2cgy1fi00pbjvlkj21bi0qoakl.jpg,
https://wx3.sinaimg.cn/large/89ea0f2cgy1fqg0by2afqj21kw2dc7wp.jpg,
https://wx3.sinaimg.cn/large/89ea0f2cgy1fr7rf5meuwj21kw11x4qx.jpg,
https://wx3.sinaimg.cn/large/89ea0f2cgy1fr7rf7j6wdj21kw11x4qz.jpg,
https://wx3.sinaimg.cn/large/89ea0f2cgy1fr7rmqj4afj216p8eux75.jpg,
https://wx3.sinaimg.cn/large/89ea0f2cgy1fua57seoc7j20u0190afi.jpg,
https://wx3.sinaimg.cn/large/89ea0f2cgy1fua57ty4u7j22kw3vce82.jpg,
https://wx3.sinaimg.cn/large/89ea0f2cly1fd5dpwbj9ij21kw16oqgw.jpg,
https://wx3.sinaimg.cn/large/89ea0f2cly1fdia0qjqafj20qo140jwl.jpg,
https://wx3.sinaimg.cn/large/89ea0f2cly1fhhlruuq2wj21400qoq88.jpg,
https://wx3.sinaimg.cn/large/89ea0f2cly1fhhlrx32l9j21400qowjf.jpg,
https://wx3.sinaimg.cn/large/89ea0f2cly1fi3amqkr2mj21kw0w0n3t.jpg,
https://wx3.sinaimg.cn/large/89ea0f2cly1fi3amttywaj21kw2t44qp.jpg,
https://wx3.sinaimg.cn/large/89ea0f2cly1fi3anu2bazj21kw0w0dp5.jpg,
https://wx3.sinaimg.cn/large/89ea0f2cly1fi3biezizxj21kw2t4tyy.jpg,
https://wx3.sinaimg.cn/large/89ea0f2cly1fiaeod6xiej20rs6vmqtg.jpg,
https://wx3.sinaimg.cn/large/89ea0f2cly1fiaeoyxecjj21kw2d7tr7.jpg,
https://wx3.sinaimg.cn/large/89ea0f2cly1fiaeplulicj21kw2d7k5g.jpg,
https://wx3.sinaimg.cn/large/89ea0f2cly1fiaepnjexmj21kw2d74de.jpg,
https://wx3.sinaimg.cn/large/89ea0f2cly1fiaeps24n3j21kw11z79q.jpg,
https://wx3.sinaimg.cn/large/89ea0f2cly1fiaes38sl6j21kw2d7k6q.jpg,
https://wx3.sinaimg.cn/large/89ea0f2cly1fiaesl8t8wj21kw2d718i.jpg,
https://wx3.sinaimg.cn/large/89ea0f2cly1fk5jlecrnjj20qo140k0m.jpg,
https://wx3.sinaimg.cn/large/89ea0f2cly1fko2kbc9uoj213y0qo7bf.jpg,
https://wx3.sinaimg.cn/large/89ea0f2cly1fl8vb2qm0yj20qo13yq5m.jpg,
https://wx3.sinaimg.cn/large/89ea0f2cly1fp8q1imr1bj21400qoagb.jpg,
https://wx3.sinaimg.cn/large/89ea0f2cly1fp8q1tvtq8j20qo13z0zb.jpg,
https://wx3.sinaimg.cn/large/89ea0f2cly1frhk8y9eoij213y0qoq7w.jpg,
https://wx3.sinaimg.cn/large/89ea0f2cly1frhk9ep5k0j20qo13y43t.jpg,
https://wx3.sinaimg.cn/large/89ea0f2cly1frhk9hntp8j20qo13y444.jpg,
https://wx3.sinaimg.cn/large/89ea0f2cly1frhk9kobb6j20qo13ytda.jpg,
https://wx3.sinaimg.cn/large/89ea0f2cly1fs2m6dxfqyj22ky3v8e87.jpg,
https://wx3.sinaimg.cn/large/89ea0f2cly1fs2m7djhw0j20qo13ydkd.jpg,
https://wx3.sinaimg.cn/large/89ea0f2cly1fs2m7ikzu6j21uk18gn3w.jpg,
https://wx3.sinaimg.cn/large/89ea0f2cly1ft3ecoue4mj20qo13yq8e.jpg,
https://wx3.sinaimg.cn/large/89ea0f2cly1fvxa2dkkhoj20vl0hs40d.jpg,
https://wx3.sinaimg.cn/large/a8b0491egy1fivxe6i5zqj211h1e013n.jpg,
https://wx3.sinaimg.cn/large/a8b0491egy1fivxe7srvfj20xc1e0qau.jpg,
https://wx3.sinaimg.cn/large/b65d46c3gy1fip669ydksj21kw11xn4r.jpg,
https://wx3.sinaimg.cn/large/b65d46c3gy1fip67fi549j21kw2dch50.jpg,
https://wx3.sinaimg.cn/large/b65d46c3gy1fip6aa0bh8j21kw2dcwt0.jpg,
https://wx3.sinaimg.cn/large/b65d46c3ly1fcq1q0sc59j20c64xm4qp.jpg,
https://wx3.sinaimg.cn/large/b65d46c3ly1fcq1sxp17bj21400qo17k.jpg,
https://wx3.sinaimg.cn/large/b65d46c3ly1fcq1szjpi6j21400qoqgw.jpg,
https://wx3.sinaimg.cn/large/b65d46c3ly1fcq1t0v09kj21400qo161.jpg,
https://wx3.sinaimg.cn/large/b65d46c3ly1fpwexo2i3qj219c1w0npe.jpg,
https://wx3.sinaimg.cn/large/b8933a61ly1ft3y0endofj20k00zfgns.jpg,
https://wx3.sinaimg.cn/large/b8933a61ly1ft3y0k2sj4j21hc140agm.jpg,
https://wx3.sinaimg.cn/large/b8933a61ly1ft3y1gxl3rj20xu0qudzc.jpg,
https://wx3.sinaimg.cn/large/c25aba37ly1fmhp1o9ntqj20qm0hsgnr.jpg,
https://wx3.sinaimg.cn/large/c25aba37ly1fmhp2gsn63j23v92kynpk.jpg,
https://wx3.sinaimg.cn/large/c25aba37ly1fmhp2ocei0j20qm0hswfj.jpg,
https://wx3.sinaimg.cn/orj480/a8b0491ely1ficf5n8g2ej20hs0a8mxn.jpg,
https://wx4.sinaimg.cn/large/005JGprCly1fuia9j9zdsj30rs5qikjp.jpg,
https://wx4.sinaimg.cn/large/005QTOC5ly1fge7pa2njgg307s048e81.gif,
https://wx4.sinaimg.cn/large/005ZpONjly1fizii96aaqj31040o1q80.jpg,
https://wx4.sinaimg.cn/large/006Ydv2ggy1fkopi1t8xpj30hs08l3z9.jpg,
https://wx4.sinaimg.cn/large/006Ydv2ggy1fkopi232jij30hs0q60uj.jpg,
https://wx4.sinaimg.cn/large/006Ydv2ggy1fkopi2d6u7j30go0p0myo.jpg,
https://wx4.sinaimg.cn/large/006Ydv2ggy1flol9a84z6j30ru0fojuj.jpg,
https://wx4.sinaimg.cn/large/006eyJo3gy1fs4tbh93o5j30qo13yqdd.jpg,
https://wx4.sinaimg.cn/large/006eyJo3gy1fs4tbou23vj313y0qogsm.jpg,
https://wx4.sinaimg.cn/large/006eyJo3gy1fs4tbt4jx2j30qo13ywoq.jpg,
https://wx4.sinaimg.cn/large/006eyJo3gy1fs4tc3fv59j30qo13yq9e.jpg,
https://wx4.sinaimg.cn/large/40329fccly1fi5ck51z0kj22kw3vcx6w.jpg,
https://wx4.sinaimg.cn/large/40329fccly1fi5ckrvb6kj20v90kumzy.jpg,
https://wx4.sinaimg.cn/large/44d554f4ly1fu0ylya334j213z0qo101.jpg,
https://wx4.sinaimg.cn/large/44d554f4ly1fu0ym1zf0zj22u81w84qu.jpg,
https://wx4.sinaimg.cn/large/44d554f4ly1fu0ymfk7qnj22u81w8b2g.jpg,
https://wx4.sinaimg.cn/large/6989c5a7ly1fia86anyc1j20jz0jztao.jpg,
https://wx4.sinaimg.cn/large/6989c5a7ly1fia86b9hg8j20jz0jz41a.jpg,
https://wx4.sinaimg.cn/large/6e300f41ly1fi9udkgj5jj20zk0jy3zk.jpg,
https://wx4.sinaimg.cn/large/71ba9c72ly1fp0kgxokkmj20eo0qo79u.jpg,
https://wx4.sinaimg.cn/large/75106b4aly1fkekzrwrg7j21kw2dcb2d.jpg,
https://wx4.sinaimg.cn/large/82954ae1gy1fiw362r6dyj20xc6sax6t.jpg,
https://wx4.sinaimg.cn/large/82954ae1gy1fiw36cvjbfj20u7bvye88.jpg,
https://wx4.sinaimg.cn/large/82954ae1gy1fiw397xrhoj21kw2dc4qx.jpg,
https://wx4.sinaimg.cn/large/89ea0f2cgy1fcr6wmrsjfj21kw11xwmd.jpg,
https://wx4.sinaimg.cn/large/89ea0f2cgy1fcr6wp35x3j21kw11x7f8.jpg,
https://wx4.sinaimg.cn/large/89ea0f2cgy1fcr6wt5t5sj21kw2dc7ve.jpg,
https://wx4.sinaimg.cn/large/89ea0f2cgy1fcr6wx3p5kj21kw2dcdy3.jpg,
https://wx4.sinaimg.cn/large/89ea0f2cgy1fhwf85eejwj20qo13zdsf.jpg,
https://wx4.sinaimg.cn/large/89ea0f2cgy1fhwf879wkhj20qo140jxv.jpg,
https://wx4.sinaimg.cn/large/89ea0f2cgy1fhwf892w89j20qo13zwih.jpg,
https://wx4.sinaimg.cn/large/89ea0f2cgy1fqfzz3w69hj21kw11xhe2.jpg,
https://wx4.sinaimg.cn/large/89ea0f2cgy1fqfzzdle0tj21kw11xkjt.jpg,
https://wx4.sinaimg.cn/large/89ea0f2cgy1fqfzzrcotvj21kw2dcu14.jpg,
https://wx4.sinaimg.cn/large/89ea0f2cgy1fqfzztr6dgj21kw2dcu13.jpg,
https://wx4.sinaimg.cn/large/89ea0f2cgy1fr7regoaigj21kw2dce85.jpg,
https://wx4.sinaimg.cn/large/89ea0f2cgy1fr7remir8hj21kw2dcnpg.jpg,
https://wx4.sinaimg.cn/large/89ea0f2cgy1fr7rg2q3okj21kw2dc4qw.jpg,
https://wx4.sinaimg.cn/large/89ea0f2cgy1fr7rgig8b6j21kw11xe88.jpg,
https://wx4.sinaimg.cn/large/89ea0f2cgy1fua57xazsgj23vc2kwx6q.jpg,
https://wx4.sinaimg.cn/large/89ea0f2cly1fdia0pfp38j21400qoqa5.jpg,
https://wx4.sinaimg.cn/large/89ea0f2cly1fdia0qxjpsj20qo1400ya.jpg,
https://wx4.sinaimg.cn/large/89ea0f2cly1fdia0rufg2j20qo140ai1.jpg,
https://wx4.sinaimg.cn/large/89ea0f2cly1fhhlrxsgaej20qo140n1s.jpg,
https://wx4.sinaimg.cn/large/89ea0f2cly1fiaewee271j21kw11zjwj.jpg,
https://wx4.sinaimg.cn/large/89ea0f2cly1fk5jl7j8jyj20np0hstap.jpg,
https://wx4.sinaimg.cn/large/89ea0f2cly1fk5jl830rxj20hs0npjuq.jpg,
https://wx4.sinaimg.cn/large/89ea0f2cly1fk5jl9zvp6j20hs0nptcj.jpg,
https://wx4.sinaimg.cn/large/89ea0f2cly1fl8v36phstj213y0qoaco.jpg,
https://wx4.sinaimg.cn/large/89ea0f2cly1fl8v3slbmij20k00k0dgw.jpg,
https://wx4.sinaimg.cn/large/89ea0f2cly1fp8q1exk5wj213z0qo0yd.jpg,
https://wx4.sinaimg.cn/large/89ea0f2cly1fp8q1ly36hj21400qo43h.jpg,
https://wx4.sinaimg.cn/large/89ea0f2cly1frhk93zfy6j22ky3v8u15.jpg,
https://wx4.sinaimg.cn/large/89ea0f2cly1fs2m6ifibaj20qo13y43j.jpg,
https://wx4.sinaimg.cn/large/89ea0f2cly1fs2m6z40kej22ky3v8x6v.jpg,
https://wx4.sinaimg.cn/large/89ea0f2cly1ft3ecx166wj20qo14haht.jpg,
https://wx4.sinaimg.cn/large/89ea0f2cly1ft3ed0x9lbj213y0qon45.jpg,
https://wx4.sinaimg.cn/large/89ea0f2cly1ft3ed9kk2tj213y0qoqaz.jpg,
https://wx4.sinaimg.cn/large/89ea0f2cly1ft3edctpu2j20qo13ywlv.jpg,
https://wx4.sinaimg.cn/large/89ea0f2cly1ft3edn02l1j20qo4tc4qp.jpg,
https://wx4.sinaimg.cn/large/89ea0f2cly1ft3edr2gmmj20qo13y44z.jpg,
https://wx4.sinaimg.cn/large/89ea0f2cly1fteyq8xodwj20k00zkak1.jpg,
https://wx4.sinaimg.cn/large/89ea0f2cly1fves7pygt1j20qo13ywip.jpg,
https://wx4.sinaimg.cn/large/89ea0f2cly1fvesabhyfdj20qo15sjw8.jpg,
https://wx4.sinaimg.cn/large/89ea0f2cly1fvesai58ukj22kh3w0u15.jpg,
https://wx4.sinaimg.cn/large/89ea0f2cly1fvxa2jdalej20vl0hs40c.jpg,
https://wx4.sinaimg.cn/large/89ea0f2cly1fw3bvjw1aij20qo135wme.jpg,
https://wx4.sinaimg.cn/large/89ea0f2cly1fw3bw1kokbj20qo13ydla.jpg,
https://wx4.sinaimg.cn/large/89ea0f2cly1fw3bwmaqy4j20qo13ywjs.jpg,
https://wx4.sinaimg.cn/large/89ea0f2cly1fw3bwq852uj213y0qodl7.jpg,
https://wx4.sinaimg.cn/large/a8b0491egy1fivxe5j6g3j21e00xcjyt.jpg,
https://wx4.sinaimg.cn/large/a8b0491egy1fivxefnrzsj211h1e07e1.jpg,
https://wx4.sinaimg.cn/large/b65d46c3gy1fip66yn6aqj21kw2dc165.jpg,
https://wx4.sinaimg.cn/large/b65d46c3gy1fip6874ml9j21kw2dch52.jpg,
https://wx4.sinaimg.cn/large/b65d46c3ly1fcq1t2mpzcj20qo140n96.jpg,
https://wx4.sinaimg.cn/large/b65d46c3ly1fcq1t7rc1yj20qo140tp4.jpg,
https://wx4.sinaimg.cn/large/b65d46c3ly1fcq1t9zp1lj21400qoqh2.jpg,
https://wx4.sinaimg.cn/large/b65d46c3ly1fpwex7ahv4j20zk4xskjn.jpg,
https://wx4.sinaimg.cn/large/b65d46c3ly1fpwexh7iejj20zk4xs4qs.jpg,
https://wx4.sinaimg.cn/large/b65d46c3ly1fpwexjmxl8j20zk4xskjn.jpg,
https://wx4.sinaimg.cn/large/b65d46c3ly1fpwexm9co6j20zk4xs7wj.jpg,
https://wx4.sinaimg.cn/large/c25aba37ly1fmhp13db5vj213d4b7nph.jpg