https://tvax3.sinaimg.cn/crop.0.0.1080.1080.180/bf14912ely8ghzvowmj91j20u00u0wfq.jpg?KID=imgbed,tva&Expires=1728501608&ssig=5VxEajlyWI,
https://wx1.sinaimg.cn/large/002TLsr9ly1hkrtr1rfhvj60u01hcqv502.jpg,
https://wx1.sinaimg.cn/large/005NJtcdly1ho4efc78gzj32pw42u4qt.jpg,
https://wx1.sinaimg.cn/large/005NJtcdly1ho4efr6kjxj32pw42ub2d.jpg,
https://wx1.sinaimg.cn/large/005NJtcdly1ho4eg1y0ebj32pw44x1l0.jpg,
https://wx1.sinaimg.cn/large/005NJtcdly1ho4eglv5czj32pw42u000.jpg,
https://wx1.sinaimg.cn/large/0060SqPlgy1hu4wsgtp7fj34qn2o0hdx.jpg,
https://wx1.sinaimg.cn/large/006Kr4T6gy1hk6azfzk66j30u00u0dlv.jpg,
https://wx1.sinaimg.cn/large/006Kr4T6gy1hk6azg2ohjj30u00u1jwk.jpg,
https://wx1.sinaimg.cn/large/006Kr4T6gy1hlr0ssf5cxj30u021nx65.jpg,
https://wx1.sinaimg.cn/large/006NEklqgy1hmzz0ndgdaj368c9cm4qz.jpg,
https://wx1.sinaimg.cn/large/006NEklqgy1hmzz1nygi5j33ga59nu11.jpg,
https://wx1.sinaimg.cn/large/006NEklqgy1ho5ev6n4dij323w35sqv7.jpg,
https://wx1.sinaimg.cn/large/006NEklqgy1ho5evizel8j323w35s4qr.jpg,
https://wx1.sinaimg.cn/large/006NEklqgy1ho5evtku50j323w35s1l0.jpg,
https://wx1.sinaimg.cn/large/006ORsaigy1hrflvpu4b3j30wi0p0n2b.jpg,
https://wx1.sinaimg.cn/large/006ORsaigy1hsuigwpgcvj32wv4db1l1.jpg,
https://wx1.sinaimg.cn/large/006ORsaigy1hsuih2818zj330r4j57wn.jpg,
https://wx1.sinaimg.cn/large/006ORsaigy1hsuihiwyfnj34mo3344qu.jpg,
https://wx1.sinaimg.cn/large/006ORsaigy1ht2kwq7fu2j30wi18le81.jpg,
https://wx1.sinaimg.cn/large/006gFbJ7gy1hr20s16fwkj31o0280npd.jpg,
https://wx1.sinaimg.cn/large/006ixwxngy1hmdvtlsl9qj325u0yo4qp.jpg,
https://wx1.sinaimg.cn/large/007KaFZYly1hq6agpe78aj30u01u0dm2.jpg,
https://wx1.sinaimg.cn/large/007KaFZYly1hq6agpnnkyj30u01u0tdu.jpg,
https://wx1.sinaimg.cn/large/007a37lQly1hl2bl492t6j30u02pn4qq.jpg,
https://wx1.sinaimg.cn/large/008DexPIly1hnqd91iakrj30yv0nn439.jpg,
https://wx1.sinaimg.cn/large/008a4Igcgy1hlaf2949bvj30w30yw4qp.jpg,
https://wx1.sinaimg.cn/large/008dhgDsly1hjch9owzsnj33ls5eonpo.jpg,
https://wx1.sinaimg.cn/large/008dhgDsly1hjcha3rsyij35eo3lsqvg.jpg,
https://wx1.sinaimg.cn/large/008ld0Ldgy1hn0547myd6g308s08rnph.gif,
https://wx1.sinaimg.cn/large/008lgPsGgy1hj7dgcnm09j31hc0u0h74.jpg,
https://wx1.sinaimg.cn/large/008y48Z1gy1hrnvdm5ykwj323u35s7js.jpg,
https://wx1.sinaimg.cn/large/008y48Z1gy1hrnvdog9coj323u35sqv5.jpg,
https://wx1.sinaimg.cn/large/008y48Z1gy1hrnvdpgvbtj323u35rb2a.jpg,
https://wx1.sinaimg.cn/large/008y48Z1gy1hrnvdr1iejj34mo2lrkjn.jpg,
https://wx1.sinaimg.cn/large/3c2921c8ly1hjeige85ncj20u02i07wh.jpg,
https://wx1.sinaimg.cn/large/3c2921c8ly1hjemcghlq1j243c64wx6z.jpg,
https://wx1.sinaimg.cn/large/3c2921c8ly1hjq6k2uwcej25sw2iue86.jpg,
https://wx1.sinaimg.cn/large/3c2921c8ly1hjq6kkwvmzj251426r4qt.jpg,
https://wx1.sinaimg.cn/large/3c2921c8ly1hjq6ktqbjoj21qi2lsqv6.jpg,
https://wx1.sinaimg.cn/large/51806b25ly1hlonu1zqhmj21400u00z1.jpg,
https://wx1.sinaimg.cn/large/51806b25ly1hlonub48gjj20u014010e.jpg,
https://wx1.sinaimg.cn/large/51806b25ly1hlonuefh9zj20u0190gsb.jpg,
https://wx1.sinaimg.cn/large/51806b25ly1hlonugsst6j20u0190wku.jpg,
https://wx1.sinaimg.cn/large/6000b413ly1hrhmhtrl8ij20u00l1ab1.jpg,
https://wx1.sinaimg.cn/large/6000b413ly1hrhmhtuqm3j20u00ewdgz.jpg,
https://wx1.sinaimg.cn/large/6000b413ly1hrhmhu03o3j20u00lrta7.jpg,
https://wx1.sinaimg.cn/large/62ff67c7gy1hkdg1qvl88j21o02807wj.jpg,
https://wx1.sinaimg.cn/large/678076bfgy1hl1f5si3vrj21jk112e09.jpg,
https://wx1.sinaimg.cn/large/699a48a7ly1hirfnklsfkj22301e01kx.jpg,
https://wx1.sinaimg.cn/large/699a48a7ly1hirfnuheckj22301e0kj1.jpg,
https://wx1.sinaimg.cn/large/699a48a7ly1hirfo3rw5kj22301e04qp.jpg,
https://wx1.sinaimg.cn/large/70745653ly1hn1f41unbhj20920xtwjh.jpg,
https://wx1.sinaimg.cn/large/70745653ly1hn1f4373eaj20mp1rc16h.jpg,
https://wx1.sinaimg.cn/large/70745653ly1hn1f458gecj22db2go7wh.jpg,
https://wx1.sinaimg.cn/large/70745653ly1hn1f45b0w3j22db2go7wh.jpg,
https://wx1.sinaimg.cn/large/70745653ly1hn1f47eh0mj20um49ab29.jpg,
https://wx1.sinaimg.cn/large/70745653ly1hn1f47pz3gj20wy5fahdt.jpg,
https://wx1.sinaimg.cn/large/70745653ly1hn1f49fqjij22o31z2qv7.jpg,
https://wx1.sinaimg.cn/large/70745653ly1hpycr8jtkxj20m80tr46n.jpg,
https://wx1.sinaimg.cn/large/70745653ly1hpycr9y9otj20m80xbah8.jpg,
https://wx1.sinaimg.cn/large/70745653ly1hpycrep67nj20m80uf451.jpg,
https://wx1.sinaimg.cn/large/70745653ly1hpycrju9ibj20m80wrtg5.jpg,
https://wx1.sinaimg.cn/large/70745653ly1hpycrlxkwsj20m80rs7dv.jpg,
https://wx1.sinaimg.cn/large/70745653ly1hpzfga14c7j20hd0yj10b.jpg,
https://wx1.sinaimg.cn/large/70a70139gy1him2xxxzh4j20u0190q8g.jpg,
https://wx1.sinaimg.cn/large/70a70139gy1him2y36oolj21900u0dpa.jpg,
https://wx1.sinaimg.cn/large/7225ade5gy1hrdnof3jl1j21400u0doy.jpg,
https://wx1.sinaimg.cn/large/7225ade5gy1hrdnofhqbsj21400u046u.jpg,
https://wx1.sinaimg.cn/large/7225ade5gy1hrdnok7p81j20u0140ahq.jpg,
https://wx1.sinaimg.cn/large/7225ade5ly1hq6hcq4wm2j23i85amnpi.jpg,
https://wx1.sinaimg.cn/large/7225ade5ly1hq6hczrv3yj23ls5eou11.jpg,
https://wx1.sinaimg.cn/large/7225ade5ly1hq6hdjymjej23ls5eou12.jpg,
https://wx1.sinaimg.cn/large/7225ade5ly1hq9z7qsbgmj22bc1jl7wi.jpg,
https://wx1.sinaimg.cn/large/7225ade5ly1hq9z8516qyj22bc4cge86.jpg,
https://wx1.sinaimg.cn/large/7225ade5ly1hq9z8iblamj22bc3gwe83.jpg,
https://wx1.sinaimg.cn/large/7237ccd4gy1hiphlc8pdtj20u01sz47n.jpg,
https://wx1.sinaimg.cn/large/74b75cf5gy1hqfri0ydxzj23pc2gwb2c.jpg,
https://wx1.sinaimg.cn/large/74b75cf5gy1hqfri1yjx6j23pc2gwqv8.jpg,
https://wx1.sinaimg.cn/large/74b75cf5gy1hqfri2fpkxj23pc2gw4qu.jpg,
https://wx1.sinaimg.cn/large/75b61b3bgy1hnyvks3fhzj22791g87wh.jpg,
https://wx1.sinaimg.cn/large/7c8c69fdgy1hqb7prq4z0j20u0190q89.jpg,
https://wx1.sinaimg.cn/large/7c8c69fdgy1hqb7pu3b6uj20ku0v941i.jpg,
https://wx1.sinaimg.cn/large/7c8c69fdgy1hqb7puq0wxj20qo0p80wf.jpg,
https://wx1.sinaimg.cn/large/7c8c69fdgy1hqb7q08rdvj20u0190gr9.jpg,
https://wx1.sinaimg.cn/large/7c8c69fdgy1hqb7q29o9wj21400u0aif.jpg,
https://wx1.sinaimg.cn/large/7c8c69fdgy1hqb7qozor4j20u0184ahg.jpg,
https://wx1.sinaimg.cn/large/7c8c69fdly1hmgef5pzpuj21o02yonpe.jpg,
https://wx1.sinaimg.cn/large/7c8c69fdly1hmgefax8w5j21o02yox6q.jpg,
https://wx1.sinaimg.cn/large/7d6f5225ly1hkz28hyu0gj23341runpf.jpg,
https://wx1.sinaimg.cn/large/7d6f5225ly1hkz28pxuewj235s23uhdx.jpg,
https://wx1.sinaimg.cn/large/7d6f5225ly1hkz29n2989j235s23uqva.jpg,
https://wx1.sinaimg.cn/large/80cee659gy1hqzifahs7tj23em2e9kjo.jpg,
https://wx1.sinaimg.cn/large/80cee659gy1hqzifcp7fyj24o033sqv9.jpg,
https://wx1.sinaimg.cn/large/80cee659gy1hqzifcx3ofj24o033s1l1.jpg,
https://wx1.sinaimg.cn/large/83655020gy1hr2q16d7itg20qo0f0npl.gif,
https://wx1.sinaimg.cn/large/83655020gy1hr2q17njrdg20qo0f0qvi.gif,
https://wx1.sinaimg.cn/large/83655020gy1hr2q19bog3g20qo0f0kk3.gif,
https://wx1.sinaimg.cn/large/83655020gy1hr2q19shgyg20qo0f04rd.gif,
https://wx1.sinaimg.cn/large/8a05f948gy1hql2ap5bg0g202s02sjua.gif,
https://wx1.sinaimg.cn/large/8a05f948gy1hql2aqpukkj21cx5ow1kx.jpg,
https://wx1.sinaimg.cn/large/92a34c75gy1hiweq1ieh1j20zk1bf17n.jpg,
https://wx1.sinaimg.cn/large/9d7f55dagy1hiuzvitib9j20u017uag1.jpg,
https://wx1.sinaimg.cn/large/a2904053gy1hq4d4p811fj22de3k0kjm.jpg,
https://wx1.sinaimg.cn/large/a66d0169ly8hl19xipuc4j20zk1z0e23.jpg,
https://wx1.sinaimg.cn/large/a66d0169ly8hl19xjlom7j20zk1z04k3.jpg,
https://wx1.sinaimg.cn/large/a66d0169ly8hl19xk0ejpj20zk1z0kaz.jpg,
https://wx1.sinaimg.cn/large/a66d0169ly8hl19xkukpjj20zk1by183.jpg,
https://wx1.sinaimg.cn/large/a7ae4aacgy1hiozsb6fjmj21qi15o4qp.jpg,
https://wx1.sinaimg.cn/large/a7ae4aacgy1hiozsk1jgzj21qi15o4qp.jpg,
https://wx1.sinaimg.cn/large/a7ae4aacgy1hiozsl48d9j215o1qi4qp.jpg,
https://wx1.sinaimg.cn/large/a7b7d1cegy1hpxcsn2kohj22c03407wj.jpg,
https://wx1.sinaimg.cn/large/a9791828gy1hkd14kwicqj21o0280u0x.jpg,
https://wx1.sinaimg.cn/large/a9791828gy1hkd14othupj235s2dchdw.jpg,
https://wx1.sinaimg.cn/large/a9791828gy1hkd14rxovjj22c02c0qv6.jpg,
https://wx1.sinaimg.cn/large/a9791828gy1hnohfbsgaej235s2dcu10.jpg,
https://wx1.sinaimg.cn/large/a9791828gy1hnohffmiumj223u35shdx.jpg,
https://wx1.sinaimg.cn/large/a9791828gy1hnohfqgxvbj223u35sqvc.jpg,
https://wx1.sinaimg.cn/large/a9791828gy1hnohgn24crj235s23u1l4.jpg,
https://wx1.sinaimg.cn/large/a9791828gy1hnohgskj1aj223u35se87.jpg,
https://wx1.sinaimg.cn/large/a9791828gy1hnohh4j5ofj223u35sb2e.jpg,
https://wx1.sinaimg.cn/large/a9791828gy1hqhyf4nkq3j21o02804qq.jpg,
https://wx1.sinaimg.cn/large/a9791828gy1hqhyf80ygfj21o0280qv5.jpg,
https://wx1.sinaimg.cn/large/a9791828gy1hqhygq6wa5j21ol19fb29.jpg,
https://wx1.sinaimg.cn/large/b1957e8bgy1gh6rdh1hc5j21g31xg4qq.jpg,
https://wx1.sinaimg.cn/large/b1957e8bgy1hkbvotvgcmj23402c0u0y.jpg,
https://wx1.sinaimg.cn/large/b1957e8bgy1hmog546etpj235q23tnpe.jpg,
https://wx1.sinaimg.cn/large/b1957e8bgy1hmog5z0a4pj223w35sqv6.jpg,
https://wx1.sinaimg.cn/large/b1957e8bgy1hmxgpp9zqbj24d36pf7ws.jpg,
https://wx1.sinaimg.cn/large/b1957e8bgy1hnqtczgsz0j21o02804qq.jpg,
https://wx1.sinaimg.cn/large/b1957e8bgy1hof8dijup4j22c03407wj.jpg,
https://wx1.sinaimg.cn/large/b1957e8bgy1hof8dkzfvfj22c0340b2b.jpg,
https://wx1.sinaimg.cn/large/b1957e8bgy1hqyd6sq8idj23402c0u10.jpg,
https://wx1.sinaimg.cn/large/b1957e8bgy1hqyda4tvujj20wi1ludo1.jpg,
https://wx1.sinaimg.cn/large/b1957e8bgy1hr1sckwdlbj21o02801ky.jpg,
https://wx1.sinaimg.cn/large/b1957e8bgy1hr1scp1apej21o02807wi.jpg,
https://wx1.sinaimg.cn/large/b1957e8bgy1hri1nxz1saj235s23wkjn.jpg,
https://wx1.sinaimg.cn/large/b1957e8bgy1hrli8abbg2j21o0280b29.jpg,
https://wx1.sinaimg.cn/large/b1957e8bgy1hrnvp86ngzj20o717146c.jpg,
https://wx1.sinaimg.cn/large/b1957e8bgy1hrnwh9dv81j20wi17gh1n.jpg,
https://wx1.sinaimg.cn/large/b1957e8bgy1hrnwi03ky2j21o0280hdu.jpg,
https://wx1.sinaimg.cn/large/b1957e8bgy1hrnwi2ov4oj21o0280x6p.jpg,
https://wx1.sinaimg.cn/large/b1957e8bgy1hswyx0d3yjj24eo2xs1l2.jpg,
https://wx1.sinaimg.cn/large/b1957e8bgy1hswyx7boraj24eo2xskjq.jpg,
https://wx1.sinaimg.cn/large/b1957e8bgy1hswyxf5bqkj21jk2bcb29.jpg,
https://wx1.sinaimg.cn/large/b1957e8bgy1hsy18sirq6j23cf4eou12.jpg,
https://wx1.sinaimg.cn/large/b1957e8bgy1ht3txg7oj0j24eo2h9e83.jpg,
https://wx1.sinaimg.cn/large/b1957e8bgy1ht3txnfvevj24eo2h5x6q.jpg,
https://wx1.sinaimg.cn/large/b1957e8bgy1ht3txsn0a8j24eo2ha1kz.jpg,
https://wx1.sinaimg.cn/large/b1957e8bgy1htjy131cogj24802u7b2d.jpg,
https://wx1.sinaimg.cn/large/b1957e8bly1hisn1hae4wj23401r0b2a.jpg,
https://wx1.sinaimg.cn/large/b1957e8bly1hiyewobpqzj23g864wnpl.jpg,
https://wx1.sinaimg.cn/large/b1957e8bly1hiyexpl5ucj26cy3kse8a.jpg,
https://wx1.sinaimg.cn/large/b1957e8bly1hj5giqnsosj21s22dfnpd.jpg,
https://wx1.sinaimg.cn/large/b1957e8bly1hj8ujcv10ej23402c01kz.jpg,
https://wx1.sinaimg.cn/large/b1957e8bly1hjecgnud2tj21o0280kjl.jpg,
https://wx1.sinaimg.cn/large/b1957e8bly1hjljkycw6hj235s1s0hdt.jpg,
https://wx1.sinaimg.cn/large/b1957e8bly1hjore8sec1j21o0280kjm.jpg,
https://wx1.sinaimg.cn/large/b1957e8bly1hjorebs8wcj21o02a0hdt.jpg,
https://wx1.sinaimg.cn/large/b1957e8bly1hjq4dw8bzoj20sg1121by.jpg,
https://wx1.sinaimg.cn/large/b1957e8bly1hjq4e8ocutj23di50ux6v.jpg,
https://wx1.sinaimg.cn/large/b1957e8bly1hjq4egkywcj25eo3ls4qy.jpg,
https://wx1.sinaimg.cn/large/b1957e8bly1hjq4ema20dj252e2smb2f.jpg,
https://wx1.sinaimg.cn/large/b1957e8bly1hjq4esz1o7j237h4y9e88.jpg,
https://wx1.sinaimg.cn/large/b1957e8bly1hjq4fetbxaj25eo3lsqvc.jpg,
https://wx1.sinaimg.cn/large/b1957e8bly1hjuth10m74j24ml307u11.jpg,
https://wx1.sinaimg.cn/large/b1957e8bly1hkdard2lmpj21o0280x6p.jpg,
https://wx1.sinaimg.cn/large/b1957e8bly1hkdarf8zfyj21o0280qv5.jpg,
https://wx1.sinaimg.cn/large/b1957e8bly1hkdarwnavxj21o02801ky.jpg,
https://wx1.sinaimg.cn/large/b1957e8bly1hkfohi0fftj21ik25c4qq.jpg,
https://wx1.sinaimg.cn/large/b1957e8bly1hkfohlltc0j21o0280kjl.jpg,
https://wx1.sinaimg.cn/large/b1957e8bly1hkfoig4gs0j21o0280x6p.jpg,
https://wx1.sinaimg.cn/large/b1957e8bly1hkfoihwwqoj22c02c0npd.jpg,
https://wx1.sinaimg.cn/large/b1957e8bly1hkfoin1bvyj22c02c0x6q.jpg,
https://wx1.sinaimg.cn/large/b1957e8bly1hkmjdav58lj21o0280kjm.jpg,
https://wx1.sinaimg.cn/large/b1957e8bly1hkmjdfi8iij21o0280b2a.jpg,
https://wx1.sinaimg.cn/large/b1957e8bly1hkmjdrsojoj21o02807wj.jpg,
https://wx1.sinaimg.cn/large/b1957e8bly1hl0fmmm7czj27c04w0x71.jpg,
https://wx1.sinaimg.cn/large/b1957e8bly1hl0fnynn0hj24k36uke8c.jpg,
https://wx1.sinaimg.cn/large/b1957e8bly1hl0fod37a3j24t46bmb2l.jpg,
https://wx1.sinaimg.cn/large/b1957e8bly1hl1gxff2vaj23344mlhdy.jpg,
https://wx1.sinaimg.cn/large/b1957e8bly1hl1gy0tv90j23344mlqva.jpg,
https://wx1.sinaimg.cn/large/b1957e8bly1hl1gz14sfsj24nr33wqva.jpg,
https://wx1.sinaimg.cn/large/b1957e8bly1hl9ezaggt7j21o0280qv5.jpg,
https://wx1.sinaimg.cn/large/b1957e8bly1hl9ezlksemj22c0340hdv.jpg,
https://wx1.sinaimg.cn/large/b1957e8bly1hl9ezu45qbj21k222rx6p.jpg,
https://wx1.sinaimg.cn/large/b1957e8bly1hl9ezxl8wxj21mg27yqv5.jpg,
https://wx1.sinaimg.cn/large/b1957e8bly1hlgpoig6ckj21rz35p4qq.jpg,
https://wx1.sinaimg.cn/large/b1957e8bly1hmiuuvdesgj21o0280u0x.jpg,
https://wx1.sinaimg.cn/large/b1957e8bly1hmivkdhwwuj21o0280u0x.jpg,
https://wx1.sinaimg.cn/large/b1957e8bly1hnpp9i0kg3j20ws17otlx.jpg,
https://wx1.sinaimg.cn/large/b1957e8bly1hnpzhimjvaj20ws17ogzv.jpg,
https://wx1.sinaimg.cn/large/b1957e8bly1hnu7kg3erbj21o02801ky.jpg,
https://wx1.sinaimg.cn/large/b1957e8bly1hnxgi9ptfrj21sy0u0k27.jpg,
https://wx1.sinaimg.cn/large/b1957e8bly1ho4nteu8bhj222p35re82.jpg,
https://wx1.sinaimg.cn/large/b1957e8bly1ho82eqil7qj21ml264x6p.jpg,
https://wx1.sinaimg.cn/large/b1957e8bly1ho82ezspn6j21o0280u0x.jpg,
https://wx1.sinaimg.cn/large/b1957e8bly1ho82f4r6kbj21o0280qv5.jpg,
https://wx1.sinaimg.cn/large/b1957e8bly1ho82f9d4mvj22yo1o0x6r.jpg,
https://wx1.sinaimg.cn/large/b1957e8bly1hp5kmhbvhmj21o0280npd.jpg,
https://wx1.sinaimg.cn/large/b1957e8bly1hp5kmkw87aj21o02801ky.jpg,
https://wx1.sinaimg.cn/large/b1957e8bly1hp5kmsofs8j20u014012q.jpg,
https://wx1.sinaimg.cn/large/b1957e8bly1hp5kn3asb0j21o0280qv5.jpg,
https://wx1.sinaimg.cn/large/b1957e8bly1hp5kn96dlfj21tg2fanpd.jpg,
https://wx1.sinaimg.cn/large/b1957e8bly1hp5knhlfhoj20u019845b.jpg,
https://wx1.sinaimg.cn/large/b1957e8bly1hpygiaehjij21o02801ky.jpg,
https://wx1.sinaimg.cn/large/b1957e8bly1hpygiifl0lj21o02804qq.jpg,
https://wx1.sinaimg.cn/large/b1957e8bly1hpz9ocxg5nj23ls5eo4qx.jpg,
https://wx1.sinaimg.cn/large/b1957e8bly1hpz9ozdrg6j223u35skjm.jpg,
https://wx1.sinaimg.cn/large/b1957e8bly1hq7u3hbz1xj21o0280qv5.jpg,
https://wx1.sinaimg.cn/large/b1957e8bly1hq8zbujidzj22c0340u0y.jpg,
https://wx1.sinaimg.cn/large/b1957e8bly1hq8zbw4vrxj20wh17bwwe.jpg,
https://wx1.sinaimg.cn/large/b1957e8bly1hq8zc22gp7j21o02804qq.jpg,
https://wx1.sinaimg.cn/large/b1957e8bly1hq8zcm4wpgj22c0340b2b.jpg,
https://wx1.sinaimg.cn/large/b1957e8bly1hq8zjpx9dyj21o02804qq.jpg,
https://wx1.sinaimg.cn/large/b1957e8bly1hqkkuqec8oj22c0340kjn.jpg,
https://wx1.sinaimg.cn/large/b1957e8bly1hqmu04p4pej20u00zb4ii.jpg,
https://wx1.sinaimg.cn/large/b7bebc9agy1hhxob55yvbj20vi0zt46s.jpg,
https://wx1.sinaimg.cn/large/b7bebc9agy1hhxob5gkpsj20vi0ztwi0.jpg,
https://wx1.sinaimg.cn/large/b7bebc9agy1hhxob65mafj20vi0zt0yy.jpg,
https://wx1.sinaimg.cn/large/b7bebc9agy1hhxob775pfj20vi0ztqcp.jpg,
https://wx1.sinaimg.cn/large/c5764812ly1hpwacjldchj23401r0npe.jpg,
https://wx1.sinaimg.cn/large/c6300a3aly1hiykzcyel9j215t1o3qh9.jpg,
https://wx1.sinaimg.cn/large/c6300a3aly1hiykze6dh2j21431l9k6l.jpg,
https://wx1.sinaimg.cn/large/c6300a3aly1hiykzk2z92j214m1lw7jg.jpg,
https://wx1.sinaimg.cn/large/cff92cfcgy1hrbqorj6voj24wv3bu4qx.jpg,
https://wx1.sinaimg.cn/large/cff92cfcgy1hrbqujnlspj24n93821l4.jpg,
https://wx1.sinaimg.cn/large/cff92cfcgy1hrnzyeshvxj21sc2dsb2a.jpg,
https://wx1.sinaimg.cn/large/cff92cfcgy1htl9ec0wyrj22c0340qv7.jpg,
https://wx1.sinaimg.cn/large/cff92cfcgy1htl9eeszruj22c0340npg.jpg,
https://wx1.sinaimg.cn/large/cff92cfcly1hqb92bqps1j23ls5eohe0.jpg,
https://wx1.sinaimg.cn/large/cff92cfcly1hqb93pz9fdj23ls5eoe88.jpg,
https://wx1.sinaimg.cn/large/d450c09fgy1hj01xu2xq1j22tc480hdy.jpg,
https://wx1.sinaimg.cn/large/d450c09fgy1hl2hdr77g6j24802tc1l0.jpg,
https://wx1.sinaimg.cn/large/d450c09fgy1hl2heec25sj22tc480npf.jpg,
https://wx1.sinaimg.cn/large/d450c09fgy1hl2hep59fhj22tc480b2c.jpg,
https://wx1.sinaimg.cn/large/d450c09fgy1hl2hg0gww4j223u35sqv6.jpg,
https://wx1.sinaimg.cn/orj480/005RKTOKly1hj0n5zqkuaj30ij0opdtg.jpg,
https://wx1.sinaimg.cn/orj480/0062ol3Rgy1hj1vs2sgazj31o02811ky.jpg,
https://wx1.sinaimg.cn/orj480/66008f64ly1hqun4ecrhvj21z41401fd.jpg,
https://wx1.sinaimg.cn/orj480/b1957e8bgy1hmnf7tfwzfj21o0280e81.jpg,
https://wx1.sinaimg.cn/orj480/b1957e8bgy1hmviv1pe62j20u01hctmj.jpg,
https://wx1.sinaimg.cn/orj480/b1957e8bgy1hrmpu1138aj20u0141dox.jpg,
https://wx1.sinaimg.cn/orj480/b1957e8bgy1ht73y954r0j20td0gigrk.jpg,
https://wx1.sinaimg.cn/orj480/b1957e8bly1hnrvrj2cyxj20u0140qes.jpg,
https://wx1.sinaimg.cn/orj480/b1957e8bly1ho00u13nk6j21hc0u0tlg.jpg,
https://wx2.sinaimg.cn/large/002TLsr9ly1hkrtr1001fj60u00u0dtx02.jpg,
https://wx2.sinaimg.cn/large/002TLsr9ly1hkrtr1sxdoj60u01hc1ky02.jpg,
https://wx2.sinaimg.cn/large/005NJtcdly1ho4eez5vv8j32pw42uqv9.jpg,
https://wx2.sinaimg.cn/large/005NJtcdly1ho4eg7qs7sj32pw42u4qu.jpg,
https://wx2.sinaimg.cn/large/005SWh2Mgy1htmcmk3gvwj32552ur1l1.jpg,
https://wx2.sinaimg.cn/large/006Kr4T6gy1hk6azg0grzj30u00u1jxm.jpg,
https://wx2.sinaimg.cn/large/006Kr4T6gy1hk6azg7z5cj30u00u00yk.jpg,
https://wx2.sinaimg.cn/large/006Kr4T6gy1hlr0ssnse2j30u04acqv5.jpg,
https://wx2.sinaimg.cn/large/006Kr4T6ly1hkdegmp9saj30ku5y7b29.jpg,
https://wx2.sinaimg.cn/large/006NEklqgy1hmzz09nowxj34by6l1he0.jpg,
https://wx2.sinaimg.cn/large/006NEklqgy1hmzz0ro3i2j359n3ieu11.jpg,
https://wx2.sinaimg.cn/large/006NEklqgy1hmzz12y9fvj34ah6l1b2f.jpg,
https://wx2.sinaimg.cn/large/006NEklqgy1hmzz15v49pj335s23u7wj.jpg,
https://wx2.sinaimg.cn/large/006NEklqgy1ho5eve7swcj335s23wkjn.jpg,
https://wx2.sinaimg.cn/large/006NEklqgy1ho5evh022zj323w35sx6s.jpg,
https://wx2.sinaimg.cn/large/006ORsaigy1hsuidmzny8j34mo3344qu.jpg,
https://wx2.sinaimg.cn/large/006ORsaigy1hsuidpzvpdj33344mo7wm.jpg,
https://wx2.sinaimg.cn/large/006ORsaigy1hsuihcifnvj32sx47du11.jpg,
https://wx2.sinaimg.cn/large/006ORsaigy1ht2kwqxvl3j30tu13r7wh.jpg,
https://wx2.sinaimg.cn/large/006ORsaigy1ht2kwshxvrj32yo3y8hdw.jpg,
https://wx2.sinaimg.cn/large/006bzK1Aly1hiymi1gzmjj33xe214x6r.jpg,
https://wx2.sinaimg.cn/large/006cMLAgly1hno971obhjj30qo0ca779.jpg,
https://wx2.sinaimg.cn/large/006cMLAgly1hno9735lofj30qo1lzgso.jpg,
https://wx2.sinaimg.cn/large/006cMLAgly1hno974ffa8j31jk223u0k.jpg,
https://wx2.sinaimg.cn/large/006cMLAgly1hno9a11x5xj30q40q30v8.jpg,
https://wx2.sinaimg.cn/large/006gFbJ7gy1hq1xlf47w6j31gd26jqv5.jpg,
https://wx2.sinaimg.cn/large/006gFbJ7gy1hr20wp4wemj31o0280u0x.jpg,
https://wx2.sinaimg.cn/large/006gFbJ7ly1hmgnyws9uyj31o02804qq.jpg,
https://wx2.sinaimg.cn/large/006gFbJ7ly1hmgnz5fcrgj31o0280e82.jpg,
https://wx2.sinaimg.cn/large/006ixwxngy1hmdvtpe5hpg30ro0gzqv7.gif,
https://wx2.sinaimg.cn/large/006yPoYygy1hjkcujius9j30xc1jk1kx.jpg,
https://wx2.sinaimg.cn/large/006yPoYygy1hjkcujztu4g30k00etu0x.gif,
https://wx2.sinaimg.cn/large/006yPoYygy1hjkcupnw5rg30k00etx6t.gif,
https://wx2.sinaimg.cn/large/006yPoYygy1hqi3ferdbcj30xc1jkx3u.jpg,
https://wx2.sinaimg.cn/large/006yPoYygy1hqi3fftkvgg30k00etnpj.gif,
https://wx2.sinaimg.cn/large/008ld0Ldgy1hn05462428g30ac0abe87.gif,
https://wx2.sinaimg.cn/large/008lgPsGgy1hj7dg6awlkg30jg0l0x72.gif,
https://wx2.sinaimg.cn/large/008lgPsGgy1hj7dgbq3t4j30p02se1jw.jpg,
https://wx2.sinaimg.cn/large/008lgPsGgy1hj7dgqx8xsj33341wa7wj.jpg,
https://wx2.sinaimg.cn/large/008lgPsGgy1hj7dgr9826j333420sb2b.jpg,
https://wx2.sinaimg.cn/large/008lgPsGgy1hj7dgrsyohj3334223kjn.jpg,
https://wx2.sinaimg.cn/large/008npIJTgy1ht4fa4c98xg30k00p0qvf.gif,
https://wx2.sinaimg.cn/large/008y48Z1gy1hrnvdp7zbaj323u35su0x.jpg,
https://wx2.sinaimg.cn/large/008y48Z1gy1hrnvdpn32vj323u35s7wi.jpg,
https://wx2.sinaimg.cn/large/3c2921c8ly1hjehx2r684j24dh2glkjq.jpg,
https://wx2.sinaimg.cn/large/3c2921c8ly1hjehxfkhz0j21e08rau13.jpg,
https://wx2.sinaimg.cn/large/3c2921c8ly1hjeioyrqisj21hb0tz7la.jpg,
https://wx2.sinaimg.cn/large/3c2921c8ly1hjeiprpg3sj279x43c4qx.jpg,
https://wx2.sinaimg.cn/large/3c2921c8ly1hjq6l6e9wkj24wm24s7wl.jpg,
https://wx2.sinaimg.cn/large/51806b25ly1hlonu7ik7fj21400u0458.jpg,
https://wx2.sinaimg.cn/large/51806b25ly1hlonu8bs1zj21900u0wmk.jpg,
https://wx2.sinaimg.cn/large/51806b25ly1hlonu9iv0ej20u01907bf.jpg,
https://wx2.sinaimg.cn/large/51806b25ly1hlonuculx3j21900u0wm0.jpg,
https://wx2.sinaimg.cn/large/51806b25ly1hlonudpw0tj20u0190q9y.jpg,
https://wx2.sinaimg.cn/large/51806b25ly1hlonuezxq7j21900u0n4u.jpg,
https://wx2.sinaimg.cn/large/51806b25ly1hlony8bkb0j20u0190tg1.jpg,
https://wx2.sinaimg.cn/large/6000b413ly1hrhmhtnsrsj20u00cwt9h.jpg,
https://wx2.sinaimg.cn/large/6000b413ly1hrhmhtp6i4j20u00awmxo.jpg,
https://wx2.sinaimg.cn/large/6000b413ly1hrhmhtskuwj20u00jx3zy.jpg,
https://wx2.sinaimg.cn/large/6000b413ly1hrhmhu1b69j20u00wt41q.jpg,
https://wx2.sinaimg.cn/large/6000b413ly1hrhmhu1vpdj20u00pqjtd.jpg,
https://wx2.sinaimg.cn/large/62ff67c7gy1hkdg1k6o16j21o02801kz.jpg,
https://wx2.sinaimg.cn/large/62ff67c7gy1hkdg1p1l52j21fw1x7hdu.jpg,
https://wx2.sinaimg.cn/large/62ff67c7gy1hkdg31ji7uj21o02you0z.jpg,
https://wx2.sinaimg.cn/large/678076bfgy1hl1f5uas7bj21jk2bb7wh.jpg,
https://wx2.sinaimg.cn/large/678076bfgy1hl1f5w9cg5j21jk2bb7wh.jpg,
https://wx2.sinaimg.cn/large/67cdf4d4gy1hl2ezanxihj20rs0ro0zb.jpg,
https://wx2.sinaimg.cn/large/699a48a7ly1hirfmxlt6jj22301e01k6.jpg,
https://wx2.sinaimg.cn/large/699a48a7ly1hirfn1668ij21e0231x5y.jpg,
https://wx2.sinaimg.cn/large/699a48a7ly1hirfnd1jh0j21e0230ty9.jpg,
https://wx2.sinaimg.cn/large/699a48a7ly1hirfniiee1j21e0230nks.jpg,
https://wx2.sinaimg.cn/large/699a48a7ly1hirfnno2zrj22301e0e4k.jpg,
https://wx2.sinaimg.cn/large/699a48a7ly1hirfnxw8f1j21e02301kx.jpg,
https://wx2.sinaimg.cn/large/699a48a7ly1hirfo0wa9cj22301e0txz.jpg,
https://wx2.sinaimg.cn/large/699a48a7ly1hirfo69u0kj22301e01kx.jpg,
https://wx2.sinaimg.cn/large/699a48a7ly1hirfoxu1sij22301e0hd8.jpg,
https://wx2.sinaimg.cn/large/699a48a7ly1hirfqc3ix9j21e02307vx.jpg,
https://wx2.sinaimg.cn/large/70745653ly1hn1f42ped5j20d511eqau.jpg,
https://wx2.sinaimg.cn/large/70745653ly1hn1f43kpt5j22yo1o0u0a.jpg,
https://wx2.sinaimg.cn/large/70745653ly1hn1f46wu06j20zo4mg7wh.jpg,
https://wx2.sinaimg.cn/large/70745653ly1hn1f482b7kj20um627kjl.jpg,
https://wx2.sinaimg.cn/large/70745653ly1hn1f48ja2qj213s5llu0x.jpg,
https://wx2.sinaimg.cn/large/70745653ly1hpycrbkiusj20m80ve45y.jpg,
https://wx2.sinaimg.cn/large/70745653ly1hpyct3v1yqj22nn33skjn.jpg,
https://wx2.sinaimg.cn/large/70745653ly1hpzfeqioe2j20v40m8wxq.jpg,
https://wx2.sinaimg.cn/large/70a70139gy1him2y3u93nj21hg0u0agm.jpg,
https://wx2.sinaimg.cn/large/70a70139gy1him2y40zypj21900u0dk6.jpg,
https://wx2.sinaimg.cn/large/70a70139gy1him2y45zuxj20u0190n43.jpg,
https://wx2.sinaimg.cn/large/7225ade5gy1hrdnoh0av6j20u014048z.jpg,
https://wx2.sinaimg.cn/large/7225ade5gy1hrdnoj5zolj20u0140aki.jpg,
https://wx2.sinaimg.cn/large/7225ade5gy1hrdnojoyasj20u0140tiu.jpg,
https://wx2.sinaimg.cn/large/7225ade5gy1hrdnoknv4qj20u0140aiz.jpg,
https://wx2.sinaimg.cn/large/7225ade5ly1hq6hdpetrrj23i859cb2e.jpg,
https://wx2.sinaimg.cn/large/7225ade5ly1hq9z7ykjt6j22bc4x1b2e.jpg,
https://wx2.sinaimg.cn/large/74b75cf5gy1hqfrhwln92j235s23ve83.jpg,
https://wx2.sinaimg.cn/large/74b75cf5gy1hqfrhzjdubj235s23vu0z.jpg,
https://wx2.sinaimg.cn/large/74b75cf5gy1hqfs1r8zqaj264w439qvh.jpg,
https://wx2.sinaimg.cn/large/75b61b3bgy1hnyvkvis4oj21jk2bcb29.jpg,
https://wx2.sinaimg.cn/large/75b61b3bgy1hnyvl4qz9xj24w07lyb2q.jpg,
https://wx2.sinaimg.cn/large/75b61b3bgy1hnyvmw83tej20u01aitkr.jpg,
https://wx2.sinaimg.cn/large/75b61b3bgy1hnyvuyu7slj21b91ywhdt.jpg,
https://wx2.sinaimg.cn/large/7c8c69fdgy1hqb7ppmhp8j20u0190af7.jpg,
https://wx2.sinaimg.cn/large/7c8c69fdgy1hqb7pr1oa1j20qo140dkn.jpg,
https://wx2.sinaimg.cn/large/7c8c69fdgy1hqb7pslb6gj20v90kuju5.jpg,
https://wx2.sinaimg.cn/large/7c8c69fdgy1hqoqm8nh40j21400u0wjh.jpg,
https://wx2.sinaimg.cn/large/7d6f5225ly1hkz28z5efwj223u35snpi.jpg,
https://wx2.sinaimg.cn/large/7d6f5225ly1hkz29xe49yj223u35rhdv.jpg,
https://wx2.sinaimg.cn/large/7d6f5225ly1hkz2a158dkj226634z7wm.jpg,
https://wx2.sinaimg.cn/large/80cee659gy1hqzifcm2lfj24o033sx6s.jpg,
https://wx2.sinaimg.cn/large/80cee659gy1hqzifcuvd5j24o033s1l2.jpg,
https://wx2.sinaimg.cn/large/80cee659gy1hqzig6ditzj24o033se85.jpg,
https://wx2.sinaimg.cn/large/83655020gy1hr2q13341aj21ui0o7qu5.jpg,
https://wx2.sinaimg.cn/large/83655020gy1hr2q16v3aqg20qo0f07ws.gif,
https://wx2.sinaimg.cn/large/83655020gy1hr2q3hfedqj21lv16thdt.jpg,
https://wx2.sinaimg.cn/large/8a05f948gy1hql2aplg6zj20jg0jgdhl.jpg,
https://wx2.sinaimg.cn/large/8a05f948gy1hql2as1tvlj20yi5rukjm.jpg,
https://wx2.sinaimg.cn/large/8a05f948gy1hql2auonpsj20yiatoqv9.jpg,
https://wx2.sinaimg.cn/large/8a05f948gy1hql2b1y79sj20dmcmmx6q.jpg,
https://wx2.sinaimg.cn/large/9d7f55dagy1hiuzvg5e4sj20u013mdkx.jpg,
https://wx2.sinaimg.cn/large/9d7f55dagy1hiuzvh7308j20u01kbqc6.jpg,
https://wx2.sinaimg.cn/large/a2904053gy1hq4cfuaba3j23k02dde82.jpg,
https://wx2.sinaimg.cn/large/a2904053gy1hq4cj4q25lj22de3k0e82.jpg,
https://wx2.sinaimg.cn/large/a2904053gy1hq4ckgeptkj22dc35n4qq.jpg,
https://wx2.sinaimg.cn/large/a2904053gy1hqsln70t4dj21401hcb29.jpg,
https://wx2.sinaimg.cn/large/a40a78adgy1hqjgkhf077j20u00ij40z.jpg,
https://wx2.sinaimg.cn/large/a66d0169ly8hl19xhrabvj20zk2sr1kx.jpg,
https://wx2.sinaimg.cn/large/a66d0169ly8hl19xls4lij20zk2sre64.jpg,
https://wx2.sinaimg.cn/large/a7ae4aacgy1hiozs9kbo5j21qi15ob29.jpg,
https://wx2.sinaimg.cn/large/a7ae4aacgy1hiozsi6ddhj215o1qi7wh.jpg,
https://wx2.sinaimg.cn/large/a9791828gy1hkd14caesrj216n1kwb1b.jpg,
https://wx2.sinaimg.cn/large/a9791828gy1hkd14fmiuzj21o0280u0x.jpg,
https://wx2.sinaimg.cn/large/a9791828gy1hkd14iif0ij21o0280x6p.jpg,
https://wx2.sinaimg.cn/large/a9791828gy1hkd14zoh2lj21l924fnpg.jpg,
https://wx2.sinaimg.cn/large/a9791828gy1hkd170lu0nj21o02807wi.jpg,
https://wx2.sinaimg.cn/large/a9791828gy1hnohfmwi09j235s23ub2g.jpg,
https://wx2.sinaimg.cn/large/a9791828gy1hnohfv58u7j223u35shdz.jpg,
https://wx2.sinaimg.cn/large/a9791828gy1hnohgbnfjej223u35se88.jpg,
https://wx2.sinaimg.cn/large/a9791828gy1hnohgh6aefj223u35snpj.jpg,
https://wx2.sinaimg.cn/large/a9791828gy1hnohgzaezmj20sg2dcqv5.jpg,
https://wx2.sinaimg.cn/large/a9791828gy1hqhyfyog5dj22801o87wi.jpg,
https://wx2.sinaimg.cn/large/a9791828gy1hqhyktn7dpj216o1kw4qp.jpg,
https://wx2.sinaimg.cn/large/a9791828ly1hq0tfl33d9j22801o04qr.jpg,
https://wx2.sinaimg.cn/large/b1957e8bgy1gh6rdjd86bj21lc24g4qq.jpg,
https://wx2.sinaimg.cn/large/b1957e8bgy1gh6rdnhpgnj21n9270npe.jpg,
https://wx2.sinaimg.cn/large/b1957e8bgy1gh6rdulvexj22801o0b2a.jpg,
https://wx2.sinaimg.cn/large/b1957e8bgy1hk9hmqno67j21o0280u0x.jpg,
https://wx2.sinaimg.cn/large/b1957e8bgy1hlbna0s4lij21o0280e81.jpg,
https://wx2.sinaimg.cn/large/b1957e8bgy1hmog5csla8j235s24vu0y.jpg,
https://wx2.sinaimg.cn/large/b1957e8bgy1hmog5nvb7fj223w35se82.jpg,
https://wx2.sinaimg.cn/large/b1957e8bgy1hmog5txcidj223w35snpe.jpg,
https://wx2.sinaimg.cn/large/b1957e8bgy1hmxgm6ga5dj2426638e87.jpg,
https://wx2.sinaimg.cn/large/b1957e8bgy1hodt1i0q8nj22c0340e84.jpg,
https://wx2.sinaimg.cn/large/b1957e8bgy1hodt202dpaj218q0nxdoc.jpg,
https://wx2.sinaimg.cn/large/b1957e8bgy1hqyd5vi729j23402c01l0.jpg,
https://wx2.sinaimg.cn/large/b1957e8bgy1hr1sc2etepj21o0280x6p.jpg,
https://wx2.sinaimg.cn/large/b1957e8bgy1hr1sc7smxej21o0280hdt.jpg,
https://wx2.sinaimg.cn/large/b1957e8bgy1hr1scagrf3j21o0280u0x.jpg,
https://wx2.sinaimg.cn/large/b1957e8bgy1hri1nna1enj235s23wx6q.jpg,
https://wx2.sinaimg.cn/large/b1957e8bgy1hrnwhbtq88j21o0280hdt.jpg,
https://wx2.sinaimg.cn/large/b1957e8bgy1hrnwhe1t9bj21o0280qv5.jpg,
https://wx2.sinaimg.cn/large/b1957e8bgy1hrnwhhmj2bj21o0280hdu.jpg,
https://wx2.sinaimg.cn/large/b1957e8bgy1hswywmn718j24eo2xs4qs.jpg,
https://wx2.sinaimg.cn/large/b1957e8bgy1hswyxdo3u7j24eo2xsu12.jpg,
https://wx2.sinaimg.cn/large/b1957e8bgy1hsy19jjv7xj232z4dqu11.jpg,
https://wx2.sinaimg.cn/large/b1957e8bgy1ht3txczi3zj22xs4eob2b.jpg,
https://wx2.sinaimg.cn/large/b1957e8bgy1ht3txr8xmoj22xs4eob2b.jpg,
https://wx2.sinaimg.cn/large/b1957e8bgy1ht3tyc455hj24eo2ez7wk.jpg,
https://wx2.sinaimg.cn/large/b1957e8bgy1ht640vgdp4j20wi1yc7hr.jpg,
https://wx2.sinaimg.cn/large/b1957e8bgy1htc2eh1zhij22xu4eoe83.jpg,
https://wx2.sinaimg.cn/large/b1957e8bgy1htgc667h5jj21n826zhdu.jpg,
https://wx2.sinaimg.cn/large/b1957e8bgy1htjy1mq6l6j24802tcu10.jpg,
https://wx2.sinaimg.cn/large/b1957e8bgy1htjy1w6h7dj245k2mrkjo.jpg,
https://wx2.sinaimg.cn/large/b1957e8bgy1htncy44bvtj22tc480hdw.jpg,
https://wx2.sinaimg.cn/large/b1957e8bgy1htncy7pecnj20rs6tax6q.jpg,
https://wx2.sinaimg.cn/large/b1957e8bgy1huf4h1ccr8j21o0280b2a.jpg,
https://wx2.sinaimg.cn/large/b1957e8bgy1huf4h5smr2j21o0280hdu.jpg,
https://wx2.sinaimg.cn/large/b1957e8bly1hiyex0bwvkj23li6eanpl.jpg,
https://wx2.sinaimg.cn/large/b1957e8bly1hiyex8yn40j23g864w7wq.jpg,
https://wx2.sinaimg.cn/large/b1957e8bly1hiyexhxmjij26e03lc4qx.jpg,
https://wx2.sinaimg.cn/large/b1957e8bly1hiyexz3oxkj23j76a7qvf.jpg,
https://wx2.sinaimg.cn/large/b1957e8bly1hiyeydy73lj23lw69bkju.jpg,
https://wx2.sinaimg.cn/large/b1957e8bly1hj5git6ku1j21vj2i2hdt.jpg,
https://wx2.sinaimg.cn/large/b1957e8bly1hj8ujetdbfj23402c0npe.jpg,
https://wx2.sinaimg.cn/large/b1957e8bly1hjoregls7sj21nz2hzb2a.jpg,
https://wx2.sinaimg.cn/large/b1957e8bly1hjorepdye4j21o02vi4qw.jpg,
https://wx2.sinaimg.cn/large/b1957e8bly1hjoribog9sj21o02801ky.jpg,
https://wx2.sinaimg.cn/large/b1957e8bly1hjorihvmpbj21o02807wi.jpg,
https://wx2.sinaimg.cn/large/b1957e8bly1hjq4e1oy3bj23bp5651l4.jpg,
https://wx2.sinaimg.cn/large/b1957e8bly1hjq4f0gqmlj25043bib2j.jpg,
https://wx2.sinaimg.cn/large/b1957e8bly1hjusoqzar5j23344mlhe0.jpg,
https://wx2.sinaimg.cn/large/b1957e8bly1hjutcbvbynj23344mlu12.jpg,
https://wx2.sinaimg.cn/large/b1957e8bly1hjuthugoilj23344ml7wm.jpg,
https://wx2.sinaimg.cn/large/b1957e8bly1hjuti89g8ij23344mlb2e.jpg,
https://wx2.sinaimg.cn/large/b1957e8bly1hkdar854t4j21o0280qv5.jpg,
https://wx2.sinaimg.cn/large/b1957e8bly1hkdari99ykj21o02804qq.jpg,
https://wx2.sinaimg.cn/large/b1957e8bly1hkfohvc3hcj21o0280kjl.jpg,
https://wx2.sinaimg.cn/large/b1957e8bly1hkfohygbd9j21o0280kjl.jpg,
https://wx2.sinaimg.cn/large/b1957e8bly1hkfoijtfvbj22c02c0hdt.jpg,
https://wx2.sinaimg.cn/large/b1957e8bly1hkmjdldp13j22352s7hdu.jpg,
https://wx2.sinaimg.cn/large/b1957e8bly1hkzb6hjh81j23091ovkjm.jpg,
https://wx2.sinaimg.cn/large/b1957e8bly1hkzb7v39v7j223735se82.jpg,
https://wx2.sinaimg.cn/large/b1957e8bly1hkzb9hvr1jj220835s7wj.jpg,
https://wx2.sinaimg.cn/large/b1957e8bly1hkzbai3epmj235s1s07wj.jpg,
https://wx2.sinaimg.cn/large/b1957e8bly1hl0fpbogwyj26w64oehe5.jpg,
https://wx2.sinaimg.cn/large/b1957e8bly1hl1gyc3bk8j24ml334b2e.jpg,
https://wx2.sinaimg.cn/large/b1957e8bly1hl9ez6d2hnj21o0280x6p.jpg,
https://wx2.sinaimg.cn/large/b1957e8bly1hl9ezpmoh8j22801o0x6p.jpg,
https://wx2.sinaimg.cn/large/b1957e8bly1hl9f74djiuj21o0280hdt.jpg,
https://wx2.sinaimg.cn/large/b1957e8bly1hls7y5r0pvj216o1kw4qp.jpg,
https://wx2.sinaimg.cn/large/b1957e8bly1hls7y993l4j21o02801ky.jpg,
https://wx2.sinaimg.cn/large/b1957e8bly1hls7yfmlbwj21o0280kjl.jpg,
https://wx2.sinaimg.cn/large/b1957e8bly1hls7ymc951j21o0280u0x.jpg,
https://wx2.sinaimg.cn/large/b1957e8bly1hm8jjhunnzj22801o01ky.jpg,
https://wx2.sinaimg.cn/large/b1957e8bly1hmgh98bbjlj264w43cnph.jpg,
https://wx2.sinaimg.cn/large/b1957e8bly1hmiunif4nqj21o0280u0x.jpg,
https://wx2.sinaimg.cn/large/b1957e8bly1hmiuupqa7uj21o0280u0x.jpg,
https://wx2.sinaimg.cn/large/b1957e8bly1hmiv7jajlcj20i50sggsz.jpg,
https://wx2.sinaimg.cn/large/b1957e8bly1hnu7jr7bi0j21o02807wi.jpg,
https://wx2.sinaimg.cn/large/b1957e8bly1hnu7k03e8vj21o0280x6p.jpg,
https://wx2.sinaimg.cn/large/b1957e8bly1ho4nt5hvzqj222s35re82.jpg,
https://wx2.sinaimg.cn/large/b1957e8bly1ho4ntbr4ntj223u35skjm.jpg,
https://wx2.sinaimg.cn/large/b1957e8bly1ho4ntnt71zj235r23ub2a.jpg,
https://wx2.sinaimg.cn/large/b1957e8bly1ho82ekyrltj21lx259npd.jpg,
https://wx2.sinaimg.cn/large/b1957e8bly1ho82etgg2gj21k222rnpd.jpg,
https://wx2.sinaimg.cn/large/b1957e8bly1hp5km88be5j21o02804qp.jpg,
https://wx2.sinaimg.cn/large/b1957e8bly1hp5kmemocbj21o0280u0x.jpg,
https://wx2.sinaimg.cn/large/b1957e8bly1hp5kmp10b7j21o0280u0x.jpg,
https://wx2.sinaimg.cn/large/b1957e8bly1hp5kndc8o6j21o02801ky.jpg,
https://wx2.sinaimg.cn/large/b1957e8bly1hpygicy4wej21o02801ky.jpg,
https://wx2.sinaimg.cn/large/b1957e8bly1hpygift4bqj21o02801ky.jpg,
https://wx2.sinaimg.cn/large/b1957e8bly1hpz9n6yjhxj25eo31ix6v.jpg,
https://wx2.sinaimg.cn/large/b1957e8bly1hq7u3c1kbmj21hc140x1y.jpg,
https://wx2.sinaimg.cn/large/b1957e8bly1hq7u3f8al2j21o02804qq.jpg,
https://wx2.sinaimg.cn/large/b1957e8bly1hq7u3tl2jmj21o0280x6q.jpg,
https://wx2.sinaimg.cn/large/b1957e8bly1hq8zbywccjj21o02801ky.jpg,
https://wx2.sinaimg.cn/large/b1957e8bly1hq8zcawmdaj22c03404qq.jpg,
https://wx2.sinaimg.cn/large/b1957e8bly1hqi8ukvz1dj21o0280b2a.jpg,
https://wx2.sinaimg.cn/large/b1957e8bly1hqkka9k6adj22c03217wj.jpg,
https://wx2.sinaimg.cn/large/b1957e8bly1hqkkad5pwwj22c03404qs.jpg,
https://wx2.sinaimg.cn/large/b7bebc9agy1hhxob8fs8dj20vi0ztn6n.jpg,
https://wx2.sinaimg.cn/large/b7bebc9agy1hhxob8rc7jj20vi0ztdl2.jpg,
https://wx2.sinaimg.cn/large/c6300a3aly1hiykzkx0ohj213h1jyanm.jpg,
https://wx2.sinaimg.cn/large/cff92cfcgy1hrbqw7zt9yj257b3hhe88.jpg,
https://wx2.sinaimg.cn/large/cff92cfcgy1htl9eatj23j22c03407wk.jpg,
https://wx2.sinaimg.cn/large/cff92cfcly1hqb9219rgyj23ls5eokjr.jpg,
https://wx2.sinaimg.cn/large/cff92cfcly1hqb94zq8zqj25eo3ls1l6.jpg,
https://wx2.sinaimg.cn/large/cff92cfcly1hqb96am2dkj23ls5eox6w.jpg,
https://wx2.sinaimg.cn/large/cff92cfcly1hrbqjhyesuj23gm557he1.jpg,
https://wx2.sinaimg.cn/large/cff92cfcly1hrbqqj94qaj23fn4uqx6v.jpg,
https://wx2.sinaimg.cn/large/cff92cfcly1hrbqruerh7j25ej3h71l7.jpg,
https://wx2.sinaimg.cn/large/cff92cfcly1hrbqtp4yknj25b236aqve.jpg,
https://wx2.sinaimg.cn/large/cff92cfcly1hrbqwrax1vj256n3et7wp.jpg,
https://wx2.sinaimg.cn/large/d450c09fgy1hl2he2bx42j22tc480e84.jpg,
https://wx2.sinaimg.cn/large/d450c09fgy1hl2hejnxmlj22tc480kjo.jpg,
https://wx2.sinaimg.cn/orj480/75b61b3bgy1hiuvl3ch0dj20u0140nb2.jpg,
https://wx2.sinaimg.cn/orj480/b1957e8bly1hirdmmym3uj21o02811kx.jpg,
https://wx2.sinaimg.cn/orj480/b1957e8bly1hjx4i3uxzfj21hc0u0wyz.jpg,
https://wx2.sinaimg.cn/orj480/b1957e8bly1hn3olxand2j22yo1o0npd.jpg,
https://wx3.sinaimg.cn/large/002TLsr9ly1hkrtr1i0h9j60u01hcu0x02.jpg,
https://wx3.sinaimg.cn/large/002TLsr9ly1hkrtr1scqkj60u01hc4qq02.jpg,
https://wx3.sinaimg.cn/large/005NJtcdly1ho4eerdavzj342u2pw4qt.jpg,
https://wx3.sinaimg.cn/large/005NJtcdly1ho4egdogpyj342u2pwb2d.jpg,
https://wx3.sinaimg.cn/large/0060SqPlgy1hu4ws0icadj32wi4crkjp.jpg,
https://wx3.sinaimg.cn/large/0060SqPlgy1hu4ws4rx88j34cr2wiu12.jpg,
https://wx3.sinaimg.cn/large/0060SqPlgy1hu4wsaki20j32wi4crqvb.jpg,
https://wx3.sinaimg.cn/large/0060SqPlgy1hu4wscrvokj34qo2nzu11.jpg,
https://wx3.sinaimg.cn/large/0060SqPlgy1hu4wsegslqj32wi4crqva.jpg,
https://wx3.sinaimg.cn/large/0060SqPlgy1hu4wsmjuspj32wi4crx6t.jpg,
https://wx3.sinaimg.cn/large/006Kr4T6gy1hk6azfz334j30u00u1n18.jpg,
https://wx3.sinaimg.cn/large/006Kr4T6gy1hk6azfz7twj30u00u1dje.jpg,
https://wx3.sinaimg.cn/large/006Kr4T6gy1hlr0snbprjj31yw2rfkjo.jpg,
https://wx3.sinaimg.cn/large/006Kr4T6ly1hkdegpp40qj317ece9npe.jpg,
https://wx3.sinaimg.cn/large/006NEklqgy1hmzz1sprzwj39fg6abhe5.jpg,
https://wx3.sinaimg.cn/large/006NEklqgy1hmzz2ee6umj31gj35sx6p.jpg,
https://wx3.sinaimg.cn/large/006NEklqgy1hmzz417b1cj34e06l17wp.jpg,
https://wx3.sinaimg.cn/large/006NEklqgy1ho5ev99bzzj323w35sx6r.jpg,
https://wx3.sinaimg.cn/large/006NEklqgy1ho5evm0bztj323w35sb2b.jpg,
https://wx3.sinaimg.cn/large/006NEklqgy1ho5evokq62j323w35sb2b.jpg,
https://wx3.sinaimg.cn/large/006ORsaigy1hsuigz5p26j33344moqvb.jpg,
https://wx3.sinaimg.cn/large/006ORsaigy1hsuih4mv5wj34mo334b2f.jpg,
https://wx3.sinaimg.cn/large/006ORsaigy1ht2kwtl8hbj30uj14p1kx.jpg,
https://wx3.sinaimg.cn/large/006ORsaigy1ht2kx4v7rsj30gm0qf44h.jpg,
https://wx3.sinaimg.cn/large/006cMLAgly1hno972bo7qj30qo1lzn22.jpg,
https://wx3.sinaimg.cn/large/006gFbJ7gy1hq1xlh6s38j31hc280x6p.jpg,
https://wx3.sinaimg.cn/large/006gFbJ7ly1hmgnz0hw5hj31o0280b2a.jpg,
https://wx3.sinaimg.cn/large/006ixwxngy1hkeineaotqj30m853kb11.jpg,
https://wx3.sinaimg.cn/large/007KaFZYly1hq6agp2tvdj30u01u00xw.jpg,
https://wx3.sinaimg.cn/large/008a4Igcgy1hlaf29ox6mj31s816c43o.jpg,
https://wx3.sinaimg.cn/large/008a4Igcgy1hlaf2a5q9pj30ve172jvb.jpg,
https://wx3.sinaimg.cn/large/008a4Igcly1hq9423fk5sj33bi37onbw.jpg,
https://wx3.sinaimg.cn/large/008dhgDsly1hjchapr2xlj35eo3b07wq.jpg,
https://wx3.sinaimg.cn/large/008dhgDsly1hjchb1yuduj33ls5eohe3.jpg,
https://wx3.sinaimg.cn/large/008dhgDsly1hjche2f6gqj33ls5eo4r0.jpg,
https://wx3.sinaimg.cn/large/008dhgDsly1hjchejm0nlj35eo3ls4qz.jpg,
https://wx3.sinaimg.cn/large/008ld0Ldgy1hn022q6z9hj30ai0aiwfc.jpg,
https://wx3.sinaimg.cn/large/008ld0Ldgy1hn022qgu1hj307x07x0t5.jpg,
https://wx3.sinaimg.cn/large/008lgPsGgy1hj7dg4roulg30jg0jg4r1.gif,
https://wx3.sinaimg.cn/large/008lgPsGgy1hj7dgiukhij30p08n4e83.jpg,
https://wx3.sinaimg.cn/large/008npIJTgy1ht4f4xj8sbg30k00p0kjx.gif,
https://wx3.sinaimg.cn/large/008y48Z1gy1hro064w42cj33344ma4qs.jpg,
https://wx3.sinaimg.cn/large/008y48Z1gy1hro064xn98j33344mrhe0.jpg,
https://wx3.sinaimg.cn/large/3c2921c8ly1hjei5es921j24dh2ezkjp.jpg,
https://wx3.sinaimg.cn/large/3c2921c8ly1hjeio0t8d4j26ac3jbe8c.jpg,
https://wx3.sinaimg.cn/large/3c2921c8ly1hjeioms0jnj245m68bb2j.jpg,
https://wx3.sinaimg.cn/large/3c2921c8ly1hjeiq0o01aj2767418b2l.jpg,
https://wx3.sinaimg.cn/large/51806b25ly1hlonu8x147j20u0190dmj.jpg,
https://wx3.sinaimg.cn/large/6000b413ly1hrhmhtn8imj20u00a6weu.jpg,
https://wx3.sinaimg.cn/large/6000b413ly1hrhmhtqepxj20u00ict9m.jpg,
https://wx3.sinaimg.cn/large/6000b413ly1hrhmhtth9bj20u00igq3m.jpg,
https://wx3.sinaimg.cn/large/6000b413ly1hrhmhu080pj20u00aq74u.jpg,
https://wx3.sinaimg.cn/large/62ff67c7gy1hkdg1mymxbj21o0280x6q.jpg,
https://wx3.sinaimg.cn/large/678076bfgy1hl1f5n4exgj21jk1121ev.jpg,
https://wx3.sinaimg.cn/large/678076bfgy1hl1f5oosq2j21jk2bbqv5.jpg,
https://wx3.sinaimg.cn/large/678076bfgy1hl1f5pkj4cj21jk2bbqv5.jpg,
https://wx3.sinaimg.cn/large/678076bfgy1hl1f5qv8odj21jk2bc7wh.jpg,
https://wx3.sinaimg.cn/large/678076bfgy1hl1f5tlvvpj21jk1127p9.jpg,
https://wx3.sinaimg.cn/large/678076bfgy1hl1f5vin9qj21jk2bc7wh.jpg,
https://wx3.sinaimg.cn/large/699a48a7ly1hirfn998lsj21e0230b0t.jpg,
https://wx3.sinaimg.cn/large/699a48a7ly1hirfnrr019j22301e01kx.jpg,
https://wx3.sinaimg.cn/large/699a48a7ly1hirfoi65kjj21jka877wk.jpg,
https://wx3.sinaimg.cn/large/699a48a7ly1hirfpgou4sj23k02dckjm.jpg,
https://wx3.sinaimg.cn/large/70745653ly1hn1f41bf9pj20cf0zujw7.jpg,
https://wx3.sinaimg.cn/large/70745653ly1hn1f43opv4j20um1pagxo.jpg,
https://wx3.sinaimg.cn/large/70745653ly1hpycr1k82tj20m80vadol.jpg,
https://wx3.sinaimg.cn/large/70745653ly1hpycrd8wstj20m80h7gpm.jpg,
https://wx3.sinaimg.cn/large/70745653ly1hpycrgfovtj20m80fygrb.jpg,
https://wx3.sinaimg.cn/large/70745653ly1hpycri8sk5j20m80s5ah0.jpg,
https://wx3.sinaimg.cn/large/70745653ly1hpzfeo7jfxj20tn0m87l2.jpg,
https://wx3.sinaimg.cn/large/70745653ly1hpzfepee34j20m80v4avd.jpg,
https://wx3.sinaimg.cn/large/70745653ly1hpzferwg72j20m80v4tqg.jpg,
https://wx3.sinaimg.cn/large/70745653ly1hpzfga7e5aj20m84zynie.jpg,
https://wx3.sinaimg.cn/large/70a70139gy1him2y39x4zj20u0190ags.jpg,
https://wx3.sinaimg.cn/large/70a70139gy1him2y4ll3mj20u0190th3.jpg,
https://wx3.sinaimg.cn/large/7225ade5gy1hrdnogghjoj20u0140464.jpg,
https://wx3.sinaimg.cn/large/7225ade5ly1hq6he9q9avj25eo31i7wm.jpg,
https://wx3.sinaimg.cn/large/7225ade5ly1hq9z7ejjwmj22bc3gy7wk.jpg,
https://wx3.sinaimg.cn/large/7225ade5ly1hq9z7o376ij22bc4mohdw.jpg,
https://wx3.sinaimg.cn/large/7225ade5ly1hq9z8e5168j24nv23hhdw.jpg,
https://wx3.sinaimg.cn/large/73e19c1fgy1hnu9z9ggg5j22xs4eo4qu.jpg,
https://wx3.sinaimg.cn/large/74b75cf5gy1hqfrhwz1z8j235s23vkjn.jpg,
https://wx3.sinaimg.cn/large/74b75cf5gy1hqfri14rwqj223u35shdv.jpg,
https://wx3.sinaimg.cn/large/74b75cf5gy1hqfri2c85xj21wwaiye8a.jpg,
https://wx3.sinaimg.cn/large/75b61b3bgy1hnyvktvgxoj21jk2bc7wh.jpg,
https://wx3.sinaimg.cn/large/75b61b3bgy1hnyvn34adoj20u01a2anb.jpg,
https://wx3.sinaimg.cn/large/7c8c69fdgy1hqb7po6vn8j21900u0k0j.jpg,
https://wx3.sinaimg.cn/large/7c8c69fdgy1hqb7ptabf4j21910u0jxi.jpg,
https://wx3.sinaimg.cn/large/7c8c69fdgy1hqb7pxg6rdj21910u0wme.jpg,
https://wx3.sinaimg.cn/large/7c8c69fdgy1hqb7py4fxtj218z0u0q8r.jpg,
https://wx3.sinaimg.cn/large/7c8c69fdgy1hqb7pyu8s3j20u0190q99.jpg,
https://wx3.sinaimg.cn/large/7c8c69fdgy1hqb7pzmdovj20zs0tzn5s.jpg,
https://wx3.sinaimg.cn/large/7c8c69fdgy1hqb7q1kqo5j20u018zdmh.jpg,
https://wx3.sinaimg.cn/large/7c8c69fdgy1hqoqm9k2izj21400u0dkw.jpg,
https://wx3.sinaimg.cn/large/7c8c69fdly1hmgefd84cwj21o02you0y.jpg,
https://wx3.sinaimg.cn/large/7d6f5225ly1hkz297atg2j223u35s7wm.jpg,
https://wx3.sinaimg.cn/large/7d6f5225ly1hkz29e6v4fj223u34vb2c.jpg,
https://wx3.sinaimg.cn/large/80cee659gy1hqzifbea3jj24o033sb2c.jpg,
https://wx3.sinaimg.cn/large/80cee659gy1hqzifc2y37j24o02jj4qt.jpg,
https://wx3.sinaimg.cn/large/80cee659gy1hqzifcej2dj24o033s4qt.jpg,
https://wx3.sinaimg.cn/large/83655020gy1hr2q151h8mg20qo0f04qw.gif,
https://wx3.sinaimg.cn/large/83655020gy1hr2q15ydplg20qo0f0e8a.gif,
https://wx3.sinaimg.cn/large/83655020gy1hr2qethfxlg20qo0f07wr.gif,
https://wx3.sinaimg.cn/large/8a05f948gy1hql2ap66sqj20jg0jg0uo.jpg,
https://wx3.sinaimg.cn/large/8a05f948gy1hql2aqxav1j20ewcn27up.jpg,
https://wx3.sinaimg.cn/large/8a05f948gy1hql2arkmxvj20czcm9hdt.jpg,
https://wx3.sinaimg.cn/large/9d7f55dagy1hiuzvem3qlj214b0u0gs2.jpg,
https://wx3.sinaimg.cn/large/9d7f55dagy1hiuzvi4rbyj20u01ajwlu.jpg,
https://wx3.sinaimg.cn/large/a2904053gy1hq4ckapzmwj247s6bkqvh.jpg,
https://wx3.sinaimg.cn/large/a2904053gy1hqslmoxfomj21401hcb29.jpg,
https://wx3.sinaimg.cn/large/a2904053gy1hqslmya03yj21401hcb29.jpg,
https://wx3.sinaimg.cn/large/a2904053gy1hqslo6wpo3j21401hcb29.jpg,
https://wx3.sinaimg.cn/large/a2904053gy1hqslog7wrij21401hc7wh.jpg,
https://wx3.sinaimg.cn/large/a66d0169ly8hl19xkg0dsj20zk1z0nf9.jpg,
https://wx3.sinaimg.cn/large/a66d0169ly8hl19xlbj4mj20zk2tpkja.jpg,
https://wx3.sinaimg.cn/large/a66d0169ly8hl19xmsl0jj20zk201az6.jpg,
https://wx3.sinaimg.cn/large/a7ae4aacgy1hiozs7v9dij21qi15o7wh.jpg,
https://wx3.sinaimg.cn/large/a7ae4aacgy1hiozscct1kj21qi15oe81.jpg,
https://wx3.sinaimg.cn/large/a7ae4aacgy1hiozsfj7rlj21qh15o4qp.jpg,
https://wx3.sinaimg.cn/large/a7ae4aacgy1hiozsgo4kbj21qi15oe81.jpg,
https://wx3.sinaimg.cn/large/a7ae4aacgy1hiozsmkj30j21qi15ob29.jpg,
https://wx3.sinaimg.cn/large/a7ae4aacgy1hiozspf2rrj21qi15oe81.jpg,
https://wx3.sinaimg.cn/large/a9791828gy1hqhz0ayp5wj20wi1ghh4e.jpg,
https://wx3.sinaimg.cn/large/b1957e8bgy1gh6rdf72n7j21i32057wi.jpg,
https://wx3.sinaimg.cn/large/b1957e8bgy1gh6rdp4exgj21f21w2kjl.jpg,
https://wx3.sinaimg.cn/large/b1957e8bgy1gh6rdqvudkj21ej1vdkjl.jpg,
https://wx3.sinaimg.cn/large/b1957e8bgy1gh6rdsmhccj21o020k7wi.jpg,
https://wx3.sinaimg.cn/large/b1957e8bgy1hk9hmn3o9wj21o0280e81.jpg,
https://wx3.sinaimg.cn/large/b1957e8bgy1hms645ctcoj215o8q1x6u.jpg,
https://wx3.sinaimg.cn/large/b1957e8bgy1hmxgp6hps2j24ph74mqvj.jpg,
https://wx3.sinaimg.cn/large/b1957e8bgy1hmxgrp3n4ej24ju710x71.jpg,
https://wx3.sinaimg.cn/large/b1957e8bgy1hodt1n8to0j20tp1ab160.jpg,
https://wx3.sinaimg.cn/large/b1957e8bgy1hof8dnfjkkj22c0340npe.jpg,
https://wx3.sinaimg.cn/large/b1957e8bgy1hqyd60c03ej22dc35skjo.jpg,
https://wx3.sinaimg.cn/large/b1957e8bgy1hqyd63wim7j23402c01l1.jpg,
https://wx3.sinaimg.cn/large/b1957e8bgy1hqyd687uuoj22dc35snpi.jpg,
https://wx3.sinaimg.cn/large/b1957e8bgy1hqyd6m0v83j23402c0x6r.jpg,
https://wx3.sinaimg.cn/large/b1957e8bgy1hr1sbldtp4j20jg0vcdlq.jpg,
https://wx3.sinaimg.cn/large/b1957e8bgy1hr1scf6bisj21o0280npe.jpg,
https://wx3.sinaimg.cn/large/b1957e8bgy1hrc3qg35cvj21o026unpd.jpg,
https://wx3.sinaimg.cn/large/b1957e8bgy1hrejnvq2vej21o0280kjl.jpg,
https://wx3.sinaimg.cn/large/b1957e8bgy1hri1nicq3lj235s23unpf.jpg,
https://wx3.sinaimg.cn/large/b1957e8bgy1hri1s50ho1j235s23vkjn.jpg,
https://wx3.sinaimg.cn/large/b1957e8bgy1hrnvp7kay2j22801o0b29.jpg,
https://wx3.sinaimg.cn/large/b1957e8bgy1hrnwhoi3o1j22c0340x6r.jpg,
https://wx3.sinaimg.cn/large/b1957e8bgy1hrnwhsmq0vj21o027zx6p.jpg,
https://wx3.sinaimg.cn/large/b1957e8bgy1hrnwhwmgkqj21o0280kjm.jpg,
https://wx3.sinaimg.cn/large/b1957e8bgy1hswywcvzzsj20u01hb44o.jpg,
https://wx3.sinaimg.cn/large/b1957e8bgy1hsy1aiwet1j233a4eou11.jpg,
https://wx3.sinaimg.cn/large/b1957e8bgy1ht3txkr1ckj22xs4eo4qs.jpg,
https://wx3.sinaimg.cn/large/b1957e8bgy1ht3ty1szwuj24eo2hab2c.jpg,
https://wx3.sinaimg.cn/large/b1957e8bgy1htc2dwekinj22xu4eoqv9.jpg,
https://wx3.sinaimg.cn/large/b1957e8bgy1htc2e5xj89j24eo2xue83.jpg,
https://wx3.sinaimg.cn/large/b1957e8bgy1htc2ee23adj24eo2xukjn.jpg,
https://wx3.sinaimg.cn/large/b1957e8bgy1htc2ejxlmmj24eo2xub2b.jpg,
https://wx3.sinaimg.cn/large/b1957e8bgy1htc2emplnyj22xu4eo4qs.jpg,
https://wx3.sinaimg.cn/large/b1957e8bgy1htjy1s3noij22tc4801l2.jpg,
https://wx3.sinaimg.cn/large/b1957e8bgy1htncy902q8j22tc480e84.jpg,
https://wx3.sinaimg.cn/large/b1957e8bgy1htncyhk071j22tc480qvd.jpg,
https://wx3.sinaimg.cn/large/b1957e8bgy1htrxqvdmaej22c0340x6q.jpg,
https://wx3.sinaimg.cn/large/b1957e8bly1hiyewslzctj20cn35sb06.jpg,
https://wx3.sinaimg.cn/large/b1957e8bly1hiyey6qnjsj26b73jru17.jpg,
https://wx3.sinaimg.cn/large/b1957e8bly1hjq4dvgqnhj20sg19n1kx.jpg,
https://wx3.sinaimg.cn/large/b1957e8bly1hjuspqd2mrj21kvcmye8a.jpg,
https://wx3.sinaimg.cn/large/b1957e8bly1hjusr07pysj25hj334kjs.jpg,
https://wx3.sinaimg.cn/large/b1957e8bly1hkdaraomb8j21o0280u0x.jpg,
https://wx3.sinaimg.cn/large/b1957e8bly1hkdarl84ghj21o02804qq.jpg,
https://wx3.sinaimg.cn/large/b1957e8bly1hkfohs24r2j21o0280kjl.jpg,
https://wx3.sinaimg.cn/large/b1957e8bly1hkfoiaiww7j21j621lnpd.jpg,
https://wx3.sinaimg.cn/large/b1957e8bly1hkmjckfro9j22182t1u0y.jpg,
https://wx3.sinaimg.cn/large/b1957e8bly1hkmjcqbefnj21o02901kz.jpg,
https://wx3.sinaimg.cn/large/b1957e8bly1hkzb8blstrj223635sb2a.jpg,
https://wx3.sinaimg.cn/large/b1957e8bly1hkzb8y91pwj223u35skjm.jpg,
https://wx3.sinaimg.cn/large/b1957e8bly1hkzbbiwirsj235s1sc4qr.jpg,
https://wx3.sinaimg.cn/large/b1957e8bly1hl0fosnr69j24p571p7wt.jpg,
https://wx3.sinaimg.cn/large/b1957e8bly1hl1gwqm8ztj217s943b2d.jpg,
https://wx3.sinaimg.cn/large/b1957e8bly1hl1gx379vkj23344mlhdz.jpg,
https://wx3.sinaimg.cn/large/b1957e8bly1hl1gyp1h4kj23344mlu11.jpg,
https://wx3.sinaimg.cn/large/b1957e8bly1hl9f02h8flj21in20ux6p.jpg,
https://wx3.sinaimg.cn/large/b1957e8bly1hlgpmi5fssj26bb3liu15.jpg,
https://wx3.sinaimg.cn/large/b1957e8bly1hlgpo9q2pzj23q76bbe8c.jpg,
https://wx3.sinaimg.cn/large/b1957e8bly1hlgpoux3uhj235s1rz7wj.jpg,
https://wx3.sinaimg.cn/large/b1957e8bly1hls7y30r82j21o0280b29.jpg,
https://wx3.sinaimg.cn/large/b1957e8bly1hls7yttyzxj21o0280hdt.jpg,
https://wx3.sinaimg.cn/large/b1957e8bly1hm8jjcddwuj21o0280x6p.jpg,
https://wx3.sinaimg.cn/large/b1957e8bly1hmgh8hmsgzj20ne0dnk2y.jpg,
https://wx3.sinaimg.cn/large/b1957e8bly1hmiuncezsoj21o0280kjl.jpg,
https://wx3.sinaimg.cn/large/b1957e8bly1hmiv7iqpimj21o0280npd.jpg,
https://wx3.sinaimg.cn/large/b1957e8bly1hmivlwf9lyj21o0280kjl.jpg,
https://wx3.sinaimg.cn/large/b1957e8bly1hn71gbbahtj22by2winpf.jpg,
https://wx3.sinaimg.cn/large/b1957e8bly1hnaofbb5jdj21o02you0y.jpg,
https://wx3.sinaimg.cn/large/b1957e8bly1hnu7kajs1jj21o02804qq.jpg,
https://wx3.sinaimg.cn/large/b1957e8bly1hnu7kdi96ij21o02807wi.jpg,
https://wx3.sinaimg.cn/large/b1957e8bly1hnu7lcm1plj21o0280x6p.jpg,
https://wx3.sinaimg.cn/large/b1957e8bly1hnu7lhjh1nj222p2rlkjn.jpg,
https://wx3.sinaimg.cn/large/b1957e8bly1hnwo49w0slj20tf1fetlz.jpg,
https://wx3.sinaimg.cn/large/b1957e8bly1ho4ntqf4o9j223435rb2a.jpg,
https://wx3.sinaimg.cn/large/b1957e8bly1ho4ntt3d4dj233m22e1ky.jpg,
https://wx3.sinaimg.cn/large/b1957e8bly1ho4ntwg2ycj223u35skjm.jpg,
https://wx3.sinaimg.cn/large/b1957e8bly1ho82ew8z9oj21lt252hdt.jpg,
https://wx3.sinaimg.cn/large/b1957e8bly1hp5kmcdiqij21o02987wi.jpg,
https://wx3.sinaimg.cn/large/b1957e8bly1hp5kms5lhej21o029au0x.jpg,
https://wx3.sinaimg.cn/large/b1957e8bly1hp5kngywg6j21o02804qq.jpg,
https://wx3.sinaimg.cn/large/b1957e8bly1hpyqkwbpmgj25eo31ihdz.jpg,
https://wx3.sinaimg.cn/large/b1957e8bly1hpz9o5ah5wj23ls5eox6v.jpg,
https://wx3.sinaimg.cn/large/b1957e8bly1hpz9oknkrrj23ls5eokjs.jpg,
https://wx3.sinaimg.cn/large/b1957e8bly1hpz9p3z8f7j223u35skjm.jpg,
https://wx3.sinaimg.cn/large/b1957e8bly1hq0p383p47j226o1n0e81.jpg,
https://wx3.sinaimg.cn/large/b1957e8bly1hqkk9n8029j21o0280qv5.jpg,
https://wx3.sinaimg.cn/large/b1957e8bly1hqkk9w7l64j21o0280npd.jpg,
https://wx3.sinaimg.cn/large/b1957e8bly1hqkka3j7doj22c033zu0z.jpg,
https://wx3.sinaimg.cn/large/b1957e8bly1hqsuelotjhj20wi1yce81.jpg,
https://wx3.sinaimg.cn/large/b7bebc9agy1hhxob6igakj20vi0ztagt.jpg,
https://wx3.sinaimg.cn/large/b7bebc9agy1hhxob85dowj20vi0ztn56.jpg,
https://wx3.sinaimg.cn/large/c10eaf65gy1h0hdesjfgoj20n20yo79o.jpg,
https://wx3.sinaimg.cn/large/c5764812ly1hpwacnvhrvj23401r0npe.jpg,
https://wx3.sinaimg.cn/large/c6300a3aly1hiykzf3o2oj216b1pdh0t.jpg,
https://wx3.sinaimg.cn/large/c6300a3aly1hiykzg1yskj215q1p9qjp.jpg,
https://wx3.sinaimg.cn/large/c6300a3aly1hiykzhylgnj215u1o717w.jpg,
https://wx3.sinaimg.cn/large/c6300a3aly1hiykzj4uitj21541nawsr.jpg,
https://wx3.sinaimg.cn/large/c6300a3aly1hn686sl2mdj22c034rb2b.jpg,
https://wx3.sinaimg.cn/large/cff92cfcgy1hrbqmv5vd9j23ls5eo7wv.jpg,
https://wx3.sinaimg.cn/large/cff92cfcgy1htl9e1gtgqj22c0340hdw.jpg,
https://wx3.sinaimg.cn/large/cff92cfcgy1htl9e5nurfj22c03401l0.jpg,
https://wx3.sinaimg.cn/large/cff92cfcgy1htl9e6skp9j22c0340npg.jpg,
https://wx3.sinaimg.cn/large/cff92cfcgy1htl9e9jp4mj21sc2dsnpe.jpg,
https://wx3.sinaimg.cn/large/cff92cfcly1hqb91nvtvjj23ls5eonpk.jpg,
https://wx3.sinaimg.cn/large/cff92cfcly1hqb92qul2lj23ls5eox6w.jpg,
https://wx3.sinaimg.cn/large/cff92cfcly1hqb94ali63j25eo3lskjs.jpg,
https://wx3.sinaimg.cn/large/cff92cfcly1hqb959clahj25eo3lsqvc.jpg,
https://wx3.sinaimg.cn/large/cff92cfcly1hqb96ku6jaj23ls5eox6x.jpg,
https://wx3.sinaimg.cn/large/cff92cfcly1hrbqvxjpk8j23ls5eoe89.jpg,
https://wx3.sinaimg.cn/large/d450c09fgy1hl2hduev7pj22tc4804qs.jpg,
https://wx3.sinaimg.cn/large/d450c09fgy1hl2hdyn8jzj22tc480qv7.jpg,
https://wx3.sinaimg.cn/large/d450c09fgy1hl2he6gvsdj24802tc4qt.jpg,
https://wx3.sinaimg.cn/large/d450c09fgy1hl2heawysyj24802tc1l0.jpg,
https://wx3.sinaimg.cn/orj480/6f5f4997gy1hqvyqrvflej21o0281hdt.jpg,
https://wx3.sinaimg.cn/orj480/b1957e8bgy1htpurozvxej20u0141ake.jpg,
https://wx3.sinaimg.cn/orj480/b1957e8bly1hizzq2sebwj20u01hcqd7.jpg,
https://wx3.sinaimg.cn/orj480/b1957e8bly1hkvsw27kirj20u0140drh.jpg,
https://wx3.sinaimg.cn/orj480/b1957e8bly1hqb7fhuq64j20u0141gx0.jpg,
https://wx3.sinaimg.cn/orj480/b1957e8bly1hqnw1kdawwj21hc0u0n7m.jpg,
https://wx4.sinaimg.cn/large/002TLsr9ly1hkrtr100ldj60u00u0du002.jpg,
https://wx4.sinaimg.cn/large/002TLsr9ly1hkrtr1kw6sj60u01hcu0x02.jpg,
https://wx4.sinaimg.cn/large/002TLsr9ly1hkrtr1okuzj60u01hcx6p02.jpg,
https://wx4.sinaimg.cn/large/002TLsr9ly1hkrtr1splcj60u01hc4qq02.jpg,
https://wx4.sinaimg.cn/large/002TLsr9ly1hr4r7sabx0j609y0c90v202.jpg,
https://wx4.sinaimg.cn/large/005NJtcdly1ho4ef2ldfvj328o3d01kz.jpg,
https://wx4.sinaimg.cn/large/005NJtcdly1ho4ef77um6j32pw42u7wl.jpg,
https://wx4.sinaimg.cn/large/005NJtcdly1ho4efi1496j32pw42u4qt.jpg,
https://wx4.sinaimg.cn/large/005NJtcdly1ho4efmbvg9j32pw42u4qt.jpg,
https://wx4.sinaimg.cn/large/005NJtcdly1ho4efx712tj32pw42ub2d.jpg,
https://wx4.sinaimg.cn/large/0060SqPlgy1hu4wrsfx83j32wi4crnpi.jpg,
https://wx4.sinaimg.cn/large/0060SqPlgy1hu4wruw339j30rs6c67wj.jpg,
https://wx4.sinaimg.cn/large/0060SqPlgy1hu4wrx36t1j32wi4crb2f.jpg,
https://wx4.sinaimg.cn/large/0060SqPlgy1hu4wryyrunj32wi4cr4qt.jpg,
https://wx4.sinaimg.cn/large/0060SqPlgy1hu4ws2vufkj34cr2wihdx.jpg,
https://wx4.sinaimg.cn/large/0060SqPlgy1hu4ws7i39mj32wi4crb2g.jpg,
https://wx4.sinaimg.cn/large/0060SqPlgy1hu4wsirx58j32nz4qohe0.jpg,
https://wx4.sinaimg.cn/large/006Kr4T6gy1hk6b01npiaj30u091anpe.jpg,
https://wx4.sinaimg.cn/large/006NEklqgy1ho5evbz0usj323w35snpf.jpg,
https://wx4.sinaimg.cn/large/006NEklqgy1ho5evqogl9j323w35s000.jpg,
https://wx4.sinaimg.cn/large/006ORsaigy1hrflvn4ovdj30wi1ycapz.jpg,
https://wx4.sinaimg.cn/large/006ORsaigy1hsuih8rm2cj33344monpj.jpg,
https://wx4.sinaimg.cn/large/006ORsaigy1hsuihaijs3j344f2bhqv7.jpg,
https://wx4.sinaimg.cn/large/006ORsaigy1hsuiheeowtj34mo2lr7wl.jpg,
https://wx4.sinaimg.cn/large/006ORsaigy1hsuihg93umj348b2tjkjo.jpg,
https://wx4.sinaimg.cn/large/006ORsaigy1ht2kwvfwsjj32yo3y81l1.jpg,
https://wx4.sinaimg.cn/large/006ZKgvuly1hr3wz8jegkj31jk1kyqdi.jpg,
https://wx4.sinaimg.cn/large/006cMLAgly1hno973zs7bj30qo0qo7bd.jpg,
https://wx4.sinaimg.cn/large/006gFbJ7gy1hr20s3i2yej31o0280u0x.jpg,
https://wx4.sinaimg.cn/large/006ixwxngy1hmdvtmvvz9j325u1104qp.jpg,
https://wx4.sinaimg.cn/large/006yPoYygy1hjkcuimnnsj30xc1jk4mb.jpg,
https://wx4.sinaimg.cn/large/006yPoYygy1hqi3faj7ggj30xc1jkh87.jpg,
https://wx4.sinaimg.cn/large/006yPoYygy1hqi3fedasfg30k00et7wj.gif,
https://wx4.sinaimg.cn/large/008a4Igcgy1hlaf26htrfj30v01b410h.jpg,
https://wx4.sinaimg.cn/large/008a4Igcgy1hlaf2801qxj31sb16uqv6.jpg,
https://wx4.sinaimg.cn/large/008dhgDsly1hjchacj4w7j35eo1ir1l1.jpg,
https://wx4.sinaimg.cn/large/008dhgDsly1hjchd45m2aj34r7365npm.jpg,
https://wx4.sinaimg.cn/large/008dhgDsly1hjchdnd30oj33ls5eoqvj.jpg,
https://wx4.sinaimg.cn/large/008lgPsGgy1hj7dgqf5twj333420xx6q.jpg,
https://wx4.sinaimg.cn/large/008npIJTgy1ht4f4hpsuyg30k00p2x72.gif,
https://wx4.sinaimg.cn/large/008y48Z1gy1hr8uz5p6txj30ku4k8hdt.jpg,
https://wx4.sinaimg.cn/large/008y48Z1gy1hrnvdr2nefj34eo2xuhdv.jpg,
https://wx4.sinaimg.cn/large/3c2921c8ly1hjehx9bosij26673c3npl.jpg,
https://wx4.sinaimg.cn/large/3c2921c8ly1hjeinunpooj21mc5hib2c.jpg,
https://wx4.sinaimg.cn/large/3c2921c8ly1hjeiobd4x7j243c64wkjx.jpg,
https://wx4.sinaimg.cn/large/3c2921c8ly1hjeioxqh2oj20u028y4qp.jpg,
https://wx4.sinaimg.cn/large/3c2921c8ly1hjeipbly9yj27v14f7qvg.jpg,
https://wx4.sinaimg.cn/large/3c2921c8ly1hjq6k8qwzaj25q12hle87.jpg,
https://wx4.sinaimg.cn/large/3c2921c8ly1hjq6kfnz8xj23244l6npk.jpg,
https://wx4.sinaimg.cn/large/3c2921c8ly1hjq6kqtargj230q4dhb2e.jpg,
https://wx4.sinaimg.cn/large/3c2921c8ly1hjq6l1tc78j23j25alqvc.jpg,
https://wx4.sinaimg.cn/large/3c2921c8ly1hjq6le8wwmj25d52bzx6u.jpg,
https://wx4.sinaimg.cn/large/51806b25ly1hlontusr15j216h0u0wl7.jpg,
https://wx4.sinaimg.cn/large/51806b25ly1hlontvcgo3j20u0190dll.jpg,
https://wx4.sinaimg.cn/large/51806b25ly1hlonu2ukefj21900u0n59.jpg,
https://wx4.sinaimg.cn/large/51806b25ly1hlonuc3wfnj21900u046h.jpg,
https://wx4.sinaimg.cn/large/51806b25ly1hlonug6a1yj21410u07b3.jpg,
https://wx4.sinaimg.cn/large/51806b25ly1hlonuha01oj20u0140gq6.jpg,
https://wx4.sinaimg.cn/large/6000b413ly1hrhmhtme8mj20u00ap3z1.jpg,
https://wx4.sinaimg.cn/large/6000b413ly1hrhmhtxz8fj20u00jj766.jpg,
https://wx4.sinaimg.cn/large/6000b413ly1hrhmhu0e1uj20u00nl0v9.jpg,
https://wx4.sinaimg.cn/large/62ff67c7gy1hkdg1lb8ovj21o0280npe.jpg,
https://wx4.sinaimg.cn/large/62ff67c7gy1hkdg1nymnjj21o02804qq.jpg,
https://wx4.sinaimg.cn/large/62ff67c7gy1hkdg1st06kj21o0280b2b.jpg,
https://wx4.sinaimg.cn/large/62ff67c7gy1hkdg1v0amjj22c02c04qq.jpg,
https://wx4.sinaimg.cn/large/678076bfgy1hl1f5ntb3nj21jk1114qp.jpg,
https://wx4.sinaimg.cn/large/678076bfgy1hl1f5rma80j21jk2bb7wh.jpg,
https://wx4.sinaimg.cn/large/678076bfgy1hl1f5t3jqej21jk2bb4qp.jpg,
https://wx4.sinaimg.cn/large/699a48a7ly1hirfn6lynzj21e0230axs.jpg,
https://wx4.sinaimg.cn/large/70745653ly1hn1f42algfj20es0u0dnd.jpg,
https://wx4.sinaimg.cn/large/70745653ly1hn1f434o28j20kl1wkk4c.jpg,
https://wx4.sinaimg.cn/large/70745653ly1hn1f44s0q2j22k829a1kx.jpg,
https://wx4.sinaimg.cn/large/70745653ly1hn1f4a6oxtj22o51zdb2c.jpg,
https://wx4.sinaimg.cn/large/70745653ly1hpycr36zh9j20m8129woa.jpg,
https://wx4.sinaimg.cn/large/70a70139gy1him2xxjcn7j21800u07ck.jpg,
https://wx4.sinaimg.cn/large/70a70139gy1him2y4gr25j21900u0do6.jpg,
https://wx4.sinaimg.cn/large/7225ade5gy1hrdnofz7j6j20u014010d.jpg,
https://wx4.sinaimg.cn/large/7225ade5ly1hq6hd6ynolj25eo31i1l3.jpg,
https://wx4.sinaimg.cn/large/7225ade5ly1hq6hdw7tdej23ls5eohdz.jpg,
https://wx4.sinaimg.cn/large/7225ade5ly1hq6he3ikgrj268e3i8e87.jpg,
https://wx4.sinaimg.cn/large/7225ade5ly1hq6hfig9oxj21ha0tzx3v.jpg,
https://wx4.sinaimg.cn/large/7225ade5ly1hq9z7ic8p6j22bc1jlx6q.jpg,
https://wx4.sinaimg.cn/large/7225ade5ly1hq9z88zglkj22p93bre83.jpg,
https://wx4.sinaimg.cn/large/7237ccd4gy1hiphlawawej20u0140gsq.jpg,
https://wx4.sinaimg.cn/large/7237ccd4gy1hiphlckksaj20u0140jyv.jpg,
https://wx4.sinaimg.cn/large/7237ccd4gy1hislrnngb5j20u0140gt0.jpg,
https://wx4.sinaimg.cn/large/74b75cf5gy1hqfrhzb00wj235s23vx6r.jpg,
https://wx4.sinaimg.cn/large/74b75cf5gy1hqfri038d3j223v35s7wk.jpg,
https://wx4.sinaimg.cn/large/74b75cf5gy1hqfri2nrskj243c64wqve.jpg,
https://wx4.sinaimg.cn/large/75b61b3bgy1hnyvkolchaj21jk2bcu0x.jpg,
https://wx4.sinaimg.cn/large/75b61b3bgy1hnyvkprfzcj20o80wbgsx.jpg,
https://wx4.sinaimg.cn/large/7c8c69fdgy1hqb7pqdtpbj20qo0zkafk.jpg,
https://wx4.sinaimg.cn/large/7c8c69fdgy1hqb7pwno2ij20u019244p.jpg,
https://wx4.sinaimg.cn/large/7c8c69fdly1hmgef7xgkcj21la2tue82.jpg,
https://wx4.sinaimg.cn/large/7d6f5225ly1hkz29qh58pj227935sb2d.jpg,
https://wx4.sinaimg.cn/large/7e2ee8bdly1htgkbrknnkj22sw0u0qp4.jpg,
https://wx4.sinaimg.cn/large/83655020gy1hr2q191mq5g20qo0f07x1.gif,
https://wx4.sinaimg.cn/large/83655020gy1hr2qd8n9o5g20qo0f0b2o.gif,
https://wx4.sinaimg.cn/large/8a05f948gy1hql2ap5idij20jg0jggnt.jpg,
https://wx4.sinaimg.cn/large/8a05f948gy1hql2ar22i6j213y6z07wh.jpg,
https://wx4.sinaimg.cn/large/8a05f948gy1hql2aza9cdj20imcn0qv7.jpg,
https://wx4.sinaimg.cn/large/9d7f55dagy1hiuzvdw2s3j20u012gn2l.jpg,
https://wx4.sinaimg.cn/large/a2904053gy1hq4cioq8z0j23hi586x6r.jpg,
https://wx4.sinaimg.cn/large/a2904053gy1hq4cjn6sqtj26bk47se8c.jpg,
https://wx4.sinaimg.cn/large/a2904053gy1hq4ckmct5uj23k02ddx6p.jpg,
https://wx4.sinaimg.cn/large/a2904053gy1hq4d4jxwl1j223i358qv5.jpg,
https://wx4.sinaimg.cn/large/a2904053gy1hqslnfpj6gj21401hc7wh.jpg,
https://wx4.sinaimg.cn/large/a66d0169ly8hl19xj5or9j20zk30xkha.jpg,
https://wx4.sinaimg.cn/large/a66d0169ly8hl19xmcr81j20zk2tl1kx.jpg,
https://wx4.sinaimg.cn/large/a66d0169ly8hl19xo4rojj247s6bknpf.jpg,
https://wx4.sinaimg.cn/large/a7ae4aacgy1hiozsdw3uaj215o1qi4qp.jpg,
https://wx4.sinaimg.cn/large/a7b7d1cegy1hpxcsq8mj6j228g2za4qr.jpg,
https://wx4.sinaimg.cn/large/a7b7d1cegy1hpxcsrj9u2j21q22arb2a.jpg,
https://wx4.sinaimg.cn/large/a9791828gy1hkd14am55xj216o1kw4qp.jpg,
https://wx4.sinaimg.cn/large/a9791828gy1hnohf8knooj20sg2dcx6p.jpg,
https://wx4.sinaimg.cn/large/a9791828gy1hnohg1gf2yj223u35s4qw.jpg,
https://wx4.sinaimg.cn/large/a9791828gy1hnohg6ippzj235s23uqva.jpg,
https://wx4.sinaimg.cn/large/a9791828gy1hnohgxps91j235s2dc1l3.jpg,
https://wx4.sinaimg.cn/large/a9791828gy1hqhyfccy39j21o0280x6q.jpg,
https://wx4.sinaimg.cn/large/a9791828gy1hqhygua71aj22801o0u0y.jpg,
https://wx4.sinaimg.cn/large/a9791828gy1hqhykscztkj21o02807wi.jpg,
https://wx4.sinaimg.cn/large/b1957e8bgy1gh6rdledyfj21mx26jkjm.jpg,
https://wx4.sinaimg.cn/large/b1957e8bgy1hk9hmoo1pwj21o0280e81.jpg,
https://wx4.sinaimg.cn/large/b1957e8bgy1hk9hmtabwkj22c0340x6p.jpg,
https://wx4.sinaimg.cn/large/b1957e8bgy1hkbvop2fm1j23402c01kz.jpg,
https://wx4.sinaimg.cn/large/b1957e8bgy1hlbna2o4j3j21w82iy4qq.jpg,
https://wx4.sinaimg.cn/large/b1957e8bgy1hmog58n3vwj223w35shdu.jpg,
https://wx4.sinaimg.cn/large/b1957e8bgy1hmog5gz6fhj226m35su0y.jpg,
https://wx4.sinaimg.cn/large/b1957e8bgy1hmog66vi85j223w35ru0y.jpg,
https://wx4.sinaimg.cn/large/b1957e8bgy1hmx022rv9wj278b4kuqvh.jpg,
https://wx4.sinaimg.cn/large/b1957e8bgy1hmx038qjjtj271v4fknpq.jpg,
https://wx4.sinaimg.cn/large/b1957e8bgy1hmxglse5ccj26nd49pb2k.jpg,
https://wx4.sinaimg.cn/large/b1957e8bgy1hmxgqmfx89j24w06ir4r2.jpg,
https://wx4.sinaimg.cn/large/b1957e8bgy1hmxgralq5zj278m4khhe6.jpg,
https://wx4.sinaimg.cn/large/b1957e8bgy1hof8dzih9hj20n10uqgr0.jpg,
https://wx4.sinaimg.cn/large/b1957e8bgy1hqyd6brquvj235s2dc4qs.jpg,
https://wx4.sinaimg.cn/large/b1957e8bgy1hqyd6gfow0j23402c0hdv.jpg,
https://wx4.sinaimg.cn/large/b1957e8bgy1hqyd6ig0drj22c03404qr.jpg,
https://wx4.sinaimg.cn/large/b1957e8bgy1hqyd6pf2x7j22pc35qx6r.jpg,
https://wx4.sinaimg.cn/large/b1957e8bgy1hqyd6vul41j22c0340hdw.jpg,
https://wx4.sinaimg.cn/large/b1957e8bgy1hr1r5guyy7j22c03401kz.jpg,
https://wx4.sinaimg.cn/large/b1957e8bgy1hr1sccq4y2j21o0280x6p.jpg,
https://wx4.sinaimg.cn/large/b1957e8bgy1hri1n3q96cj20tn18ggx5.jpg,
https://wx4.sinaimg.cn/large/b1957e8bgy1hri1o7uav3j235s23wkjn.jpg,
https://wx4.sinaimg.cn/large/b1957e8bgy1hri1roqgpqj235s23te83.jpg,
https://wx4.sinaimg.cn/large/b1957e8bgy1hri1rvk6bfj21o0280npd.jpg,
https://wx4.sinaimg.cn/large/b1957e8bgy1hri1sk1k49j235s23wb2b.jpg,
https://wx4.sinaimg.cn/large/b1957e8bgy1hrnwh6gv52j21o0280u0x.jpg,
https://wx4.sinaimg.cn/large/b1957e8bgy1hswywi61hfj24eo2xs1l0.jpg,
https://wx4.sinaimg.cn/large/b1957e8bgy1hswywu7ykbj22wy4eoqv8.jpg,
https://wx4.sinaimg.cn/large/b1957e8bgy1hswz07nf99j20wi17cdqv.jpg,
https://wx4.sinaimg.cn/large/b1957e8bgy1hsy191cs3yj22ne4eox6u.jpg,
https://wx4.sinaimg.cn/large/b1957e8bgy1hsy19ukbsnj22yv4eohdy.jpg,
https://wx4.sinaimg.cn/large/b1957e8bgy1hsy1a1e7qcj23524b5x6t.jpg,
https://wx4.sinaimg.cn/large/b1957e8bgy1hsy1a4vtt4j24eo2w6hdy.jpg,
https://wx4.sinaimg.cn/large/b1957e8bgy1hsy1a8wy9vj24eo2qxkjp.jpg,
https://wx4.sinaimg.cn/large/b1957e8bgy1hsy1aev1fej24eo3587wn.jpg,
https://wx4.sinaimg.cn/large/b1957e8bgy1ht3txpgkshj22vz4eoe83.jpg,
https://wx4.sinaimg.cn/large/b1957e8bgy1ht641rr6hij20pw0qojt7.jpg,
https://wx4.sinaimg.cn/large/b1957e8bgy1htc2drs2qgj24eo2xub2b.jpg,
https://wx4.sinaimg.cn/large/b1957e8bgy1htc2e1hucdj22xu4eo1l0.jpg,
https://wx4.sinaimg.cn/large/b1957e8bgy1htc2ea2ahxj24eo2xuqv7.jpg,
https://wx4.sinaimg.cn/large/b1957e8bgy1htfauwfztwj21mm266b29.jpg,
https://wx4.sinaimg.cn/large/b1957e8bgy1htjy0w9dexj22tc480hdx.jpg,
https://wx4.sinaimg.cn/large/b1957e8bgy1htjy20xyysj22tc480kjp.jpg,
https://wx4.sinaimg.cn/large/b1957e8bgy1htncy5lc0gj22tc480u0z.jpg,
https://wx4.sinaimg.cn/large/b1957e8bgy1htncyng5a8j24802tckjp.jpg,
https://wx4.sinaimg.cn/large/b1957e8bgy1huf4h34wegj21o0280e82.jpg,
https://wx4.sinaimg.cn/large/b1957e8bgy1huf4h8faexj21o0280b2a.jpg,
https://wx4.sinaimg.cn/large/b1957e8bly1hisn1ejs61j23401r0qv5.jpg,
https://wx4.sinaimg.cn/large/b1957e8bly1hj8uj8sygij23402c04qr.jpg,
https://wx4.sinaimg.cn/large/b1957e8bly1hj8ujavfmyj23402c07wj.jpg,
https://wx4.sinaimg.cn/large/b1957e8bly1hjizw6c3j7j20tz10jh0e.jpg,
https://wx4.sinaimg.cn/large/b1957e8bly1hjoread75xj21ny2u0qv5.jpg,
https://wx4.sinaimg.cn/large/b1957e8bly1hjori74h73j21o02804qq.jpg,
https://wx4.sinaimg.cn/large/b1957e8bly1hjorik3ypxj21o02807wi.jpg,
https://wx4.sinaimg.cn/large/b1957e8bly1hjq4f76thmj25eo3ls4qw.jpg,
https://wx4.sinaimg.cn/large/b1957e8bly1hjq4fm4nctj24re3eakjq.jpg,
https://wx4.sinaimg.cn/large/b1957e8bly1hjq4fsyr92j256k3464qx.jpg,
https://wx4.sinaimg.cn/large/b1957e8bly1hjuthgogqqj23344ml1l3.jpg,
https://wx4.sinaimg.cn/large/b1957e8bly1hjutijfn6wj24ml2lq4qt.jpg,
https://wx4.sinaimg.cn/large/b1957e8bly1hkdasdtt3rj21hb27ykjl.jpg,
https://wx4.sinaimg.cn/large/b1957e8bly1hkdaswaj46j21o0280b2a.jpg,
https://wx4.sinaimg.cn/large/b1957e8bly1hkfohonsklj21o0280kjl.jpg,
https://wx4.sinaimg.cn/large/b1957e8bly1hkfoi3myvcj21o0280kjl.jpg,
https://wx4.sinaimg.cn/large/b1957e8bly1hki3wacaofj21tg2fa1ky.jpg,
https://wx4.sinaimg.cn/large/b1957e8bly1hkmjce8apaj21o0280hdu.jpg,
https://wx4.sinaimg.cn/large/b1957e8bly1hkmjcvi5ktj21o0280kjm.jpg,
https://wx4.sinaimg.cn/large/b1957e8bly1hkmjd5y9lhj22c0340e85.jpg,
https://wx4.sinaimg.cn/large/b1957e8bly1hkzb71rsdjj223u35s1kz.jpg,
https://wx4.sinaimg.cn/large/b1957e8bly1hkzb7b3afej222j35shdu.jpg,
https://wx4.sinaimg.cn/large/b1957e8bly1hl0fn1slx6j27e74okx73.jpg,
https://wx4.sinaimg.cn/large/b1957e8bly1hl0fn9yizvj24sv77bkjw.jpg,
https://wx4.sinaimg.cn/large/b1957e8bly1hl0fnm3c0uj24jn6av4r1.jpg,
https://wx4.sinaimg.cn/large/b1957e8bly1hl0foy9eofj24w06mmnpl.jpg,
https://wx4.sinaimg.cn/large/b1957e8bly1hl1gwfyujnj25222ufnpj.jpg,
https://wx4.sinaimg.cn/large/b1957e8bly1hl1gxqpofnj23344mlhdy.jpg,
https://wx4.sinaimg.cn/large/b1957e8bly1hl9eze8h6vj21o0280u0x.jpg,
https://wx4.sinaimg.cn/large/b1957e8bly1hlgpl49f3nj23g864wb2k.jpg,
https://wx4.sinaimg.cn/large/b1957e8bly1hlgpm14rcjj23g864w7ww.jpg,
https://wx4.sinaimg.cn/large/b1957e8bly1hlgpp7lvyij264w3g81l7.jpg,
https://wx4.sinaimg.cn/large/b1957e8bly1hlgpr4vij9j264w43cnpo.jpg,
https://wx4.sinaimg.cn/large/b1957e8bly1hlgprclk9yj23g864wb2o.jpg,
https://wx4.sinaimg.cn/large/b1957e8bly1hls7ycprklj21o0280u0x.jpg,
https://wx4.sinaimg.cn/large/b1957e8bly1hls7yitur3j21o0280u0x.jpg,
https://wx4.sinaimg.cn/large/b1957e8bly1hls7yqwu1sj21o0280x6q.jpg,
https://wx4.sinaimg.cn/large/b1957e8bly1hm8jjrtfx6j21o0280e82.jpg,
https://wx4.sinaimg.cn/large/b1957e8bly1hm8jkawftyj22801o0x6q.jpg,
https://wx4.sinaimg.cn/large/b1957e8bly1hmghb32nsoj24mo336x6r.jpg,
https://wx4.sinaimg.cn/large/b1957e8bly1hmiuusgof9j21o0280u0x.jpg,
https://wx4.sinaimg.cn/large/b1957e8bly1hnpp9jf4zkj20ws17o15y.jpg,
https://wx4.sinaimg.cn/large/b1957e8bly1hnpp9n7u9ij23402c0x6q.jpg,
https://wx4.sinaimg.cn/large/b1957e8bly1hnu7juc0jyj21o02804qq.jpg,
https://wx4.sinaimg.cn/large/b1957e8bly1hnu7jx19j9j21o02801ky.jpg,
https://wx4.sinaimg.cn/large/b1957e8bly1ho4nthu7g4j223434ohdu.jpg,
https://wx4.sinaimg.cn/large/b1957e8bly1ho4ntla7u8j223u35skjm.jpg,
https://wx4.sinaimg.cn/large/b1957e8bly1ho82enmbmsj21lv256qv5.jpg,
https://wx4.sinaimg.cn/large/b1957e8bly1ho82fchfkwj21o0280u0x.jpg,
https://wx4.sinaimg.cn/large/b1957e8bly1hp5kmzs6jaj235s23u4qs.jpg,
https://wx4.sinaimg.cn/large/b1957e8bly1hp5kn6blj6j21li280qv5.jpg,
https://wx4.sinaimg.cn/large/b1957e8bly1hpyqkh7vfxj23ls5eo4qw.jpg,
https://wx4.sinaimg.cn/large/b1957e8bly1hpz9orljaij25eo31ie87.jpg,
https://wx4.sinaimg.cn/large/b1957e8bly1hq7u3belz9j20sw17ctfx.jpg,
https://wx4.sinaimg.cn/large/b1957e8bly1hq7u3cn90oj21hd140aq9.jpg,
https://wx4.sinaimg.cn/large/b1957e8bly1hq8zc4p8wsj22801o0x6p.jpg,
https://wx4.sinaimg.cn/large/b1957e8bly1hq8zc9b2zlj20wi17cnau.jpg,
https://wx4.sinaimg.cn/large/b1957e8bly1hqkk9jjmbdj22801o0kjl.jpg,
https://wx4.sinaimg.cn/large/b1957e8bly1hqkk9qwxg3j21o0280npd.jpg,
https://wx4.sinaimg.cn/large/b1957e8bly1hqkkaj3e0wj22762xku0y.jpg,
https://wx4.sinaimg.cn/large/b7bebc9agy1hhxob5szntj20vi0ztdm6.jpg,
https://wx4.sinaimg.cn/large/c6300a3agy1hrhyfihdw9j21c82ds1ky.jpg,
https://wx4.sinaimg.cn/large/c6300a3aly1hiykzh2s73j216y1pn7iy.jpg,
https://wx4.sinaimg.cn/large/c6300a3aly1hn686oav6fj22c0352e83.jpg,
https://wx4.sinaimg.cn/large/c6300a3aly1hn686x1lhdj22c034j4qr.jpg,
https://wx4.sinaimg.cn/large/c6300a3aly1hn68719q86j21sc2dskjm.jpg,
https://wx4.sinaimg.cn/large/cff92cfcgy1hrbqwgatkhj23524trkjr.jpg,
https://wx4.sinaimg.cn/large/cff92cfcgy1htl9e2tv45j22c035f4qt.jpg,
https://wx4.sinaimg.cn/large/cff92cfcgy1htl9e4frxpj22c0340kjo.jpg,
https://wx4.sinaimg.cn/large/cff92cfcgy1htl9edekjjj21sc2ds1kz.jpg,
https://wx4.sinaimg.cn/large/cff92cfcgy1htl9efp0a6j21sc2dsu0y.jpg,
https://wx4.sinaimg.cn/large/cff92cfcly1hqb91s0uz1j215o6cq1kz.jpg,
https://wx4.sinaimg.cn/large/cff92cfcly1hqb937hce1j23ls5eohe1.jpg,
https://wx4.sinaimg.cn/large/cff92cfcly1hqb95szz4pj23ls5eonpk.jpg,
https://wx4.sinaimg.cn/large/cff92cfcly1hrbqerbjagj23664px4qv.jpg,
https://wx4.sinaimg.cn/large/cff92cfcly1hrbqfokh05j238m4il4qw.jpg,
https://wx4.sinaimg.cn/large/d450c09fgy1hl2hfum5mhj223u35skjm.jpg,
https://wx4.sinaimg.cn/large/d450c09fgy1hl2hguhdj2j22tc4801kz.jpg,
https://wx4.sinaimg.cn/orj480/008y48Z1gy1hnvmtrams4j30tz0gvh4d.jpg,
https://wx4.sinaimg.cn/orj480/7fbfbfdfgy1htkzrlj50yj20u00gv0us.jpg,
https://wx4.sinaimg.cn/orj480/b1957e8bgy1hr9u88cydyj20u01hcwqa.jpg,
https://wx4.sinaimg.cn/orj480/b1957e8bgy1ht0byvny68j20u01hcwu4.jpg,
https://wx4.sinaimg.cn/orj480/b1957e8bly1hktg7j385gj20u0141qcs.jpg,
https://wx4.sinaimg.cn/orj480/b1957e8bly1hmfhbfussej20u0140qhv.jpg,
https://wx4.sinaimg.cn/orj480/b1957e8bly1hnhirc2c5oj22yo1o0e81.jpg,
https://wx4.sinaimg.cn/orj480/b1957e8bly1hnt248hw71j20u00gxgt9.jpg,
https://wx4.sinaimg.cn/orj480/b1957e8bly1hqq9sbs92wj20u0141wpm.jpg