https://wx1.sinaimg.cn/large/002wa7f1gy1gujoqk3zwbj62au1o6u0x02.jpg,
https://wx1.sinaimg.cn/large/0069aRt1gy1gg3gg315w3j30p02m0u0x.jpg,
https://wx1.sinaimg.cn/large/9329726egy1hufbbkbwt8j22dc35ce83.jpg,
https://wx1.sinaimg.cn/large/9329726egy1hufbc41y0nj235s2dce83.jpg,
https://wx1.sinaimg.cn/large/a79732e9gy1hpp2dvoe52j235s35se82.jpg,
https://wx1.sinaimg.cn/large/a79732e9gy1hpp2fpk4jlj21e30wcqv5.jpg,
https://wx1.sinaimg.cn/large/a79732e9gy1hpp2fqrgbqj21e10w8u0x.jpg,
https://wx1.sinaimg.cn/large/a79732e9gy1hpp303euadj20yi0yi41a.jpg,
https://wx1.sinaimg.cn/large/a79732e9gy1hrt71mdwyuj21c20v07e8.jpg,
https://wx1.sinaimg.cn/large/a79732e9gy1hsins5001pj22kx3vb1kz.jpg,
https://wx1.sinaimg.cn/large/a79732e9gy1htubf7mbnsj23lg5e8qva.jpg,
https://wx1.sinaimg.cn/large/a79732e9gy1htubf9xv92j25eb3ljb2e.jpg,
https://wx1.sinaimg.cn/large/a79732e9gy1htubffalvtj23lj5ebhe0.jpg,
https://wx1.sinaimg.cn/large/a79732e9gy1hu0y9poyffj21jk12gh4h.jpg,
https://wx1.sinaimg.cn/large/a79732e9gy1hu0y9ty0rzj21c20v0wo8.jpg,
https://wx1.sinaimg.cn/large/a79732e9gy1hu0y9uqetej21b30u7hdt.jpg,
https://wx1.sinaimg.cn/large/a79732e9ly1hu873eujj6j235s2dcqv5.jpg,
https://wx1.sinaimg.cn/large/a79732e9ly1huce2b8f0sj224s33l4qq.jpg,
https://wx1.sinaimg.cn/orj480/0034hCFbgy1gujpd2kotnj60k00qojyc02.jpg,
https://wx1.sinaimg.cn/orj480/a79732e9gy1gdegwgvks1j20qo0f4dh5.jpg,
https://wx1.sinaimg.cn/orj480/a79732e9gy1h7kwzcbb6gj20k00qpdil.jpg,
https://wx1.sinaimg.cn/orj480/a79732e9gy1hnwluozbn9j20u01hcn86.jpg,
https://wx1.sinaimg.cn/orj480/a79732e9ly1flscibubtij20nq0dcmxo.jpg,
https://wx1.sinaimg.cn/orj480/a79732e9ly1fr44vez1e7j20f00qo0ts.jpg,
https://wx1.sinaimg.cn/orj480/a79732e9ly1g7bxzbm6j6j20g00lc3z5.jpg,
https://wx1.sinaimg.cn/orj480/a79732e9ly1hlhunyqtgdj22yo1o04qp.jpg,
https://wx2.sinaimg.cn/crop.0.138.1440.800/a79732e9gy1g1oipnitmtj21400u0qhz.jpg,
https://wx2.sinaimg.cn/crop.0.58.1137.632/a79732e9gy1gcq9w7sk9oj20vl0ks7bs.jpg,
https://wx2.sinaimg.cn/large/001V7zEegy1gtjhtq9zslj60sm0fo76k02.jpg,
https://wx2.sinaimg.cn/large/0069aRt1gy1gfuaxvxiqpj30p03kl4qr.jpg,
https://wx2.sinaimg.cn/large/0069aRt1gy1gfuay1lgkxj30p02gvu0x.jpg,
https://wx2.sinaimg.cn/large/0069aRt1gy1gfuay1pcjgj30p02pc4qq.jpg,
https://wx2.sinaimg.cn/large/0069aRt1gy1gfuay1s482j30p03l0kjm.jpg,
https://wx2.sinaimg.cn/large/0069aRt1gy1gg3gdpr52vj30p038wkjm.jpg,
https://wx2.sinaimg.cn/large/0069aRt1gy1gg3gfuaqg3j30p02neqv5.jpg,
https://wx2.sinaimg.cn/large/006rtQ36ly1hikqz91cfxj32801o0x6p.jpg,
https://wx2.sinaimg.cn/large/006rtQ36ly1hikqzd1zh4j32801o0x6p.jpg,
https://wx2.sinaimg.cn/large/006rtQ36ly1hikqzhbpd0j32801o0b2a.jpg,
https://wx2.sinaimg.cn/large/006rtQ36ly1hikqzmo9jnj33402c0b2b.jpg,
https://wx2.sinaimg.cn/large/7e47331agy1gc9rftwt4fj21o0280npd.jpg,
https://wx2.sinaimg.cn/large/7e47331agy1gc9rg0qwsbj21o0280hdt.jpg,
https://wx2.sinaimg.cn/large/9329726egy1hufbbfyzmgj235c2dc7wj.jpg,
https://wx2.sinaimg.cn/large/a79732e9gy1fnqtyrgm24j20ru0fomzd.jpg,
https://wx2.sinaimg.cn/large/a79732e9gy1hpp2dyad2rj235s35sqv5.jpg,
https://wx2.sinaimg.cn/large/a79732e9gy1hrt71myta2j21jk0zth32.jpg,
https://wx2.sinaimg.cn/large/a79732e9gy1hrt7h3qcvxj235s2dce82.jpg,
https://wx2.sinaimg.cn/large/a79732e9gy1htbv3r2hzgj22c0340e83.jpg,
https://wx2.sinaimg.cn/large/a79732e9gy1htubf2vtx0j25eb3ljb2h.jpg,
https://wx2.sinaimg.cn/large/a79732e9gy1hu0y9tggxdj21c00v6gw2.jpg,
https://wx2.sinaimg.cn/large/a79732e9ly1hua5ja94fvj21o0280kjl.jpg,
https://wx2.sinaimg.cn/orj480/a79732e9gy1gmez3k0g4pj20u01hcwi7.jpg,
https://wx2.sinaimg.cn/orj480/a79732e9gy1hasrph98r6j20u01hcgzt.jpg,
https://wx2.sinaimg.cn/orj480/a79732e9gy1hh10odykamj20u01hck3x.jpg,
https://wx2.sinaimg.cn/orj480/a79732e9gy1hmc6a9x6ubj20u01hcdx0.jpg,
https://wx2.sinaimg.cn/orj480/a79732e9gy1hsr4k8t06uj21o02811kx.jpg,
https://wx2.sinaimg.cn/orj480/a79732e9gy1htkstukucmj21401hd1kx.jpg,
https://wx2.sinaimg.cn/orj480/a79732e9gy1htqnsut9u6j22yo1o0hdt.jpg,
https://wx2.sinaimg.cn/orj480/a79732e9gy1htvgqaaz8ij21401hd7po.jpg,
https://wx2.sinaimg.cn/orj480/a79732e9ly1frauvpy4z0j20f00qowfk.jpg,
https://wx2.sinaimg.cn/orj480/a79732e9ly1g7sxo05h0ej20f40k074w.jpg,
https://wx3.sinaimg.cn/crop.0.24.939.522/a79732e9gy1gadtje7pdvj20q30fvq7y.jpg,
https://wx3.sinaimg.cn/crop.0.84.1643.913/a79732e9gy1gab3t23x36j219n0u0b2a.jpg,
https://wx3.sinaimg.cn/large/002wa7f1gy1gujor0jrwaj62a71pux6p02.jpg,
https://wx3.sinaimg.cn/large/002wa7f1gy1gujor5znjwj61o61bxkhj02.jpg,
https://wx3.sinaimg.cn/large/006rtQ36ly1hikqzkikvoj31o02807wi.jpg,
https://wx3.sinaimg.cn/large/006rtQ36ly1hikqztrxykj31o02807wi.jpg,
https://wx3.sinaimg.cn/large/006rtQ36ly1hikqzyju8hj31o0280e82.jpg,
https://wx3.sinaimg.cn/large/9329726egy1hufbbeni2cj235c2dchdv.jpg,
https://wx3.sinaimg.cn/large/9329726egy1hufbbhbnbjj235c2dckjn.jpg,
https://wx3.sinaimg.cn/large/9329726egy1hufbbizx65j235c2dchdv.jpg,
https://wx3.sinaimg.cn/large/a79732e9gy1hpp2dtq22mj223u35s4qq.jpg,
https://wx3.sinaimg.cn/large/a79732e9gy1hpp2dwv258j235s23uu0x.jpg,
https://wx3.sinaimg.cn/large/a79732e9gy1hrt7h2jeqrj235s2dchdu.jpg,
https://wx3.sinaimg.cn/large/a79732e9gy1hrt7vybf56j235s35s4qr.jpg,
https://wx3.sinaimg.cn/large/a79732e9gy1hrt7w6j0wbj21jk12gh4h.jpg,
https://wx3.sinaimg.cn/large/a79732e9gy1htuberre4bj25eb3lj7ws.jpg,
https://wx3.sinaimg.cn/large/a79732e9gy1htubexto9cj23lj5ebnpn.jpg,
https://wx3.sinaimg.cn/large/a79732e9gy1htubeztbmtj25eb3ljkjs.jpg,
https://wx3.sinaimg.cn/large/a79732e9gy1htubf5z3q5j25e93lhhe1.jpg,
https://wx3.sinaimg.cn/large/a79732e9gy1htubfbhzt9j25eb3ljb2f.jpg,
https://wx3.sinaimg.cn/large/a79732e9gy1hu0y9q3daoj20sg0mimxr.jpg,
https://wx3.sinaimg.cn/large/a79732e9ly1hudq5d9khhj21o0280kjl.jpg,
https://wx3.sinaimg.cn/orj480/0034hCFbgy1gvcoenghghj60k00qowmn02.jpg,
https://wx3.sinaimg.cn/orj480/a79732e9gy1hiv04hen9jj21o02807wh.jpg,
https://wx3.sinaimg.cn/orj480/a79732e9gy1hnezoclsrxj22yo1o0hdt.jpg,
https://wx3.sinaimg.cn/orj480/a79732e9gy1ht71nzjrqwj21o02814qp.jpg,
https://wx3.sinaimg.cn/orj480/a79732e9ly1fr5j7p2h9kj20f00qowf9.jpg,
https://wx3.sinaimg.cn/orj480/a79732e9ly1fr6bntmm8bj20f00qojse.jpg,
https://wx3.sinaimg.cn/orj480/a79732e9ly1hlr2bjb6rvj20u01hcqlo.jpg,
https://wx4.sinaimg.cn/crop.0.51.1382.768/a79732e9gy1gfal13dc9yj212e0o8h8a.jpg,
https://wx4.sinaimg.cn/crop.0.67.1692.941/a79732e9gy1gglp1lb7ovj21b00u0n9u.jpg,
https://wx4.sinaimg.cn/large/002wa7f1gy1gujopff178j61ao2814qp02.jpg,
https://wx4.sinaimg.cn/large/0069aRt1gy1gg3gcxalrjj30p02er1ky.jpg,
https://wx4.sinaimg.cn/large/0069aRt1gy1gg3gdb9p36j30p02h0u0x.jpg,
https://wx4.sinaimg.cn/large/0069aRt1gy1gg3ge1el9uj30p033kqv6.jpg,
https://wx4.sinaimg.cn/large/0069aRt1gy1gg3ge9zomjj30p02keu0x.jpg,
https://wx4.sinaimg.cn/large/006rtQ36ly1hikqz5w7e8j32801o07wi.jpg,
https://wx4.sinaimg.cn/large/006rtQ36ly1hikqzqayhdj31o0280b2a.jpg,
https://wx4.sinaimg.cn/large/a79732e9gy1hpp2dscqtqj235s35se82.jpg,
https://wx4.sinaimg.cn/large/a79732e9gy1hpp2dun6vkj223u35sx6p.jpg,
https://wx4.sinaimg.cn/large/a79732e9gy1hrt71lghinj21jk0zrnbn.jpg,
https://wx4.sinaimg.cn/large/a79732e9gy1hrt71lwlxqj21c00v6akr.jpg,
https://wx4.sinaimg.cn/large/a79732e9gy1hrt71ng0fnj20sg0mit99.jpg,
https://wx4.sinaimg.cn/large/a79732e9gy1htbv3p68lmj22c0340npe.jpg,
https://wx4.sinaimg.cn/large/a79732e9gy1htbv3pzl9aj22c0340b2b.jpg,
https://wx4.sinaimg.cn/large/a79732e9gy1htbv3rnvnsj21xg2klx6p.jpg,
https://wx4.sinaimg.cn/large/a79732e9gy1htnenuhowlj21o0280npd.jpg,
https://wx4.sinaimg.cn/large/a79732e9gy1htubentwggj23lj5ebe8b.jpg,
https://wx4.sinaimg.cn/large/a79732e9gy1htubeuiokej23lj5eb1l8.jpg,
https://wx4.sinaimg.cn/large/a79732e9gy1htubfdb8rrj25eb3ljkjs.jpg,
https://wx4.sinaimg.cn/large/a79732e9gy1hu0y9p9q46j21b10u87wh.jpg,
https://wx4.sinaimg.cn/large/a79732e9gy1hu0y9sjphaj21ww3uwqva.jpg,
https://wx4.sinaimg.cn/large/a79732e9gy1hu39zjyshmj223w35se82.jpg,
https://wx4.sinaimg.cn/large/a79732e9ly1huce2ciimvj22c03401kz.jpg,
https://wx4.sinaimg.cn/orj480/0034hCFbgy1gu3mwzifofj60k00qo43g02.jpg,
https://wx4.sinaimg.cn/orj480/0034hCFbgy1guberu66uqj60k00qo0ws02.jpg,
https://wx4.sinaimg.cn/orj480/0034hCFbgy1guqhff4f63j60k00qoagf02.jpg,
https://wx4.sinaimg.cn/orj480/a79732e9gy1h7gbon4txuj20u014143t.jpg,
https://wx4.sinaimg.cn/orj480/a79732e9gy1hsfmnizaigj20u01hctpi.jpg,
https://wx4.sinaimg.cn/orj480/a79732e9gy1hsht3efu0zj20u01hc1kx.jpg,
https://wx4.sinaimg.cn/orj480/a79732e9gy1hsmcwi6fv9j21o0281kjl.jpg,
https://wx4.sinaimg.cn/orj480/a79732e9gy1hsvbuz1m12j21o02811kx.jpg,
https://wx4.sinaimg.cn/orj480/a79732e9ly1g43b5ivycjj20zk0k0aag.jpg,
https://wx4.sinaimg.cn/orj480/a79732e9ly1hspvgl35y0j21o02817rr.jpg