https://wx1.sinaimg.cn/large/005ZFzpNgy1hrvizb4m9rj31o0280npd.jpg,
https://wx1.sinaimg.cn/large/006bAwRggy1hrltmw9m5zj30go4481hc.jpg,
https://wx1.sinaimg.cn/large/006bAwRggy1hrltmyqdc7j30m83ogh8d.jpg,
https://wx1.sinaimg.cn/large/006bAwRggy1hrltn1apynj30m80to7c6.jpg,
https://wx1.sinaimg.cn/large/006bAwRggy1hrmc4dgq6tj30m83ikqp1.jpg,
https://wx1.sinaimg.cn/large/006bAwRggy1hrmc4gh0onj30m81whan5.jpg,
https://wx1.sinaimg.cn/large/0085wGyLgy1hq3y4moeu7j33402c04qr.jpg,
https://wx1.sinaimg.cn/large/0085wGyLgy1hq3y4qih3jj34z23be1l1.jpg,
https://wx1.sinaimg.cn/large/008CG0LZly1hpluavlf3bj30nm25p1kx.jpg,
https://wx1.sinaimg.cn/large/008CG0LZly1hplufkwgv3j315o6uex6r.jpg,
https://wx1.sinaimg.cn/large/008CG0LZly1hplug7ebf6j315o84dqv9.jpg,
https://wx1.sinaimg.cn/large/008CG0LZly1hpluhbazhpj30nm3t1npd.jpg,
https://wx1.sinaimg.cn/large/008cJnGigy1htm8mvwxm9j30m81svdr9.jpg,
https://wx1.sinaimg.cn/large/008cJnGigy1htm8mw280gj30m84ka1kx.jpg,
https://wx1.sinaimg.cn/large/008rUZ3Mgy1hriwyn7siqj30zk1bfhdt.jpg,
https://wx1.sinaimg.cn/large/75d39b3bgy1hr3qax4kodj235s1s07wj.jpg,
https://wx1.sinaimg.cn/large/764ef275ly1hs3kl7966tj20ym0k5k98.jpg,
https://wx1.sinaimg.cn/large/c02b9d0bly1ht862no7raj219y35tb2a.jpg,
https://wx1.sinaimg.cn/large/c02b9d0bly1htoteahapmj21ww2pg4qr.jpg,
https://wx1.sinaimg.cn/large/c02b9d0bly1htotewshkhj219y2xx1ky.jpg,
https://wx1.sinaimg.cn/orj480/005ZFzpNgy1hr0m9jayt8j30g5093q4m.jpg,
https://wx2.sinaimg.cn/large/005ZFzpNgy1hqxyinihvaj32ds1scnpd.jpg,
https://wx2.sinaimg.cn/large/006UhldTgy1hpjedein41j30u01sikgb.jpg,
https://wx2.sinaimg.cn/large/006UhldTgy1hpjedelktpj30u02aj1kx.jpg,
https://wx2.sinaimg.cn/large/006UhldTgy1hpjedgntpoj30u0432x6p.jpg,
https://wx2.sinaimg.cn/large/006UhldTgy1hpjedh98ltj30u04rhnpe.jpg,
https://wx2.sinaimg.cn/large/006bAwRggy1hrmc49uuerj30m83j84kd.jpg,
https://wx2.sinaimg.cn/large/0085wGyLgy1hq3y4eqxq6j34x23lkx6t.jpg,
https://wx2.sinaimg.cn/large/0085wGyLgy1hq3y4kk7bzj33lk5ea1l2.jpg,
https://wx2.sinaimg.cn/large/008CG0LZgy1htcnirdtg7j30yq1ab7wh.jpg,
https://wx2.sinaimg.cn/large/008CG0LZgy1htiorx6up7j30yq1abb29.jpg,
https://wx2.sinaimg.cn/large/008CG0LZly1hplufvyackj30nm61a1ky.jpg,
https://wx2.sinaimg.cn/large/008E4NfWly1hq7l92hvbej31e030ax6q.jpg,
https://wx2.sinaimg.cn/large/008E4NfWly1hq7l9bozzej31e01uou0x.jpg,
https://wx2.sinaimg.cn/large/008cJnGigy1htm8mvyvk7j30m82vetye.jpg,
https://wx2.sinaimg.cn/large/008cJnGigy1htm8mvzzbej30m81z2twh.jpg,
https://wx2.sinaimg.cn/large/008cJnGigy1htm8mw0a1pj30m82hh1kx.jpg,
https://wx2.sinaimg.cn/large/764ef275ly1hs3khdnkoej20y70jenj6.jpg,
https://wx2.sinaimg.cn/large/c02b9d0bly1hsu8964zdpj21ww2pgnpf.jpg,
https://wx2.sinaimg.cn/large/c02b9d0bly1ht862fv64fj219y2wqhdt.jpg,
https://wx2.sinaimg.cn/large/c02b9d0bly1ht862ih0hnj20wf256qjy.jpg,
https://wx2.sinaimg.cn/large/c02b9d0bly1ht862jeeaoj20tr256h3d.jpg,
https://wx2.sinaimg.cn/large/c02b9d0bly1ht862opp51j219y39b4qp.jpg,
https://wx2.sinaimg.cn/orj480/005ZFzpNgy1hsjqwjw6r9j30jd0ptgru.jpg,
https://wx2.sinaimg.cn/orj480/005ZFzpNly1hqujm8ztk2j30mk0cpadp.jpg,
https://wx3.sinaimg.cn/large/005ZFzpNgy1hrhrr224r9j30zu11n48f.jpg,
https://wx3.sinaimg.cn/large/005ZFzpNgy1hrhrr3k08yj30u044ru0x.jpg,
https://wx3.sinaimg.cn/large/005ZFzpNgy1hrhrr5a7vtj34eo4eonpf.jpg,
https://wx3.sinaimg.cn/large/005ZFzpNly1hptoqji5faj32ds1scqv5.jpg,
https://wx3.sinaimg.cn/large/005ZFzpNly1hptoqt7sg3j32ds1sckjl.jpg,
https://wx3.sinaimg.cn/large/006UhldTgy1hpjedfio3bj30u0344kjl.jpg,
https://wx3.sinaimg.cn/large/006bAwRggy1hrltmu1mzfj30m82xz4da.jpg,
https://wx3.sinaimg.cn/large/006bAwRggy1hrltn8g5ukj30u04764qp.jpg,
https://wx3.sinaimg.cn/large/006bAwRggy1hrmc455ijoj30m83rotxe.jpg,
https://wx3.sinaimg.cn/large/006bAwRggy1hrmc47dicyj30m83n77qi.jpg,
https://wx3.sinaimg.cn/large/006bAwRggy1hrmka57jrej30tb7psqv5.jpg,
https://wx3.sinaimg.cn/large/006bAwRggy1hrmkatnob3j30u05znx6p.jpg,
https://wx3.sinaimg.cn/large/006bAwRggy1hrmkb45kzoj30b77ps7wh.jpg,
https://wx3.sinaimg.cn/large/008CG0LZly1hplv2qqw0rj30nm2t7b29.jpg,
https://wx3.sinaimg.cn/large/008E4NfWly1hq7l7dhazlj31e01uox6p.jpg,
https://wx3.sinaimg.cn/large/008cJnGigy1htm8mw0gxxj30m82hp1kx.jpg,
https://wx3.sinaimg.cn/large/008cJnGigy1htm8mw14a7j30m840bkg8.jpg,
https://wx3.sinaimg.cn/large/008rUZ3Mgy1hriwyo3g6xj30zk1bfqv5.jpg,
https://wx3.sinaimg.cn/large/a6cec5e2gy1ht69d70fxcj20wr13qqb7.jpg,
https://wx3.sinaimg.cn/large/c02b9d0bly1ht862jtiaaj20fw256k10.jpg,
https://wx3.sinaimg.cn/large/c02b9d0bly1ht862lo59fj219y58lqv6.jpg,
https://wx3.sinaimg.cn/large/c02b9d0bly1ht862rswmtj219y4vye82.jpg,
https://wx3.sinaimg.cn/large/c02b9d0bly1htoterge26j219y31g4qr.jpg,
https://wx3.sinaimg.cn/orj480/005ZFzpNgy1hs52o0edy9j31o02817wh.jpg,
https://wx3.sinaimg.cn/orj480/005ZFzpNly1hrsgjo6xfoj329719o7wi.jpg,
https://wx4.sinaimg.cn/large/005ZFzpNgy1hrhrr5usnmj30ow0owq81.jpg,
https://wx4.sinaimg.cn/large/005ZFzpNgy1hsboz7cagqj31o02801ky.jpg,
https://wx4.sinaimg.cn/large/006UhldTgy1hpjedeg9juj30u018oasl.jpg,
https://wx4.sinaimg.cn/large/006UhldTgy1hpjedfa7w1j30u0344kjl.jpg,
https://wx4.sinaimg.cn/large/006UhldTgy1hpjedgoyizj31xg2kl1ky.jpg,
https://wx4.sinaimg.cn/large/006UhldTgy1hpjedhkkvuj30u05kunpe.jpg,
https://wx4.sinaimg.cn/large/006UhldTgy1hpjedhljj7j30u08ljhdv.jpg,
https://wx4.sinaimg.cn/large/006bAwRggy1hrltmpck0qj30m85gqb29.jpg,
https://wx4.sinaimg.cn/large/006bAwRggy1hrmc4l9je8j30u062akjl.jpg,
https://wx4.sinaimg.cn/large/006bAwRggy1hrmc4qa85gj30ij7psqv5.jpg,
https://wx4.sinaimg.cn/large/006bAwRggy1hrmc4uvnhzj30cb7pskjl.jpg,
https://wx4.sinaimg.cn/large/006bAwRggy1hrmka8byouj30u02e41a1.jpg,
https://wx4.sinaimg.cn/large/008CG0LZly1hplugyyt1jj315o6f31l0.jpg,
https://wx4.sinaimg.cn/large/008CG0LZly1hpluhdg528j30nm33m1kx.jpg,
https://wx4.sinaimg.cn/large/008CG0LZly1hplv2wetqgj315o6tdkjn.jpg,
https://wx4.sinaimg.cn/large/008cJnGigy1htm8mvzce7j30m82ewayp.jpg,
https://wx4.sinaimg.cn/large/008cJnGigy1htm8mw03dij30m827r7tx.jpg,
https://wx4.sinaimg.cn/large/008rUZ3Mgy1hriwynezkoj30zk1bfkjl.jpg,
https://wx4.sinaimg.cn/large/008rUZ3Mgy1hriwynhgjuj30zk1bfqv5.jpg,
https://wx4.sinaimg.cn/large/764ef275ly1hs3ni7bmp1j20xa0kk194.jpg,
https://wx4.sinaimg.cn/large/c02b9d0bly1ht862izsegj20jo256tkq.jpg,
https://wx4.sinaimg.cn/large/c02b9d0bly1htotendqj1j20s1cmoe85.jpg,
https://wx4.sinaimg.cn/large/c02b9d0bly1htpf4nz7qej219y2xx1ky.jpg,
https://wx4.sinaimg.cn/large/c02b9d0bly1htwdb4g6kaj219y67ykjl.jpg,
https://wx4.sinaimg.cn/orj480/005ZFzpNgy1hu62zjzzfnj325v17te82.jpg,
https://wx4.sinaimg.cn/orj480/005ZFzpNgy1hu6snat2hpj32yo1o0npd.jpg