https://tvax3.sinaimg.cn/crop.0.0.1080.1080.180/006tZLb0ly8h3fdfnxuumj30u00u040n.jpg?KID=imgbed,tva&Expires=1731523623&ssig=uEhjKMzarL,
https://wx1.sinaimg.cn/large/006LZH5ogy1hu64omu2snj313g4dbb29.jpg,
https://wx1.sinaimg.cn/large/006LZH5ogy1hu64p638vaj316x4d7x6q.jpg,
https://wx1.sinaimg.cn/large/006LZH5ogy1hu64pc8fmej313d4d7e81.jpg,
https://wx1.sinaimg.cn/large/006ixwxngy1ht1ki041c4j3279cn1npj.jpg,
https://wx1.sinaimg.cn/large/006ixwxngy1ht1ki3ujchj338kcn31l8.jpg,
https://wx1.sinaimg.cn/large/006tZLb0gy1hf1f9c2shuj364w43ckjt.jpg,
https://wx1.sinaimg.cn/large/006tZLb0gy1hf1f9it2yyj364w43c1l5.jpg,
https://wx1.sinaimg.cn/large/006tZLb0gy1hf1f9txe4rj364w43ckjs.jpg,
https://wx1.sinaimg.cn/large/006tZLb0gy1hf1fa1osu2j364w43cu14.jpg,
https://wx1.sinaimg.cn/large/006tZLb0gy1hf1faod3u6j364w43cnpl.jpg,
https://wx1.sinaimg.cn/large/006tZLb0gy1hf1fb9snt6j343c64wkjr.jpg,
https://wx1.sinaimg.cn/large/006tZLb0gy1hf1ff9ecaoj364w43cnpk.jpg,
https://wx1.sinaimg.cn/large/006tZLb0gy1hstffrkpljj34eo30pkjo.jpg,
https://wx1.sinaimg.cn/large/006tZLb0gy1ht0d3glbj6j33lk5ea1l2.jpg,
https://wx1.sinaimg.cn/large/006tZLb0gy1ht0d3mh1jcj35vk3b0kjs.jpg,
https://wx1.sinaimg.cn/large/006tZLb0gy1ht0d3szq35j33lk5eax6u.jpg,
https://wx1.sinaimg.cn/large/006tZLb0gy1ht0d3u5ks0j34eo2gd1kz.jpg,
https://wx1.sinaimg.cn/large/006tZLb0gy1ht1itzommfj31o0280npd.jpg,
https://wx1.sinaimg.cn/large/006tZLb0gy1htl5xvyhitj33344mo7wk.jpg,
https://wx1.sinaimg.cn/large/006tZLb0gy1htl5xys5wnj33344mokjo.jpg,
https://wx1.sinaimg.cn/large/006tZLb0gy1htl5y1nidxj34mo334e84.jpg,
https://wx1.sinaimg.cn/large/006tZLb0gy1htl5y4mt2oj33344monpg.jpg,
https://wx1.sinaimg.cn/large/006tZLb0gy1htl5yawarpj33344mox6s.jpg,
https://wx1.sinaimg.cn/large/006tZLb0gy1husbh75gy9j31kw11x4km.jpg,
https://wx1.sinaimg.cn/large/006tZLb0gy1husbhbi00jj35eb3lj4qs.jpg,
https://wx1.sinaimg.cn/large/006tZLb0gy1husbhfqu5yj35eb3ljqv8.jpg,
https://wx1.sinaimg.cn/large/006tZLb0gy1husbhmcw22j35eb3lj7wm.jpg,
https://wx1.sinaimg.cn/large/006tZLb0gy1huvaicchh7j30rs2mgdve.jpg,
https://wx1.sinaimg.cn/large/006tZLb0gy1huvaid2dctj30rs38oe0e.jpg,
https://wx1.sinaimg.cn/large/9a20b12agy1htxwbtql5qj23344mo4qs.jpg,
https://wx1.sinaimg.cn/large/9a20b12agy1htxwbv1nhgj24ff2yanpi.jpg,
https://wx1.sinaimg.cn/large/9a20b12agy1htxwbw9yh3j24mo334b2c.jpg,
https://wx1.sinaimg.cn/large/9a20b12agy1htxwbz6qu9j23344monpg.jpg,
https://wx1.sinaimg.cn/large/9a20b12agy1htxwc8v0ccj22dc35su10.jpg,
https://wx1.sinaimg.cn/large/9dcf3c99gy1hvgc782f6nj23b03b0x6t.jpg,
https://wx1.sinaimg.cn/large/9dcf3c99gy1hvgc7ei4j6j21o0280x2r.jpg,
https://wx1.sinaimg.cn/large/9dcf3c99gy1hvgc7k6d3fj222u22ukjl.jpg,
https://wx1.sinaimg.cn/large/9dcf3c99gy1hvgc7mfcq3j21o01o0e81.jpg,
https://wx1.sinaimg.cn/large/bf14912egy1huxsxvijhxj21o02807wi.jpg,
https://wx1.sinaimg.cn/orj480/006tZLb0gy1hum2fjh3sxj31o0281hdt.jpg,
https://wx2.sinaimg.cn/large/006LZH5ogy1hu64om0euej316o4d7x6p.jpg,
https://wx2.sinaimg.cn/large/006LZH5ogy1hu64oux7xrj316x4d7kjl.jpg,
https://wx2.sinaimg.cn/large/006LZH5ogy1hu64owtxrwj312x4dbkjl.jpg,
https://wx2.sinaimg.cn/large/006LZH5ogy1hu64pavdnjj31b84d67wi.jpg,
https://wx2.sinaimg.cn/large/006LZH5ogy1hu64pfux55j313c4d7e81.jpg,
https://wx2.sinaimg.cn/large/006ixwxngy1ht1ki0192pj34eoabu4qx.jpg,
https://wx2.sinaimg.cn/large/006ixwxngy1ht1kiapliwj339s8qj7wq.jpg,
https://wx2.sinaimg.cn/large/006tZLb0gy1hf1f8y82tqj364w43c1l3.jpg,
https://wx2.sinaimg.cn/large/006tZLb0gy1hf1f950upmj343c64wb2i.jpg,
https://wx2.sinaimg.cn/large/006tZLb0gy1hf1f9mxgcjj364w43ce86.jpg,
https://wx2.sinaimg.cn/large/006tZLb0gy1hf1fb2zofcj343c64wu14.jpg,
https://wx2.sinaimg.cn/large/006tZLb0gy1hsqre9fwxpj31o0280u0x.jpg,
https://wx2.sinaimg.cn/large/006tZLb0gy1hstffvg40nj322o340hdu.jpg,
https://wx2.sinaimg.cn/large/006tZLb0gy1hsyumxqjj5j31o0280npd.jpg,
https://wx2.sinaimg.cn/large/006tZLb0gy1htl5xlyh42j33344mo1l2.jpg,
https://wx2.sinaimg.cn/large/006tZLb0gy1htl5y7nkvmj33344moqv8.jpg,
https://wx2.sinaimg.cn/large/006tZLb0gy1hu2h75k01oj30u01hckjm.jpg,
https://wx2.sinaimg.cn/large/006tZLb0gy1huabnn92ytj32c02bze81.jpg,
https://wx2.sinaimg.cn/large/006tZLb0gy1husbhrg5b7j35eb3lj1l1.jpg,
https://wx2.sinaimg.cn/large/006tZLb0gy1huvaib9a2yj30q80q8whk.jpg,
https://wx2.sinaimg.cn/large/006tZLb0gy1huvaidrlnuj30q80q877r.jpg,
https://wx2.sinaimg.cn/large/006tZLb0gy1hvf37du1fhj32xr3x1b2a.jpg,
https://wx2.sinaimg.cn/large/9a20b12agy1htxwbqouqvj24mo3347wl.jpg,
https://wx2.sinaimg.cn/large/9a20b12agy1htxwc0qcegj23kl2dqe83.jpg,
https://wx2.sinaimg.cn/large/9a20b12agy1htxwc486arj23nn2fre83.jpg,
https://wx2.sinaimg.cn/large/9a20b12agy1htxwcb487kj24mo334e83.jpg,
https://wx2.sinaimg.cn/large/9dcf3c99gy1hvgc6wgdzxj21o0280u0x.jpg,
https://wx2.sinaimg.cn/large/bc6e55efly1ht2g9v399rj20u011idnt.jpg,
https://wx2.sinaimg.cn/large/bf14912egy1huxszdpeqhj21o02801ky.jpg,
https://wx3.sinaimg.cn/crop.0.39.1146.637/006tZLb0gy1glwr02gxpgj30vu0jxb29.jpg,
https://wx3.sinaimg.cn/large/006LZH5ogy1hu64onv6v6j313c4d7b29.jpg,
https://wx3.sinaimg.cn/large/006ixwxngy1ht1khz62ioj3626bjxe89.jpg,
https://wx3.sinaimg.cn/large/006ixwxngy1ht1ki1ntd7j33qycn4e8e.jpg,
https://wx3.sinaimg.cn/large/006ixwxngy1ht1kib8mqhj33pcc0gkjv.jpg,
https://wx3.sinaimg.cn/large/006tZLb0gy1hf1fahc5gpj364w43c1l6.jpg,
https://wx3.sinaimg.cn/large/006tZLb0gy1hf1faw185sj35u43w5npj.jpg,
https://wx3.sinaimg.cn/large/006tZLb0gy1hf1fbkckm9j343c64wnpk.jpg,
https://wx3.sinaimg.cn/large/006tZLb0gy1hf1fbverd6j343c64wnpk.jpg,
https://wx3.sinaimg.cn/large/006tZLb0gy1hf1fc6mdn9j361s419npl.jpg,
https://wx3.sinaimg.cn/large/006tZLb0gy1hf1ffggdm3j364w43che0.jpg,
https://wx3.sinaimg.cn/large/006tZLb0gy1hstffqcgesj35eb3ljkjo.jpg,
https://wx3.sinaimg.cn/large/006tZLb0gy1hstffx3mx0j35eb3lj1l3.jpg,
https://wx3.sinaimg.cn/large/006tZLb0gy1hstffzehgaj35eb3lj1l2.jpg,
https://wx3.sinaimg.cn/large/006tZLb0gy1hstfg0tywnj35eb3lj7wn.jpg,
https://wx3.sinaimg.cn/large/006tZLb0gy1hsyumw5rsrj31n81n8u0x.jpg,
https://wx3.sinaimg.cn/large/006tZLb0gy1ht0d3b3zaij32xt4eo1l0.jpg,
https://wx3.sinaimg.cn/large/006tZLb0gy1husbh62mlvj35eb3ljb2c.jpg,
https://wx3.sinaimg.cn/large/006tZLb0gy1husbh82nnpj31kw11xqnq.jpg,
https://wx3.sinaimg.cn/large/006tZLb0gy1husbi2u8o4j35eb3lju13.jpg,
https://wx3.sinaimg.cn/large/006tZLb0gy1huvaibpzzdj30rs1xgalq.jpg,
https://wx3.sinaimg.cn/large/006tZLb0gy1huvaieaei5j30q80q8wjm.jpg,
https://wx3.sinaimg.cn/large/006tZLb0gy1huvaiemy7wj30q80q80wu.jpg,
https://wx3.sinaimg.cn/large/9a20b12agy1htxwbr71iyj20sg1n9tw0.jpg,
https://wx3.sinaimg.cn/large/9a20b12agy1htxwbrlokzj20sg2dc7td.jpg,
https://wx3.sinaimg.cn/large/9a20b12agy1htxwbry3jjj20sg1kvapp.jpg,
https://wx3.sinaimg.cn/large/9a20b12agy1htxwbspx8jj24mo334hdu.jpg,
https://wx3.sinaimg.cn/large/9a20b12agy1htxwc5jaemj24mo334qv7.jpg,
https://wx3.sinaimg.cn/large/9dcf3c99gy1hvgc6st68uj21o0280u0x.jpg,
https://wx3.sinaimg.cn/large/9dcf3c99gy1hvgc6zvzzij21o0280qv5.jpg,
https://wx3.sinaimg.cn/large/9dcf3c99gy1hvgc72kmu1j23b03b0e83.jpg,
https://wx3.sinaimg.cn/large/9dcf3c99gy1hvgc756sbtj22c02c01ky.jpg,
https://wx3.sinaimg.cn/large/bf14912egy1huxsxf0v49j21o02yo7wk.jpg,
https://wx3.sinaimg.cn/orj480/006tZLb0gy1ht3twaaujhj30u01hcn58.jpg,
https://wx4.sinaimg.cn/large/00610zedgy1hujr0coan6j32o03k01kz.jpg,
https://wx4.sinaimg.cn/large/006ixwxngy1ht1khy22ycj34eoceob2g.jpg,
https://wx4.sinaimg.cn/large/006ixwxngy1ht1kiauob2j33pc8pvu16.jpg,
https://wx4.sinaimg.cn/large/006tZLb0gy1hf1fa9hgtqj343c64wnpm.jpg,
https://wx4.sinaimg.cn/large/006tZLb0gy1hstffss8jaj34eo2xrhdx.jpg,
https://wx4.sinaimg.cn/large/006tZLb0gy1hstfftxmrzj33lj5eb1l1.jpg,
https://wx4.sinaimg.cn/large/006tZLb0gy1hstfg1ygrrj32wb4eo4qs.jpg,
https://wx4.sinaimg.cn/large/006tZLb0gy1hsyuxwehfvj32c02c0u0x.jpg,
https://wx4.sinaimg.cn/large/006tZLb0gy1ht0d39hnzdj33ll5e9npi.jpg,
https://wx4.sinaimg.cn/large/006tZLb0gy1ht0d3ctj9gj35ea3lk7wm.jpg,
https://wx4.sinaimg.cn/large/006tZLb0gy1ht0d3pqqtjj32xu4eohdw.jpg,
https://wx4.sinaimg.cn/large/006tZLb0gy1ht0d3rakqpj32xu4eou10.jpg,
https://wx4.sinaimg.cn/large/006tZLb0gy1htl5xqa9uvj33344monpg.jpg,
https://wx4.sinaimg.cn/large/006tZLb0gy1htl5xt9axcj33344mo4qs.jpg,
https://wx4.sinaimg.cn/large/006tZLb0gy1huabnmjjdyj31o71o7qma.jpg,
https://wx4.sinaimg.cn/large/006tZLb0gy1husbhwu1wrj33lj5ebu13.jpg,
https://wx4.sinaimg.cn/large/006tZLb0gy1huvaif5gchj30q80q841b.jpg,
https://wx4.sinaimg.cn/large/006tZLb0gy1huvaifmkebj30q80q843c.jpg,
https://wx4.sinaimg.cn/large/006tZLb0gy1hver9239scj32c0340b2b.jpg,
https://wx4.sinaimg.cn/large/008E4bucgy1hun0y8qorsj32pg3ttqv6.jpg,
https://wx4.sinaimg.cn/large/9a20b12agy1htxwbxclsmj23344mob2b.jpg,
https://wx4.sinaimg.cn/large/9a20b12agy1htxwc1z4ilj23nd2fkb2b.jpg,
https://wx4.sinaimg.cn/large/9a20b12agy1htxwc2y6gnj23h32be4qr.jpg,
https://wx4.sinaimg.cn/large/9a20b12agy1htxwc79v70j23344mo1l0.jpg,
https://wx4.sinaimg.cn/large/9dcf3c99gy1hvgc7bvbzwj23b03b0kjn.jpg,
https://wx4.sinaimg.cn/large/bf14912egy1huxt19fqygj21o02yox6r.jpg,
https://wx4.sinaimg.cn/orj480/006tZLb0gy1hss9i72837j30u01hctmw.jpg,
https://wx4.sinaimg.cn/orj480/006tZLb0gy1huxvtsfbe8j30oo1hc0v6.jpg