,
http://mu1.sinaimg.cn/square.120/weiyinyue.music.sina.com.cn/wpp_cover/55239053.jpg,
http://wx1.sinaimg.cn/large/006ORsaigy1hs3w29c64gj30u0140n5s.jpg,
http://wx1.sinaimg.cn/large/006ORsaily1hpfr1ycxovj30u00wntap.jpg,
http://wx1.sinaimg.cn/large/006ORsaily1huad2548jxj30u01407cf.jpg,
http://wx1.sinaimg.cn/large/008CGWk9ly1hpw3eyuy62j30a00a0mzu.jpg,
http://wx2.sinaimg.cn/large/005wIprVgy1hs1diixgccj315s1jkn89.jpg,
http://wx2.sinaimg.cn/large/006ORsaily1houuz3zdgaj30sw17c7db.jpg,
http://wx2.sinaimg.cn/large/006ORsaily1huago78phpj30u0140n3u.jpg,
http://wx2.sinaimg.cn/large/007p8dunly1hfecgbuxtij30vo0u0n2v.jpg,
http://wx2.sinaimg.cn/large/83641f96gy1hs2whtmuw0j23342bcnpe.jpg,
http://wx2.sinaimg.cn/large/a1737ac7ly1hpzc2uonmbj20qw0k60t6.jpg,
http://wx3.sinaimg.cn/large/006DMHsTgy1huagtxbeqhj30pk0t20vr.jpg,
http://wx3.sinaimg.cn/large/006ORsaily1hp8u9absr7j30u01sxn1w.jpg,
http://wx3.sinaimg.cn/large/006ORsaily1hpjfufix42j30me13u422.jpg,
http://wx3.sinaimg.cn/large/007p8dunly1hfayn2eyl5j30u01swak6.jpg,
http://wx4.sinaimg.cn/large/006ORsaigy1hp39u42wyij30u0140tjw.jpg,
http://wx4.sinaimg.cn/large/006ORsaigy1hu14dmi9ekj30u01407b0.jpg,
http://wx4.sinaimg.cn/large/006ORsaily1hpa6kt02mej30u0140gvn.jpg,
http://wx4.sinaimg.cn/large/006ORsaily1hpei3n1rmyj30u01syn8s.jpg,
http://wx4.sinaimg.cn/large/008d4pYfgy1hrd2nb4fsxj31hc0u0jxw.jpg,
http://wx4.sinaimg.cn/large/b04d3bbegy1hs2whbersbj21400u045g.jpg,
https://tvax2.sinaimg.cn/crop.0.0.400.400.180/006ORsaily8hdeemld7u5j30b40b4t92.jpg?KID=imgbed,tva&Expires=1714891312&ssig=m%2FCczfRoIN,
https://wx1.sinaimg.cn/large/001X4Z0vgy1hq6luif0u9j60rk19yqg102.jpg,
https://wx1.sinaimg.cn/large/001X4Z0vgy1hq6luwiuqpj60rk19yh4z02.jpg,
https://wx1.sinaimg.cn/large/001X4Z0vgy1hq6lv1ujh2j60rk19ynco02.jpg,
https://wx1.sinaimg.cn/large/0033ImPzly1hu6k3opod7j60p014ahdt02.jpg,
https://wx1.sinaimg.cn/large/005FZpBHly1hpv93k81vnj32452tju10.jpg,
https://wx1.sinaimg.cn/large/005FZpBHly1hpv93rznqej321n2q64qr.jpg,
https://wx1.sinaimg.cn/large/005KIYiBgy1ht2o7k9fvdj33zk2nshdw.jpg,
https://wx1.sinaimg.cn/large/005KIYiBgy1ht2o7lip4fj33zk2ns4qt.jpg,
https://wx1.sinaimg.cn/large/005KIYiBgy1ht2o7r6ardj364w43c4qz.jpg,
https://wx1.sinaimg.cn/large/005KIYiBgy1ht2o7xj9snj364w43cu16.jpg,
https://wx1.sinaimg.cn/large/005KIYiBgy1ht2o86s02yj364w43c4qz.jpg,
https://wx1.sinaimg.cn/large/005KIYiBgy1ht2o8gneyyj364w43cnpn.jpg,
https://wx1.sinaimg.cn/large/005SXHhZgy1hs2ux2oc26j32qi3nee83.jpg,
https://wx1.sinaimg.cn/large/005SXHhZgy1hs2ux3yktyj32qi3nekjn.jpg,
https://wx1.sinaimg.cn/large/005SXHhZgy1hs2ux7ywz1j32qi3nekjn.jpg,
https://wx1.sinaimg.cn/large/005SiWFQgy1hi3dvtkablj31401hcq78.jpg,
https://wx1.sinaimg.cn/large/006ORsaigy1hqa1c0exbzj32kw3vbe83.jpg,
https://wx1.sinaimg.cn/large/006ORsaigy1hqa1cbarmvj32f73mt1kz.jpg,
https://wx1.sinaimg.cn/large/006ORsaigy1hqa1ckbtxej31n32gnb2a.jpg,
https://wx1.sinaimg.cn/large/006ORsaigy1hqa1euokuuj32w01xce82.jpg,
https://wx1.sinaimg.cn/large/006ORsaigy1hqa1f5abwkj321k32c7wj.jpg,
https://wx1.sinaimg.cn/large/006ORsaigy1hqb7wzf25sj30u0140dpi.jpg,
https://wx1.sinaimg.cn/large/006ORsaigy1hqb7xgyvwlj32c03407wk.jpg,
https://wx1.sinaimg.cn/large/006ORsaigy1hqdecw97gwj30wi17c172.jpg,
https://wx1.sinaimg.cn/large/006ORsaigy1hqdecxa0yzj30wi17cng8.jpg,
https://wx1.sinaimg.cn/large/006ORsaigy1hqded4bz56j30u01404d6.jpg,
https://wx1.sinaimg.cn/large/006ORsaigy1hqejuhreo3j30u01404hv.jpg,
https://wx1.sinaimg.cn/large/006ORsaigy1hqejwtf9y7j31tb17jx5p.jpg,
https://wx1.sinaimg.cn/large/006ORsaigy1hqi4fs9bn8j30wi17cwt2.jpg,
https://wx1.sinaimg.cn/large/006ORsaigy1hqi4fvbe6yj30wi17c7jx.jpg,
https://wx1.sinaimg.cn/large/006ORsaigy1hqka885sgaj31xs2iwnpd.jpg,
https://wx1.sinaimg.cn/large/006ORsaigy1hqkdx5t0e4j30wi17cwy1.jpg,
https://wx1.sinaimg.cn/large/006ORsaigy1hqkdxdu5gkj30wi17cnfv.jpg,
https://wx1.sinaimg.cn/large/006ORsaigy1hr1xay983zj32c0340npf.jpg,
https://wx1.sinaimg.cn/large/006ORsaigy1hr1xbs4d25j32c0340qv8.jpg,
https://wx1.sinaimg.cn/large/006ORsaigy1hr1xcgkfcoj32c03407wk.jpg,
https://wx1.sinaimg.cn/large/006ORsaigy1hr2wqtsb3rj30wi17c7kq.jpg,
https://wx1.sinaimg.cn/large/006ORsaigy1hr7h6mem5ij32tc480npg.jpg,
https://wx1.sinaimg.cn/large/006ORsaigy1hr7icw3iezj32tc480npg.jpg,
https://wx1.sinaimg.cn/large/006ORsaigy1hrb0qzg9p7j30wi1yc7oh.jpg,
https://wx1.sinaimg.cn/large/006ORsaigy1hrc1s1ax0lj32c0340qv6.jpg,
https://wx1.sinaimg.cn/large/006ORsaigy1hrc1s6oxg6j30wi1yc7wh.jpg,
https://wx1.sinaimg.cn/large/006ORsaigy1hrd2xb8bwyj30wi17c7fq.jpg,
https://wx1.sinaimg.cn/large/006ORsaigy1hrd7xhlmjgj30wi17c14p.jpg,
https://wx1.sinaimg.cn/large/006ORsaigy1hrfg9da7hrj30wi17c494.jpg,
https://wx1.sinaimg.cn/large/006ORsaigy1hrflvpu4b3j30wi0p0n2b.jpg,
https://wx1.sinaimg.cn/large/006ORsaigy1hs0lgckv4mj30zk0k0jyb.jpg,
https://wx1.sinaimg.cn/large/006ORsaigy1hs0lgg4egbj30np0zkgsy.jpg,
https://wx1.sinaimg.cn/large/006ORsaigy1hs17tlcaqtj30wi17c7hn.jpg,
https://wx1.sinaimg.cn/large/006ORsaigy1hs2dwsyvlsj30wi17cncc.jpg,
https://wx1.sinaimg.cn/large/006ORsaigy1hs58r38beyj30wi17cdvp.jpg,
https://wx1.sinaimg.cn/large/006ORsaigy1hs5s2o329gj32ll3vf7wm.jpg,
https://wx1.sinaimg.cn/large/006ORsaigy1hs9izry43sj32yo3y8b2f.jpg,
https://wx1.sinaimg.cn/large/006ORsaigy1hs9izt82loj30wi17cu0x.jpg,
https://wx1.sinaimg.cn/large/006ORsaigy1hs9izv4f3aj32yo3y87wn.jpg,
https://wx1.sinaimg.cn/large/006ORsaigy1hsaybxn10kj347s6bk7wt.jpg,
https://wx1.sinaimg.cn/large/006ORsaigy1hsozupp2svj36bk47s1l5.jpg,
https://wx1.sinaimg.cn/large/006ORsaigy1hsozv1cghoj36bk47s1l3.jpg,
https://wx1.sinaimg.cn/large/006ORsaigy1hsozwhxufcj347s6bkqvb.jpg,
https://wx1.sinaimg.cn/large/006ORsaigy1hstjo73muqj30wi0lnwia.jpg,
https://wx1.sinaimg.cn/large/006ORsaigy1hsuigwpgcvj32wv4db1l1.jpg,
https://wx1.sinaimg.cn/large/006ORsaigy1hsuih2818zj330r4j57wn.jpg,
https://wx1.sinaimg.cn/large/006ORsaigy1hsuihiwyfnj34mo3344qu.jpg,
https://wx1.sinaimg.cn/large/006ORsaigy1ht04fwhn38j30wi17cqv5.jpg,
https://wx1.sinaimg.cn/large/006ORsaigy1ht04honl96j30wi17cqv5.jpg,
https://wx1.sinaimg.cn/large/006ORsaigy1ht04kf7k9bj32yo3y8he0.jpg,
https://wx1.sinaimg.cn/large/006ORsaigy1ht04kir94lj30wi17cqv5.jpg,
https://wx1.sinaimg.cn/large/006ORsaigy1ht04kwlk92j32yo3y81l4.jpg,
https://wx1.sinaimg.cn/large/006ORsaigy1ht04ofbwhjj30wi17cnpd.jpg,
https://wx1.sinaimg.cn/large/006ORsaigy1ht2kwq7fu2j30wi18le81.jpg,
https://wx1.sinaimg.cn/large/006ORsaigy1ht3gdf1u46j34266384qx.jpg,
https://wx1.sinaimg.cn/large/006ORsaigy1ht3gyqb4bdj3426638u15.jpg,
https://wx1.sinaimg.cn/large/006ORsaigy1ht6bo4w0lrj30wi17cdya.jpg,
https://wx1.sinaimg.cn/large/006ORsaigy1ht8gbi66s4j32tc480b2d.jpg,
https://wx1.sinaimg.cn/large/006ORsaigy1ht8gbur3njj32tc4801l4.jpg,
https://wx1.sinaimg.cn/large/006ORsaigy1ht8gc7rh0hj34802tc1l3.jpg,
https://wx1.sinaimg.cn/large/006ORsaigy1htim7m411jj33344mou11.jpg,
https://wx1.sinaimg.cn/large/006ORsaigy1htim7opffej33344mou11.jpg,
https://wx1.sinaimg.cn/large/006ORsaigy1htim7r9329j33344mo4qu.jpg,
https://wx1.sinaimg.cn/large/006ORsaigy1htim7yvd2yj33344mo4qu.jpg,
https://wx1.sinaimg.cn/large/006ORsaigy1htim80nsx8j34mo3341l1.jpg,
https://wx1.sinaimg.cn/large/006ORsaigy1htim82m979j34mo334e85.jpg,
https://wx1.sinaimg.cn/large/006ORsaigy1htim8ivpq5j34ie2jc4qs.jpg,
https://wx1.sinaimg.cn/large/006ORsaigy1htim8kma55j34mo334kjp.jpg,
https://wx1.sinaimg.cn/large/006ORsaigy1htwnfzhoszj31o02801kx.jpg,
https://wx1.sinaimg.cn/large/006ORsaigy1htwng5nz1hj31o02801jp.jpg,
https://wx1.sinaimg.cn/large/006ORsaigy1htwnga4ad3j31o02804ps.jpg,
https://wx1.sinaimg.cn/large/006ORsaigy1hu4ozxfjpfj32yo3y8e87.jpg,
https://wx1.sinaimg.cn/large/006ORsaigy1hu4p02kqvjj32yo3y81l4.jpg,
https://wx1.sinaimg.cn/large/006ORsaigy1hu4p0400axj31401hcgwh.jpg,
https://wx1.sinaimg.cn/large/006ORsaigy1hu78h0tqftj30wi1ycqtv.jpg,
https://wx1.sinaimg.cn/large/006ORsaily1hoocl593ewj32c0340hdt.jpg,
https://wx1.sinaimg.cn/large/006ORsaily1hosovwz93hj32c0340e81.jpg,
https://wx1.sinaimg.cn/large/006ORsaily1hou4jtge8uj30wi17ckjl.jpg,
https://wx1.sinaimg.cn/large/006ORsaily1hou4k9cqa2j32yo3y87wn.jpg,
https://wx1.sinaimg.cn/large/006ORsaily1hou4ks673oj30u0140ajq.jpg,
https://wx1.sinaimg.cn/large/006ORsaily1houq35h2w0j30wi17c4bp.jpg,
https://wx1.sinaimg.cn/large/006ORsaily1houx1tw2w2j30wi17cx6p.jpg,
https://wx1.sinaimg.cn/large/006ORsaily1houx2ryaw3j30wi17cduq.jpg,
https://wx1.sinaimg.cn/large/006ORsaily1houx3txvj9j32yo3y8npm.jpg,
https://wx1.sinaimg.cn/large/006ORsaily1houx45418dj32yo3y8kjt.jpg,
https://wx1.sinaimg.cn/large/006ORsaily1hpa6cu5s8kj32xk3y8npk.jpg,
https://wx1.sinaimg.cn/large/006ORsaily1hpa6cw5ob2j30td181qv5.jpg,
https://wx1.sinaimg.cn/large/006ORsaily1hpb5yuvpdfj31o0280tqx.jpg,
https://wx1.sinaimg.cn/large/006ORsaily1hpbcdph2qqj30wi17cn9e.jpg,
https://wx1.sinaimg.cn/large/006ORsaily1hpbci6ywacj30u0140114.jpg,
https://wx1.sinaimg.cn/large/006ORsaily1hpc74r4ysdj343564oqvd.jpg,
https://wx1.sinaimg.cn/large/006ORsaily1hpc75i3gu0j347p6bkx6w.jpg,
https://wx1.sinaimg.cn/large/006ORsaily1hpc75rp59fj347p6bkkjt.jpg,
https://wx1.sinaimg.cn/large/006ORsaily1hperoi3iw0j30wi17cnpd.jpg,
https://wx1.sinaimg.cn/large/006ORsaily1hpes10r2goj31o02801kx.jpg,
https://wx1.sinaimg.cn/large/006ORsaily1hpes12sduej31o02801kx.jpg,
https://wx1.sinaimg.cn/large/006ORsaily1hpg07g8s7qj36sy3tsb2q.jpg,
https://wx1.sinaimg.cn/large/006ORsaily1hph8e4urkdj348w6dcqvg.jpg,
https://wx1.sinaimg.cn/large/006ORsaily1hph8fex923j348w6dc1l7.jpg,
https://wx1.sinaimg.cn/large/006ORsaily1hpsgo7ffh1j348w6dcu17.jpg,
https://wx1.sinaimg.cn/large/006ORsaily1hpv3vpgoeqj30wi17cu0x.jpg,
https://wx1.sinaimg.cn/large/006ORsaily1hpv3vxjq9aj32yo3y8kjv.jpg,
https://wx1.sinaimg.cn/large/006ORsaily1hpvzfhjrgxj30wi17cu0x.jpg,
https://wx1.sinaimg.cn/large/006ORsaily1hpvzfleizxj30wi17cx6p.jpg,
https://wx1.sinaimg.cn/large/006ORsaily1hq0hs4ha7uj31o0280x3q.jpg,
https://wx1.sinaimg.cn/large/006ORsaily1hq0hs65pgbj31o0280qr0.jpg,
https://wx1.sinaimg.cn/large/006ORsaily1hq1v2fwt3zj30u014012z.jpg,
https://wx1.sinaimg.cn/large/006ORsaily1hq1v2gjv3bj30u0140qdo.jpg,
https://wx1.sinaimg.cn/large/006ORsaily1hq1v2i8s39j30u014015l.jpg,
https://wx1.sinaimg.cn/large/006ORsaily1hq8rvfr3v3j32yo3y8b2e.jpg,
https://wx1.sinaimg.cn/large/006ORsaily1hqmldz6ys6j32gw3pchdw.jpg,
https://wx1.sinaimg.cn/large/006ORsaily1hqmlf6uqjij33pc2307wk.jpg,
https://wx1.sinaimg.cn/large/006ORsaily1hqo5yl3dqqj30w9170u0x.jpg,
https://wx1.sinaimg.cn/large/006ORsaily1hqp2g0if1lj32c0340hdt.jpg,
https://wx1.sinaimg.cn/large/006ORsaily1hqrhj0sit5j32yo3y84qt.jpg,
https://wx1.sinaimg.cn/large/006ORsaily1hquxqq76vij32gw3pcu0y.jpg,
https://wx1.sinaimg.cn/large/006ORsaily1hqv0j5ag5uj32ms3y8kjo.jpg,
https://wx1.sinaimg.cn/large/006ORsaily1hqv0jfnfrnj32ms3y8qv8.jpg,
https://wx1.sinaimg.cn/large/006ORsaily1hqv0jkyn1bj32ms3y8npg.jpg,
https://wx1.sinaimg.cn/large/006ORsaily1hqv0r67ly3j32c03407wi.jpg,
https://wx1.sinaimg.cn/large/006ORsaily1hqv183h029j32ms3y84qs.jpg,
https://wx1.sinaimg.cn/large/006ORsaily1hu97lh7x3nj32c0340b2b.jpg,
https://wx1.sinaimg.cn/large/006ORsaily1hu97ljh8tyj32c0340u0z.jpg,
https://wx1.sinaimg.cn/large/006ORsaily1hu9b3mw7kvj30wi17cgz5.jpg,
https://wx1.sinaimg.cn/large/006lOefagy1hov51wdbj2j30wr19ck22.jpg,
https://wx1.sinaimg.cn/large/006lOefagy1hov51wtz5hj30wr0tyjtz.jpg,
https://wx1.sinaimg.cn/large/007p8dunly1hfbyjd02bxj31z43n4qv6.jpg,
https://wx1.sinaimg.cn/large/007p8dunly1hfbyjg8li9j31700o00y7.jpg,
https://wx1.sinaimg.cn/large/007p8dunly1hlfk15t5ktj33kvcn41l2.jpg,
https://wx1.sinaimg.cn/large/008axGQzgy1ht12njxj3oj31q80m8dsk.jpg,
https://wx1.sinaimg.cn/large/3e416ca7gy1hpy77q93b2j20wr1gtgtr.jpg,
https://wx1.sinaimg.cn/large/4b9b4debgy1hs7e6ijqyzj226o2wwe83.jpg,
https://wx1.sinaimg.cn/large/4b9b4debgy1hs7e7hkp0bj226o2wwb2b.jpg,
https://wx1.sinaimg.cn/large/4b9b4debgy1hs7eax6ecpj226o2wwkjn.jpg,
https://wx1.sinaimg.cn/large/4b9b4debly1hrw351l50jj20u014042n.jpg,
https://wx1.sinaimg.cn/large/4b9b4debly1hrw364xd04j20u0140wih.jpg,
https://wx1.sinaimg.cn/large/4b9b4debly1hrw365eyufj21400u00x4.jpg,
https://wx1.sinaimg.cn/large/56f636abgy1hrfdnfmlwrj24mo334qv6.jpg,
https://wx1.sinaimg.cn/large/671176ffgy1hotxqoyjecj237k4tc1l3.jpg,
https://wx1.sinaimg.cn/large/671176ffgy1hotxqpgdvfj237k4tce89.jpg,
https://wx1.sinaimg.cn/large/6ddddd9egy1hrayf8uq02j20dw0dwdgr.jpg,
https://wx1.sinaimg.cn/large/6e7ad70fgy1hs1iy9my9wj20xc2g9npe.jpg,
https://wx1.sinaimg.cn/large/6e7ad70fgy1hs1iyeq45aj22a02a1u0x.jpg,
https://wx1.sinaimg.cn/large/6e7ad70fgy1hs1iygeft2j22a02a1x6q.jpg,
https://wx1.sinaimg.cn/large/70745653ly1hon4z3yj4yg20gh0dwhe7.gif,
https://wx1.sinaimg.cn/large/70745653ly1hon4z5kqb0g20iw0czu1h.gif,
https://wx1.sinaimg.cn/large/70745653ly1hon4zrl7laj20pu1eq12c.jpg,
https://wx1.sinaimg.cn/large/70745653ly1hon4zrp3tsj20om21ggyh.jpg,
https://wx1.sinaimg.cn/large/70745653ly1hon4zrqpybj213b1tadxo.jpg,
https://wx1.sinaimg.cn/large/7225ade5ly1hq9z7qsbgmj22bc1jl7wi.jpg,
https://wx1.sinaimg.cn/large/7225ade5ly1hq9z8516qyj22bc4cge86.jpg,
https://wx1.sinaimg.cn/large/7225ade5ly1hq9z8iblamj22bc3gwe83.jpg,
https://wx1.sinaimg.cn/large/72a5f063ly1hu5z4g8lrej247s35w4qs.jpg,
https://wx1.sinaimg.cn/large/72a5f063ly1hu5z4kbjomj22sx47enpj.jpg,
https://wx1.sinaimg.cn/large/72a5f063ly1hu5z4ms4rcj24em3aykjm.jpg,
https://wx1.sinaimg.cn/large/72a5f063ly1hu5zk7ctn3j23gg56o1kz.jpg,
https://wx1.sinaimg.cn/large/72a5f063ly1hu5zka6tbhj256o3ggnpf.jpg,
https://wx1.sinaimg.cn/large/7f226bcdgy1hr592isavwj20go32fnpd.jpg,
https://wx1.sinaimg.cn/large/7f226bcdgy1hr592j982yj20zk0np41a.jpg,
https://wx1.sinaimg.cn/large/805c3d47gy1huczf4kkt5j20yf1apdop.jpg,
https://wx1.sinaimg.cn/large/805c3d47gy1huczf4xg74j20yf0o343q.jpg,
https://wx1.sinaimg.cn/large/96dd1495ly1hq0pl6172sj20qe3bgkid.jpg,
https://wx1.sinaimg.cn/large/96dd1495ly1hq0pl6edx0j20u016fqbf.jpg,
https://wx1.sinaimg.cn/large/97f655d2gy1hs85uvx5nqj21061kodys.jpg,
https://wx1.sinaimg.cn/large/97f655d2gy1hs85uyq57jj21061lcav9.jpg,
https://wx1.sinaimg.cn/large/97f655d2gy1hs85v012q2j21061lc4mi.jpg,
https://wx1.sinaimg.cn/large/a0fed46agy1hu9kx8e0lhj22io1w01kz.jpg,
https://wx1.sinaimg.cn/large/a0fed46agy1hu9kxha3h1j22io1w07wj.jpg,
https://wx1.sinaimg.cn/large/a91edd18ly1hucy1hnj9mj24mr336hdy.jpg,
https://wx1.sinaimg.cn/large/a91edd18ly1hucy1r6tu5j23gg56oe87.jpg,
https://wx1.sinaimg.cn/large/a91edd18ly1hucy22gamuj23gg56o7wo.jpg,
https://wx1.sinaimg.cn/large/a9791828gy1hp3el5c3t4j22yo3y87wi.jpg,
https://wx1.sinaimg.cn/large/a9791828gy1hp3elh0cbaj21o0280b2e.jpg,
https://wx1.sinaimg.cn/large/a9791828gy1hqhyf4nkq3j21o02804qq.jpg,
https://wx1.sinaimg.cn/large/a9791828gy1hqhyf80ygfj21o0280qv5.jpg,
https://wx1.sinaimg.cn/large/a9791828gy1hqhygq6wa5j21ol19fb29.jpg,
https://wx1.sinaimg.cn/large/b04d3bbegy1hubtm6ner2j23y82801kz.jpg,
https://wx1.sinaimg.cn/large/b04d3bbegy1hubtm9lxb4j23y8280kjn.jpg,
https://wx1.sinaimg.cn/large/b04d3bbely1hoxluhcs3ej22mt3y8b2c.jpg,
https://wx1.sinaimg.cn/large/b1957e8bly1hq7u3hbz1xj21o0280qv5.jpg,
https://wx1.sinaimg.cn/large/b28b9991gy1hs2xhwzv69j23xc2m81l3.jpg,
https://wx1.sinaimg.cn/large/bf25f89fgy1hudtngfcaij22c0340e82.jpg,
https://wx1.sinaimg.cn/large/c5764812gy1hscxxvjffuj20wi17cthk.jpg,
https://wx1.sinaimg.cn/large/c5764812ly1hpeuxigc6fj22xs4eo4qs.jpg,
https://wx1.sinaimg.cn/orj480/006ORsaigy1hp0s73z2yej30u01hck88.jpg,
https://wx1.sinaimg.cn/orj480/006ORsaigy1hrfr3b0u47j31o0280b29.jpg,
https://wx1.sinaimg.cn/orj480/006ORsaigy1hsgjryb1bdj30u01hcn8r.jpg,
https://wx1.sinaimg.cn/orj480/006ORsaigy1hsoy1fb9axj30u0141jyv.jpg,
https://wx1.sinaimg.cn/orj480/006ORsaigy1hsywvhpmxaj30u0140aom.jpg,
https://wx1.sinaimg.cn/orj480/006ORsaigy1hu13w3d5vyj31401hc7lu.jpg,
https://wx1.sinaimg.cn/orj480/006ORsaily1hoo85ws6m6j30u0141dqc.jpg,
https://wx1.sinaimg.cn/orj480/006ORsaily1hpcllk8mwtj31o0281npd.jpg,
https://wx1.sinaimg.cn/orj480/006ORsaily1hpo8uxfa8uj31hc0u0nh7.jpg,
https://wx1.sinaimg.cn/orj480/006ORsaily1hpp0mtcv9vj32yo1o04qq.jpg,
https://wx1.sinaimg.cn/orj480/006ORsaily1hs3vxef1ymj30u01hctdx.jpg,
https://wx1.sinaimg.cn/orj480/6388f2a5gy1hqtikw1j6yj20u0141tjn.jpg,
https://wx2.sinaimg.cn/large/001X4Z0vgy1hq6ltdm3knj60rk19y7wh02.jpg,
https://wx2.sinaimg.cn/large/001X4Z0vgy1hq6lusfag4j60rk19ydzo02.jpg,
https://wx2.sinaimg.cn/large/0033ImPzly1hu6k3omymvj60p014ab2902.jpg,
https://wx2.sinaimg.cn/large/0033ImPzly1hu6k3oo1zkj60p014anpd02.jpg,
https://wx2.sinaimg.cn/large/0033ImPzly1hu6k3ooae1j60p014ae8102.jpg,
https://wx2.sinaimg.cn/large/005FZpBHly1hpv944qzphj329y319u0z.jpg,
https://wx2.sinaimg.cn/large/005FZpBHly1hpv94o1i11j32c0340qv7.jpg,
https://wx2.sinaimg.cn/large/005FZpBHly1hpv954110tj32012o1kjn.jpg,
https://wx2.sinaimg.cn/large/005KIYiBgy1ht2o7x98r1j364w43cu14.jpg,
https://wx2.sinaimg.cn/large/005KIYiBgy1ht2o7xqojvj33zk2nskjo.jpg,
https://wx2.sinaimg.cn/large/005KIYiBgy1ht2o7zaootj343c64whe0.jpg,
https://wx2.sinaimg.cn/large/005KIYiBgy1ht2o7zewp3j364w43ce88.jpg,
https://wx2.sinaimg.cn/large/005KIYiBgy1ht2o87uyp5j343c64we8c.jpg,
https://wx2.sinaimg.cn/large/005KIYiBgy1ht2o8h4lmvj364w43c4qx.jpg,
https://wx2.sinaimg.cn/large/005KIYiBgy1ht2oysdm73j364w43c7wq.jpg,
https://wx2.sinaimg.cn/large/005SiWFQgy1hi3dvt8ld1j30wi09d0uj.jpg,
https://wx2.sinaimg.cn/large/005SiWFQgy1hi3dvuh34fj31401hcgok.jpg,
https://wx2.sinaimg.cn/large/006ORsaigy1hp3dpx155pj32s83pcqva.jpg,
https://wx2.sinaimg.cn/large/006ORsaigy1hqb7wwpqzij30w9170duu.jpg,
https://wx2.sinaimg.cn/large/006ORsaigy1hqb7x4jemaj30u0140k7y.jpg,
https://wx2.sinaimg.cn/large/006ORsaigy1hqb7x93uiqj32172plkjm.jpg,
https://wx2.sinaimg.cn/large/006ORsaigy1hqbdpor7pvj30w9170npd.jpg,
https://wx2.sinaimg.cn/large/006ORsaigy1hqdecvcn63j30u0140nc8.jpg,
https://wx2.sinaimg.cn/large/006ORsaigy1hqded26ilnj30u0140h2e.jpg,
https://wx2.sinaimg.cn/large/006ORsaigy1hqded58ybsj30u0140h0n.jpg,
https://wx2.sinaimg.cn/large/006ORsaigy1hqded6lwn5j30u0140qh2.jpg,
https://wx2.sinaimg.cn/large/006ORsaigy1hqejtnv81dj30u014013i.jpg,
https://wx2.sinaimg.cn/large/006ORsaigy1hqejvr8zlrj30u0140tr6.jpg,
https://wx2.sinaimg.cn/large/006ORsaigy1hqejwqoenwj30u0140aw5.jpg,
https://wx2.sinaimg.cn/large/006ORsaigy1hqejxbc2qjj32c0340b2a.jpg,
https://wx2.sinaimg.cn/large/006ORsaigy1hqka8ge7ahj30wi17c7pq.jpg,
https://wx2.sinaimg.cn/large/006ORsaigy1hqkdx2q9n6j32c0340npe.jpg,
https://wx2.sinaimg.cn/large/006ORsaigy1hqkdxxghb4j30wi17c14e.jpg,
https://wx2.sinaimg.cn/large/006ORsaigy1hqkdy2tagbj33402c0npf.jpg,
https://wx2.sinaimg.cn/large/006ORsaigy1hr2wodj28zj30wi17c4et.jpg,
https://wx2.sinaimg.cn/large/006ORsaigy1hr2woeque6j30u0140tme.jpg,
https://wx2.sinaimg.cn/large/006ORsaigy1hr2wpxum0qj30wi17cnct.jpg,
https://wx2.sinaimg.cn/large/006ORsaigy1hr2wq1bjotj30wi17c144.jpg,
https://wx2.sinaimg.cn/large/006ORsaigy1hr2wqnl76ej30wi17cwub.jpg,
https://wx2.sinaimg.cn/large/006ORsaigy1hr2wr3i4asj30wi17cas2.jpg,
https://wx2.sinaimg.cn/large/006ORsaigy1hr2wrnuk3hj30wi17cdw1.jpg,
https://wx2.sinaimg.cn/large/006ORsaigy1hr7h85ii30j32tc480b2e.jpg,
https://wx2.sinaimg.cn/large/006ORsaigy1hr7i7e13hzj32qt41j7wl.jpg,
https://wx2.sinaimg.cn/large/006ORsaigy1hr7i9hjqykj32tc480qv9.jpg,
https://wx2.sinaimg.cn/large/006ORsaigy1hr7i9sbogvj32dd3k17wk.jpg,
https://wx2.sinaimg.cn/large/006ORsaigy1hr7iaplkhhj32tc480qv9.jpg,
https://wx2.sinaimg.cn/large/006ORsaigy1hr7ibfu1yvj32tc480nph.jpg,
https://wx2.sinaimg.cn/large/006ORsaigy1hs0lgdg2tzj30np0zkjzo.jpg,
https://wx2.sinaimg.cn/large/006ORsaigy1hs1jolhnxxj30sg0sg46p.jpg,
https://wx2.sinaimg.cn/large/006ORsaigy1hs6i6o1xalj30wi17cwp7.jpg,
https://wx2.sinaimg.cn/large/006ORsaigy1hs9izpjff7j32yo3y87wn.jpg,
https://wx2.sinaimg.cn/large/006ORsaigy1hsaycal2u0j347s6bkb2k.jpg,
https://wx2.sinaimg.cn/large/006ORsaigy1hsayksx0elj347s6bku17.jpg,
https://wx2.sinaimg.cn/large/006ORsaigy1hsaykz44bdj36bk47s7wt.jpg,
https://wx2.sinaimg.cn/large/006ORsaigy1hsaylm08boj33w25tzkju.jpg,
https://wx2.sinaimg.cn/large/006ORsaigy1hsdcc9clhdj30ll0sswjc.jpg,
https://wx2.sinaimg.cn/large/006ORsaigy1hsdcc9xn0dj30wi17ck3s.jpg,
https://wx2.sinaimg.cn/large/006ORsaigy1hsozul82pej36bk47sb2g.jpg,
https://wx2.sinaimg.cn/large/006ORsaigy1hsozvn1j68j347s6bkhe0.jpg,
https://wx2.sinaimg.cn/large/006ORsaigy1hsozvs2xtnj36bk47skjr.jpg,
https://wx2.sinaimg.cn/large/006ORsaigy1hsuidmzny8j34mo3344qu.jpg,
https://wx2.sinaimg.cn/large/006ORsaigy1hsuidpzvpdj33344mo7wm.jpg,
https://wx2.sinaimg.cn/large/006ORsaigy1hsuihcifnvj32sx47du11.jpg,
https://wx2.sinaimg.cn/large/006ORsaigy1hsvskh49fuj32c0340u0y.jpg,
https://wx2.sinaimg.cn/large/006ORsaigy1ht04k8uwlcj32yo3y8b2g.jpg,
https://wx2.sinaimg.cn/large/006ORsaigy1ht04khfatyj30wi17cqv5.jpg,
https://wx2.sinaimg.cn/large/006ORsaigy1ht04kr2e95j32yo3y8e8c.jpg,
https://wx2.sinaimg.cn/large/006ORsaigy1ht04kyhupnj30wi17cqv5.jpg,
https://wx2.sinaimg.cn/large/006ORsaigy1ht2kwqxvl3j30tu13r7wh.jpg,
https://wx2.sinaimg.cn/large/006ORsaigy1ht2kwshxvrj32yo3y8hdw.jpg,
https://wx2.sinaimg.cn/large/006ORsaigy1ht3gdb1cuxj3638426kjr.jpg,
https://wx2.sinaimg.cn/large/006ORsaigy1ht3gdi24nrj3426638e89.jpg,
https://wx2.sinaimg.cn/large/006ORsaigy1ht3gdo40dvj34266384qw.jpg,
https://wx2.sinaimg.cn/large/006ORsaigy1ht3gdx8ltej3426638kjt.jpg,
https://wx2.sinaimg.cn/large/006ORsaigy1ht3ge5lnsmj36384261l3.jpg,
https://wx2.sinaimg.cn/large/006ORsaigy1ht8gc4chtlj32tc480u13.jpg,
https://wx2.sinaimg.cn/large/006ORsaigy1htim7uzi9hj34mo334qv9.jpg,
https://wx2.sinaimg.cn/large/006ORsaigy1htim87v7f9j34mo3347wm.jpg,
https://wx2.sinaimg.cn/large/006ORsaigy1htim8a8t6wj34mo334x6t.jpg,
https://wx2.sinaimg.cn/large/006ORsaigy1htim8h14wqj34mo334b2d.jpg,
https://wx2.sinaimg.cn/large/006ORsaigy1htwnfyppfhj31o0280e34.jpg,
https://wx2.sinaimg.cn/large/006ORsaigy1htwng01ye8j31o0280e0x.jpg,
https://wx2.sinaimg.cn/large/006ORsaigy1htwng2216kj31o0280qq2.jpg,
https://wx2.sinaimg.cn/large/006ORsaigy1htxqa8rgchj32c0340hdu.jpg,
https://wx2.sinaimg.cn/large/006ORsaigy1hu2k6x7tzsj32342s6npd.jpg,
https://wx2.sinaimg.cn/large/006ORsaigy1hu3gl8mwo7j31sc2dsqv5.jpg,
https://wx2.sinaimg.cn/large/006ORsaigy1hu4oztqpnqj32yo3y81l4.jpg,
https://wx2.sinaimg.cn/large/006ORsaigy1hu75slaey6j30m80m8gp6.jpg,
https://wx2.sinaimg.cn/large/006ORsaily1hoocl2kj6jj32j01w97wh.jpg,
https://wx2.sinaimg.cn/large/006ORsaily1hoocl4gxymj32c0340npd.jpg,
https://wx2.sinaimg.cn/large/006ORsaily1hoqglm2xlij30u01hcb2a.jpg,
https://wx2.sinaimg.cn/large/006ORsaily1hoqglqnutsj32803y8b2e.jpg,
https://wx2.sinaimg.cn/large/006ORsaily1hosovu2tl6j32c0340hdt.jpg,
https://wx2.sinaimg.cn/large/006ORsaily1hou4jqcsthj30wi17c14e.jpg,
https://wx2.sinaimg.cn/large/006ORsaily1houx2rck5gj30wi17cx6p.jpg,
https://wx2.sinaimg.cn/large/006ORsaily1houx3h2l5pj32yo3y8b2k.jpg,
https://wx2.sinaimg.cn/large/006ORsaily1hp92y2t5vgj30wi17cqv5.jpg,
https://wx2.sinaimg.cn/large/006ORsaily1hp92yei7aqj30wi17cnpd.jpg,
https://wx2.sinaimg.cn/large/006ORsaily1hpa6cl7l9uj30wi17wu0x.jpg,
https://wx2.sinaimg.cn/large/006ORsaily1hpbchvf6q1j30wi17cgxx.jpg,
https://wx2.sinaimg.cn/large/006ORsaily1hpc7599habj347p6bknpk.jpg,
https://wx2.sinaimg.cn/large/006ORsaily1hpdj8bzds9j347s6bk4r0.jpg,
https://wx2.sinaimg.cn/large/006ORsaily1hpdj8rf182j347s6bku18.jpg,
https://wx2.sinaimg.cn/large/006ORsaily1hpdj98lp6uj36bk47s7wt.jpg,
https://wx2.sinaimg.cn/large/006ORsaily1hpdja1x7ezj36bk47sb2k.jpg,
https://wx2.sinaimg.cn/large/006ORsaily1hpdjaxb9bej36bk47su18.jpg,
https://wx2.sinaimg.cn/large/006ORsaily1hpdjbq986uj36bk47sqvg.jpg,
https://wx2.sinaimg.cn/large/006ORsaily1hpes0ufqczj31o02804qp.jpg,
https://wx2.sinaimg.cn/large/006ORsaily1hpes0vl2vej31o02801kx.jpg,
https://wx2.sinaimg.cn/large/006ORsaily1hpes13xylrj31o02801kx.jpg,
https://wx2.sinaimg.cn/large/006ORsaily1hpes14v8k0j31o0280np6.jpg,
https://wx2.sinaimg.cn/large/006ORsaily1hpes19c63jj31o02801kx.jpg,
https://wx2.sinaimg.cn/large/006ORsaily1hpfqzo3nttj32j01w97wi.jpg,
https://wx2.sinaimg.cn/large/006ORsaily1hpg05p6rvuj36hy3nlqvh.jpg,
https://wx2.sinaimg.cn/large/006ORsaily1hph8amcb8oj348w6dcx70.jpg,
https://wx2.sinaimg.cn/large/006ORsaily1hph8b2mue7j36dc48wx74.jpg,
https://wx2.sinaimg.cn/large/006ORsaily1hpsgniy3czj348w6dche1.jpg,
https://wx2.sinaimg.cn/large/006ORsaily1hpsgogrv3rj35ss3v7qvd.jpg,
https://wx2.sinaimg.cn/large/006ORsaily1hpsgpnkanij348w6dc1l8.jpg,
https://wx2.sinaimg.cn/large/006ORsaily1hpv3w65kxvj32yo3y8u18.jpg,
https://wx2.sinaimg.cn/large/006ORsaily1hpv3winzvij30wi17cqv5.jpg,
https://wx2.sinaimg.cn/large/006ORsaily1hq0hrzxz4sj31o0280x4j.jpg,
https://wx2.sinaimg.cn/large/006ORsaily1hq0hs2fd7qj31o0280h9c.jpg,
https://wx2.sinaimg.cn/large/006ORsaily1hq0hs3nwq9j31o0280qsl.jpg,
https://wx2.sinaimg.cn/large/006ORsaily1hq1v2hp3wyj30u0140anz.jpg,
https://wx2.sinaimg.cn/large/006ORsaily1hq7tq5ehr9j32yo3y84qq.jpg,
https://wx2.sinaimg.cn/large/006ORsaily1hq8rv3i8m8j30w9183u0x.jpg,
https://wx2.sinaimg.cn/large/006ORsaily1hq8rva8xsuj32yo3y8x6v.jpg,
https://wx2.sinaimg.cn/large/006ORsaily1hqmlbm96n5j32gw3pc4qu.jpg,
https://wx2.sinaimg.cn/large/006ORsaily1hqmlc2tdp1j32gw3qou10.jpg,
https://wx2.sinaimg.cn/large/006ORsaily1hqmlek5ao2j32gw3pc7wk.jpg,
https://wx2.sinaimg.cn/large/006ORsaily1hqmlersugyj32gw3siqv9.jpg,
https://wx2.sinaimg.cn/large/006ORsaily1hqo5yc0rnyj32yo3y8x6u.jpg,
https://wx2.sinaimg.cn/large/006ORsaily1hqp2g2a32bj32c0340b29.jpg,
https://wx2.sinaimg.cn/large/006ORsaily1hqp2g5qq7mj32c0340kjl.jpg,
https://wx2.sinaimg.cn/large/006ORsaily1hqp2g9ih74j32c0340e81.jpg,
https://wx2.sinaimg.cn/large/006ORsaily1hqrhiuw6h3j32yo3y8hdt.jpg,
https://wx2.sinaimg.cn/large/006ORsaily1hquxs76u1lj323f2slhdu.jpg,
https://wx2.sinaimg.cn/large/006ORsaily1hquxs8rritj30wi17cwrs.jpg,
https://wx2.sinaimg.cn/large/006ORsaily1hqv0qqp0mmj32mw3y84qs.jpg,
https://wx2.sinaimg.cn/large/006ORsaily1hu92v7qb2ij30wi17c14o.jpg,
https://wx2.sinaimg.cn/large/006lOefagy1hov51vghefj30wr0p641n.jpg,
https://wx2.sinaimg.cn/large/006lOefagy1hov51xsw1cj30wr0mymzr.jpg,
https://wx2.sinaimg.cn/large/006lOefagy1hov520gg0yj31vw1z4dou.jpg,
https://wx2.sinaimg.cn/large/006lOefagy1hov520vb4nj30u00pqabs.jpg,
https://wx2.sinaimg.cn/large/007p8dunly1hfrlrowdr4j30zoaaj4qq.jpg,
https://wx2.sinaimg.cn/large/007p8dunly1hq0doqjmrrj31jkaf21kz.jpg,
https://wx2.sinaimg.cn/large/007p8dunly1hq0en8bi14j30zo9ko4qq.jpg,
https://wx2.sinaimg.cn/large/008axGQzgy1ht12nic1ghj30m80vf7bq.jpg,
https://wx2.sinaimg.cn/large/3e416ca7gy1hpy77p2i1zj20rt1db10l.jpg,
https://wx2.sinaimg.cn/large/45cc6f62gy1hs6e90q3aqj22d43jkqv7.jpg,
https://wx2.sinaimg.cn/large/45cc6f62gy1hs6edf661aj22d43jk1l0.jpg,
https://wx2.sinaimg.cn/large/45cc6f62gy1hs6edq5m2uj22d43jkkjn.jpg,
https://wx2.sinaimg.cn/large/45cc6f62gy1hs6edt9s7aj22d43jkx6r.jpg,
https://wx2.sinaimg.cn/large/4b9b4debly1hrw350qtecj20u01400xw.jpg,
https://wx2.sinaimg.cn/large/4b9b4debly1hrw35169ekj20u0140jw2.jpg,
https://wx2.sinaimg.cn/large/4b9b4debly1hrw362prtoj20u013zwip.jpg,
https://wx2.sinaimg.cn/large/4b9b4debly1hrw365867yj21400u0wim.jpg,
https://wx2.sinaimg.cn/large/4b9b4debly1hrw3659ggaj20u0140dka.jpg,
https://wx2.sinaimg.cn/large/56f636abgy1hrfdn4djlxj230o4j0qv6.jpg,
https://wx2.sinaimg.cn/large/56f636abgy1hrfdnjsy14j212a1lf4cj.jpg,
https://wx2.sinaimg.cn/large/671176ffgy1hotxqeeuirj22dc35s1kz.jpg,
https://wx2.sinaimg.cn/large/671176ffgy1hotxqizvc4j236m4rxu11.jpg,
https://wx2.sinaimg.cn/large/6ddddd9egy1hrayf8sh4gj20dw0dw0tg.jpg,
https://wx2.sinaimg.cn/large/6ddddd9egy1hrayf8vqloj20dw0dwjt2.jpg,
https://wx2.sinaimg.cn/large/6ddddd9egy1hrayf8vycyj20dw0dwtat.jpg,
https://wx2.sinaimg.cn/large/6e7ad70fgy1hs1iyaw65xj20xc175qv5.jpg,
https://wx2.sinaimg.cn/large/6e7ad70fgy1hs1iyee0rej22a22a1b2a.jpg,
https://wx2.sinaimg.cn/large/70745653ly1hon4zre5vpj20em0scn3w.jpg,
https://wx2.sinaimg.cn/large/70745653ly1hon4zre6adj20co0s9wl6.jpg,
https://wx2.sinaimg.cn/large/70745653ly1hon4zrosmcj20mn1m5aqm.jpg,
https://wx2.sinaimg.cn/large/70745653ly1hon4zs4ortj20qc4fy7wh.jpg,
https://wx2.sinaimg.cn/large/70745653ly1hon5y5iua6g209v088npv.gif,
https://wx2.sinaimg.cn/large/70745653ly1hong65rzbvg20hq0hsnpl.gif,
https://wx2.sinaimg.cn/large/7225ade5ly1hq9z7ykjt6j22bc4x1b2e.jpg,
https://wx2.sinaimg.cn/large/72a5f063ly1hu5zkfnjajj24df6sru17.jpg,
https://wx2.sinaimg.cn/large/7a0ce8d1gy1hoyds3p8vrj21910u0akx.jpg,
https://wx2.sinaimg.cn/large/7f226bcdgy1hr592df9ouj20go344u0x.jpg,
https://wx2.sinaimg.cn/large/7f226bcdgy1hr592haykwj20go2oukjl.jpg,
https://wx2.sinaimg.cn/large/7f226bcdgy1hr592k2431j20zk0npjwu.jpg,
https://wx2.sinaimg.cn/large/7f226bcdgy1hr592keszvj20zk0np0x5.jpg,
https://wx2.sinaimg.cn/large/7f226bcdgy1hr592mvd2oj20u015zk7e.jpg,
https://wx2.sinaimg.cn/large/96dd1495ly1hq0pl56h9bj20qe2d7nfy.jpg,
https://wx2.sinaimg.cn/large/96dd1495ly1hq0pl5bdo8j20qe334awb.jpg,
https://wx2.sinaimg.cn/large/96dd1495ly1hq0pl5but7j20qe39itvj.jpg,
https://wx2.sinaimg.cn/large/96dd1495ly1hq0pl5pp6hj20qe3rkb0j.jpg,
https://wx2.sinaimg.cn/large/96dd1495ly1hq0pl6xjdqj20qe4moe81.jpg,
https://wx2.sinaimg.cn/large/96dd1495ly1hq0pl82k6vj20u016f7go.jpg,
https://wx2.sinaimg.cn/large/96dd1495ly1hq0pl870t1j20qe6ze7wi.jpg,
https://wx2.sinaimg.cn/large/97f655d2gy1hs85ux52v0j21061lcwwj.jpg,
https://wx2.sinaimg.cn/large/97f655d2gy1hs85v1gwzdj21061ko1h6.jpg,
https://wx2.sinaimg.cn/large/97f655d2gy1hs85v6zkh7j21061lck59.jpg,
https://wx2.sinaimg.cn/large/97f655d2gy1hs85wenhz6j20zm1k2dvu.jpg,
https://wx2.sinaimg.cn/large/97f655d2gy1hs85whj6qej21021kc18r.jpg,
https://wx2.sinaimg.cn/large/97f655d2gy1hs85wl0jf5j20z21kknf7.jpg,
https://wx2.sinaimg.cn/large/a0fed46agy1hu9kx4p822j22io1w07wj.jpg,
https://wx2.sinaimg.cn/large/a0fed46agy1hu9kxewb3qj22io1w07wj.jpg,
https://wx2.sinaimg.cn/large/a0fed46agy1hu9kxnovmzj22io1w04qr.jpg,
https://wx2.sinaimg.cn/large/a91edd18ly1hucy1zxwk2j23gg56oqvb.jpg,
https://wx2.sinaimg.cn/large/a91edd18ly1hucy24dti7j23gg56o7wo.jpg,
https://wx2.sinaimg.cn/large/a9791828gy1hp3el3q1z9j21o0280hdu.jpg,
https://wx2.sinaimg.cn/large/a9791828gy1hp3exeizhbj21kx1kxqal.jpg,
https://wx2.sinaimg.cn/large/a9791828gy1hqhyfyog5dj22801o87wi.jpg,
https://wx2.sinaimg.cn/large/a9791828gy1hqhyktn7dpj216o1kw4qp.jpg,
https://wx2.sinaimg.cn/large/b04d3bbegy1hubtm2g3q4j23y8280kjm.jpg,
https://wx2.sinaimg.cn/large/b04d3bbegy1hubtm546noj23y8280x6q.jpg,
https://wx2.sinaimg.cn/large/b04d3bbegy1hubtwfnet6j23y8280u0z.jpg,
https://wx2.sinaimg.cn/large/b04d3bbely1hoxlunf1wxj22mt3y8qv7.jpg,
https://wx2.sinaimg.cn/large/b04d3bbely1hoxlustwgvj23y82yob2b.jpg,
https://wx2.sinaimg.cn/large/b1957e8bgy1hs2ymagqt8j20u01hcdzo.jpg,
https://wx2.sinaimg.cn/large/b1957e8bgy1ht640vgdp4j20wi1yc7hr.jpg,
https://wx2.sinaimg.cn/large/b1957e8bly1hq7u3c1kbmj21hc140x1y.jpg,
https://wx2.sinaimg.cn/large/b1957e8bly1hq7u3f8al2j21o02804qq.jpg,
https://wx2.sinaimg.cn/large/b1957e8bly1hq7u3tl2jmj21o0280x6q.jpg,
https://wx2.sinaimg.cn/large/b28b9991gy1hs2xhwrkdxj227e3b41l1.jpg,
https://wx2.sinaimg.cn/large/b28b9991gy1hs2xhyomu0j23xc2m8e86.jpg,
https://wx2.sinaimg.cn/large/b28b9991gy1hs2xi0mpqij23xc2m87wn.jpg,
https://wx2.sinaimg.cn/large/b28b9991gy1hs2xi0w0nlj22m83xcu12.jpg,
https://wx2.sinaimg.cn/large/b28b9991gy1hs2xi3ewqlj22m83xce87.jpg,
https://wx2.sinaimg.cn/large/b28b9991gy1hs2xi45pz0j24hc2zmnpl.jpg,
https://wx2.sinaimg.cn/large/bd0b78faly1hu4q6kk0rzj21sc2ds1ky.jpg,
https://wx2.sinaimg.cn/large/bf25f89fgy1hudtkbqwmwj22c0340e82.jpg,
https://wx2.sinaimg.cn/large/bf25f89fgy1hudtnf4cmcj22c03401kz.jpg,
https://wx2.sinaimg.cn/large/bf25f89fgy1hudtnjmgtfj22c0340b2a.jpg,
https://wx2.sinaimg.cn/large/bf25f89fgy1hudtwbhoidj22c0340u0y.jpg,
https://wx2.sinaimg.cn/large/c5764812gy1hscxxto810j20u814b12e.jpg,
https://wx2.sinaimg.cn/large/c5764812gy1hscxxu1r8pj20tl13gq9i.jpg,
https://wx2.sinaimg.cn/large/c5764812gy1hscxxultn8j20ud14ik1c.jpg,
https://wx2.sinaimg.cn/large/c5764812gy1hscxxwc1kqj20tg139ajz.jpg,
https://wx2.sinaimg.cn/large/c5764812ly1hpeuwc0hssj22xs4eo1l0.jpg,
https://wx2.sinaimg.cn/large/c5764812ly1hpeuwesoimj22xs4eou0z.jpg,
https://wx2.sinaimg.cn/large/c5764812ly1hpeuxktyekj24eo2xs1l0.jpg,
https://wx2.sinaimg.cn/orj480/002TLsr9ly1hq0vhw5ncnj61ap0qaath02.jpg,
https://wx2.sinaimg.cn/orj480/006ORsaigy1hrb0j0ey4tj30u01hcn3w.jpg,
https://wx2.sinaimg.cn/orj480/006ORsaigy1hrdej2myimj31o02807wh.jpg,
https://wx2.sinaimg.cn/orj480/006ORsaily1hou0dnerz1j30u0140k1p.jpg,
https://wx2.sinaimg.cn/orj480/006ORsaily1hqrfaj2dxoj30u01417kw.jpg,
https://wx2.sinaimg.cn/orj480/77afca62ly1huf6hahqbbj20u00gwq4v.jpg,
https://wx3.sinaimg.cn/large/001X4Z0vgy1hq6lt8ybk0j60rk19y1kx02.jpg,
https://wx3.sinaimg.cn/large/001X4Z0vgy1hq6lusui6rj60rk19ygz702.jpg,
https://wx3.sinaimg.cn/large/0033ImPzly1hu6k3o0wirj60p014aqlq02.jpg,
https://wx3.sinaimg.cn/large/0033ImPzly1hu6k3o28g5j60p014aqrl02.jpg,
https://wx3.sinaimg.cn/large/0033ImPzly1hu6k3okj0wj60p014a7wh02.jpg,
https://wx3.sinaimg.cn/large/0033ImPzly1hu6k3ot16dj60p014akjl02.jpg,
https://wx3.sinaimg.cn/large/005FZpBHly1hpv937y9u9j329930c1l1.jpg,
https://wx3.sinaimg.cn/large/005KIYiBgy1ht2o83nkd5j343c64wqvf.jpg,
https://wx3.sinaimg.cn/large/005KIYiBgy1ht2o8fy1l6j364w43cnpn.jpg,
https://wx3.sinaimg.cn/large/006ORsaigy1hem6lv3g9jj30v90v1ada.jpg,
https://wx3.sinaimg.cn/large/006ORsaigy1hozutvx4uqj335d5lju16.jpg,
https://wx3.sinaimg.cn/large/006ORsaigy1hp3dobs6rvj30wi17cnpd.jpg,
https://wx3.sinaimg.cn/large/006ORsaigy1hp3doiivs2j32z03y81l4.jpg,
https://wx3.sinaimg.cn/large/006ORsaigy1hp3doqkmthj33003y8qvb.jpg,
https://wx3.sinaimg.cn/large/006ORsaigy1hqa1c4ykx1j32w01xcb2a.jpg,
https://wx3.sinaimg.cn/large/006ORsaigy1hqb7x2o0azj30u014018p.jpg,
https://wx3.sinaimg.cn/large/006ORsaigy1hqbdplo4aaj32yo3y8u12.jpg,
https://wx3.sinaimg.cn/large/006ORsaigy1hqded2vqd5j30u01407ln.jpg,
https://wx3.sinaimg.cn/large/006ORsaigy1hqded3maydj30u01407eo.jpg,
https://wx3.sinaimg.cn/large/006ORsaigy1hqded5w0pmj30u0140qh6.jpg,
https://wx3.sinaimg.cn/large/006ORsaigy1hqejtrdesxj30u0140qi3.jpg,
https://wx3.sinaimg.cn/large/006ORsaigy1hqejtzbj1uj30u0140ni8.jpg,
https://wx3.sinaimg.cn/large/006ORsaigy1hqi4fy9uynj33402c04qq.jpg,
https://wx3.sinaimg.cn/large/006ORsaigy1hqka7qi07vj30u0140n5s.jpg,
https://wx3.sinaimg.cn/large/006ORsaigy1hqka8406fij33402c07wj.jpg,
https://wx3.sinaimg.cn/large/006ORsaigy1hqka85r19wj30u0140qfk.jpg,
https://wx3.sinaimg.cn/large/006ORsaigy1hqkdxqmxuij30wi17ctrk.jpg,
https://wx3.sinaimg.cn/large/006ORsaigy1hr2wpti5xbj33b04eo4qu.jpg,
https://wx3.sinaimg.cn/large/006ORsaigy1hr2wr9de6cj317c0witqy.jpg,
https://wx3.sinaimg.cn/large/006ORsaigy1hr2wrh4r86j30wi17ch5z.jpg,
https://wx3.sinaimg.cn/large/006ORsaigy1hr7h4zbmw6j32tc480x6u.jpg,
https://wx3.sinaimg.cn/large/006ORsaigy1hr7h5jyxjtj33r72i51l0.jpg,
https://wx3.sinaimg.cn/large/006ORsaigy1hr7h5zsub6j34802tcb2d.jpg,
https://wx3.sinaimg.cn/large/006ORsaigy1hr7h8hli5kj33uh25wx6r.jpg,
https://wx3.sinaimg.cn/large/006ORsaigy1hr7ieqiijpj32tc480e84.jpg,
https://wx3.sinaimg.cn/large/006ORsaigy1hrc1ryw64lj32c0340u0y.jpg,
https://wx3.sinaimg.cn/large/006ORsaigy1hrc1s3ju44j32c0340qv6.jpg,
https://wx3.sinaimg.cn/large/006ORsaigy1hrffscjttej30wi17cqh3.jpg,
https://wx3.sinaimg.cn/large/006ORsaigy1hs0lgb9zbtj30np0zkgta.jpg,
https://wx3.sinaimg.cn/large/006ORsaigy1hs0lghz9lgj30np0zkjzf.jpg,
https://wx3.sinaimg.cn/large/006ORsaigy1hsaybeosctj36bk47skjw.jpg,
https://wx3.sinaimg.cn/large/006ORsaigy1hsayboo4k7j33wt5v4u16.jpg,
https://wx3.sinaimg.cn/large/006ORsaigy1hsaygpx2nwj36bk47su18.jpg,
https://wx3.sinaimg.cn/large/006ORsaigy1hsayklsr09j35p03sqqve.jpg,
https://wx3.sinaimg.cn/large/006ORsaigy1hsaylfl7osj36bk47sqvg.jpg,
https://wx3.sinaimg.cn/large/006ORsaigy1hsozuvcvraj36bk47su13.jpg,
https://wx3.sinaimg.cn/large/006ORsaigy1hsozv8l9s4j36bk47s1l4.jpg,
https://wx3.sinaimg.cn/large/006ORsaigy1hsozvwybhaj36bk47sb2g.jpg,
https://wx3.sinaimg.cn/large/006ORsaigy1hsozw4btmhj36bk47sx6w.jpg,
https://wx3.sinaimg.cn/large/006ORsaigy1hsuigz5p26j33344moqvb.jpg,
https://wx3.sinaimg.cn/large/006ORsaigy1hsuih4mv5wj34mo334b2f.jpg,
https://wx3.sinaimg.cn/large/006ORsaigy1ht04fzfs50j30wi17cu0x.jpg,
https://wx3.sinaimg.cn/large/006ORsaigy1ht04hewh1rj32yo3y87wo.jpg,
https://wx3.sinaimg.cn/large/006ORsaigy1ht04ocn44zj30wi17cnpd.jpg,
https://wx3.sinaimg.cn/large/006ORsaigy1ht04oe2fisj30wi17cnpd.jpg,
https://wx3.sinaimg.cn/large/006ORsaigy1ht2kwtl8hbj30uj14p1kx.jpg,
https://wx3.sinaimg.cn/large/006ORsaigy1ht2kx4v7rsj30gm0qf44h.jpg,
https://wx3.sinaimg.cn/large/006ORsaigy1ht3gdqxt89j36384261l5.jpg,
https://wx3.sinaimg.cn/large/006ORsaigy1ht3gdu0wqrj3638426x6v.jpg,
https://wx3.sinaimg.cn/large/006ORsaigy1ht3gebietuj3638426e89.jpg,
https://wx3.sinaimg.cn/large/006ORsaigy1ht4v85siuuj32c03407wi.jpg,
https://wx3.sinaimg.cn/large/006ORsaigy1ht8g71rdabj32tc4807wm.jpg,
https://wx3.sinaimg.cn/large/006ORsaigy1ht8gbq1ez5j34802tc7wo.jpg,
https://wx3.sinaimg.cn/large/006ORsaigy1htim8ffwfnj345o2rskjo.jpg,
https://wx3.sinaimg.cn/large/006ORsaigy1htwng4uee2j31o0280qtf.jpg,
https://wx3.sinaimg.cn/large/006ORsaigy1htxqa7mnu1j32c0340b2a.jpg,
https://wx3.sinaimg.cn/large/006ORsaigy1hu1aevmiaoj30wi17cgvt.jpg,
https://wx3.sinaimg.cn/large/006ORsaigy1hu3gl96siej30wi17c7g5.jpg,
https://wx3.sinaimg.cn/large/006ORsaigy1hu3peoe9pmj30wi18x106.jpg,
https://wx3.sinaimg.cn/large/006ORsaigy1hu4ozywdpoj30wi17cqv5.jpg,
https://wx3.sinaimg.cn/large/006ORsaigy1hu4p03mbomj31401hcalu.jpg,
https://wx3.sinaimg.cn/large/006ORsaily1holu63ki53j32c0340npe.jpg,
https://wx3.sinaimg.cn/large/006ORsaily1hoocl1xazjj32c0340kjl.jpg,
https://wx3.sinaimg.cn/large/006ORsaily1hoocl65efxj32c0340e81.jpg,
https://wx3.sinaimg.cn/large/006ORsaily1hoocl7fihdj32c02c0nkk.jpg,
https://wx3.sinaimg.cn/large/006ORsaily1hoqglw7xo8j32803y8x6u.jpg,
https://wx3.sinaimg.cn/large/006ORsaily1horz5xjv85j329c2zm7wh.jpg,
https://wx3.sinaimg.cn/large/006ORsaily1hosovvazygj32c0340u0x.jpg,
https://wx3.sinaimg.cn/large/006ORsaily1hosovw3dbjj32c03404qp.jpg,
https://wx3.sinaimg.cn/large/006ORsaily1hot0l1agd4j30zt0q84ds.jpg,
https://wx3.sinaimg.cn/large/006ORsaily1hou4jrukkjj30wi17cnpd.jpg,
https://wx3.sinaimg.cn/large/006ORsaily1hou4l213a4j30u0140tgg.jpg,
https://wx3.sinaimg.cn/large/006ORsaily1hou4pa7v7rj30u0140ti6.jpg,
https://wx3.sinaimg.cn/large/006ORsaily1hou67s3c1lj31o02yo1kz.jpg,
https://wx3.sinaimg.cn/large/006ORsaily1hou6a8s0cnj31o02yo1kz.jpg,
https://wx3.sinaimg.cn/large/006ORsaily1houx2og34gj32yo3y81l8.jpg,
https://wx3.sinaimg.cn/large/006ORsaily1hov22v1e0gj30u0140af2.jpg,
https://wx3.sinaimg.cn/large/006ORsaily1hpbcga0fooj30wi17c14o.jpg,
https://wx3.sinaimg.cn/large/006ORsaily1hpbdd3uqfsj32c03401kz.jpg,
https://wx3.sinaimg.cn/large/006ORsaily1hpc73w1boej33ue5rk1l4.jpg,
https://wx3.sinaimg.cn/large/006ORsaily1hpc742cetaj33ee53lnpi.jpg,
https://wx3.sinaimg.cn/large/006ORsaily1hpc74adfsej341g626e89.jpg,
https://wx3.sinaimg.cn/large/006ORsaily1hpdjbbuidxj347s6bkb2l.jpg,
https://wx3.sinaimg.cn/large/006ORsaily1hpennqkjsdj30wi17xnc2.jpg,
https://wx3.sinaimg.cn/large/006ORsaily1hpes0tby9rj31o02801kx.jpg,
https://wx3.sinaimg.cn/large/006ORsaily1hpes17ef98j31o02804qp.jpg,
https://wx3.sinaimg.cn/large/006ORsaily1hpes1akmklj31o02807w1.jpg,
https://wx3.sinaimg.cn/large/006ORsaily1hpes1bwnomj31o02801kx.jpg,
https://wx3.sinaimg.cn/large/006ORsaily1hpes1g547lj31o0280b1z.jpg,
https://wx3.sinaimg.cn/large/006ORsaily1hpfqzmd5erj31w92ite81.jpg,
https://wx3.sinaimg.cn/large/006ORsaily1hpfqzqc3pfj32j01w94qp.jpg,
https://wx3.sinaimg.cn/large/006ORsaily1hpfr8p14tbj31w62it1kx.jpg,
https://wx3.sinaimg.cn/large/006ORsaily1hpg060wbf6j335d5lju16.jpg,
https://wx3.sinaimg.cn/large/006ORsaily1hpg067hkp3j32bt44z1l3.jpg,
https://wx3.sinaimg.cn/large/006ORsaily1hpg06b19akj31o02yoe83.jpg,
https://wx3.sinaimg.cn/large/006ORsaily1hpg06mro4dj36bk3k0x71.jpg,
https://wx3.sinaimg.cn/large/006ORsaily1hph8d1f8izj348w6dce8a.jpg,
https://wx3.sinaimg.cn/large/006ORsaily1hpic8pofluj32c0340hdv.jpg,
https://wx3.sinaimg.cn/large/006ORsaily1hpjfi2dtftj32j02j01kx.jpg,
https://wx3.sinaimg.cn/large/006ORsaily1hpsgoske9gj348w6dcu17.jpg,
https://wx3.sinaimg.cn/large/006ORsaily1hpsgp22wwcj33yo5jq1l6.jpg,
https://wx3.sinaimg.cn/large/006ORsaily1hpsgpbcn7dj348w6dcb2i.jpg,
https://wx3.sinaimg.cn/large/006ORsaily1hpsgq6okx6j348w6dcnpl.jpg,
https://wx3.sinaimg.cn/large/006ORsaily1hpvzfned3zj30wi17c1ky.jpg,
https://wx3.sinaimg.cn/large/006ORsaily1hq0hrz312oj31o02801kx.jpg,
https://wx3.sinaimg.cn/large/006ORsaily1hq0hs19q9hj31o0280e62.jpg,
https://wx3.sinaimg.cn/large/006ORsaily1hq0hs57x1vj31o0280txm.jpg,
https://wx3.sinaimg.cn/large/006ORsaily1hq0hs990p0j31o02804qp.jpg,
https://wx3.sinaimg.cn/large/006ORsaily1hqmlczrlnaj33pc2304qs.jpg,
https://wx3.sinaimg.cn/large/006ORsaily1hqmld6na2dj33pc230u0z.jpg,
https://wx3.sinaimg.cn/large/006ORsaily1hqmldd5351j33pc230x6r.jpg,
https://wx3.sinaimg.cn/large/006ORsaily1hqmlez30cxj33pc2307wl.jpg,
https://wx3.sinaimg.cn/large/006ORsaily1hqo5y3xws7j30w9170npd.jpg,
https://wx3.sinaimg.cn/large/006ORsaily1hqp2g40m35j32c0340b2a.jpg,
https://wx3.sinaimg.cn/large/006ORsaily1hqp2g86at2j32c0340hdt.jpg,
https://wx3.sinaimg.cn/large/006ORsaily1hqp2gal69hj329i30o4qp.jpg,
https://wx3.sinaimg.cn/large/006ORsaily1hquxqb55zgj30vi160qjd.jpg,
https://wx3.sinaimg.cn/large/006ORsaily1hquxqwfhfpj32gw3pcu0z.jpg,
https://wx3.sinaimg.cn/large/006ORsaily1hquxrzoe42j30wi17ctoc.jpg,
https://wx3.sinaimg.cn/large/006ORsaily1hquxs45p40j33pc2gw4qs.jpg,
https://wx3.sinaimg.cn/large/006ORsaily1hquxs5vlacj30uo14x7fo.jpg,
https://wx3.sinaimg.cn/large/006ORsaily1hqv0r1g4yoj32ms3y87wh.jpg,
https://wx3.sinaimg.cn/large/006ORsaily1hqv0r44irtj32c0340x6r.jpg,
https://wx3.sinaimg.cn/large/006ORsaily1hqv1886lhhj32ms3y8u10.jpg,
https://wx3.sinaimg.cn/large/006ORsaily1hrvkdsraw8j30wi17c7gt.jpg,
https://wx3.sinaimg.cn/large/006ORsaily1huagc0ehdpj30wi17ctop.jpg,
https://wx3.sinaimg.cn/large/006lOefagy1hov51vux2cj31hc1z413e.jpg,
https://wx3.sinaimg.cn/large/006lOefagy1hov51y9amlj30wr0m3q5e.jpg,
https://wx3.sinaimg.cn/large/006lOefagy1hov51zlw93j30zk1bf0xl.jpg,
https://wx3.sinaimg.cn/large/006lOefagy1hov5200e8sj30zk12swht.jpg,
https://wx3.sinaimg.cn/large/006lOefagy1hov522pwalj30u015igq0.jpg,
https://wx3.sinaimg.cn/large/006lOefagy1hov5235nbkj30wr1qr11u.jpg,
https://wx3.sinaimg.cn/large/007p8dunly1hfbyji2wjqj31z45v44qt.jpg,
https://wx3.sinaimg.cn/large/007p8dunly1hfdrfebp4oj34764nn4qq.jpg,
https://wx3.sinaimg.cn/large/007p8dunly1hq0dqbmf22j312p2wme1y.jpg,
https://wx3.sinaimg.cn/large/007p8dunly1hq0dqc31vmj312p0wc0xb.jpg,
https://wx3.sinaimg.cn/large/007p8dunly1hq0dqcj96bj30zo2cs7ex.jpg,
https://wx3.sinaimg.cn/large/008axGQzgy1ht12nhsgbpj30m80vfh0h.jpg,
https://wx3.sinaimg.cn/large/3e416ca7gy1hpy77qwqkcj20wr0wbgo5.jpg,
https://wx3.sinaimg.cn/large/3e416ca7gy1hpy77rglhcj20wr0tugnr.jpg,
https://wx3.sinaimg.cn/large/45cc6f62gy1hs6e8wpcwfj22d43jkhdv.jpg,
https://wx3.sinaimg.cn/large/45cc6f62gy1hs6e95f5m2j22d43jkx6r.jpg,
https://wx3.sinaimg.cn/large/45cc6f62gy1hs6edl8z47j22d43jknpf.jpg,
https://wx3.sinaimg.cn/large/45cc6f62gy1hs6ednumlfj22d43jkqv7.jpg,
https://wx3.sinaimg.cn/large/4b9b4debly1hrw3510t6jj20u014078x.jpg,
https://wx3.sinaimg.cn/large/4b9b4debly1hrw3658japj20u0140jv8.jpg,
https://wx3.sinaimg.cn/large/4b9b4debly1hrw365a7ogj20u01400xc.jpg,
https://wx3.sinaimg.cn/large/56f636abgy1hrfdna4iy5j22uz4ahqv6.jpg,
https://wx3.sinaimg.cn/large/671176ffgy1hotxqenrb3j22dc35sqv7.jpg,
https://wx3.sinaimg.cn/large/671176ffgy1hotxqer62wj22dc35sx6q.jpg,
https://wx3.sinaimg.cn/large/6ddddd9egy1hrayf8up0ej20dw0dwwfe.jpg,
https://wx3.sinaimg.cn/large/6ddddd9egy1hrayf8wkwtj20dw0dw40i.jpg,
https://wx3.sinaimg.cn/large/6e7ad70fgy1hs1iy73vbsj20xc18p1kx.jpg,
https://wx3.sinaimg.cn/large/6e7ad70fgy1hs1iydndhjj22a02a1npe.jpg,
https://wx3.sinaimg.cn/large/6e7ad70fgy1hs1iydo5nmj22a22a1npe.jpg,
https://wx3.sinaimg.cn/large/70745653ly1hon4yzyyd5g20gn0k01l5.gif,
https://wx3.sinaimg.cn/large/70745653ly1hon4zryvm6j20oi2q6e5u.jpg,
https://wx3.sinaimg.cn/large/7225ade5ly1hq9z7ejjwmj22bc3gy7wk.jpg,
https://wx3.sinaimg.cn/large/7225ade5ly1hq9z7o376ij22bc4mohdw.jpg,
https://wx3.sinaimg.cn/large/7225ade5ly1hq9z8e5168j24nv23hhdw.jpg,
https://wx3.sinaimg.cn/large/72a5f063ly1hu5z4dhdd6j24a637me83.jpg,
https://wx3.sinaimg.cn/large/72a5f063ly1hu5z4rqodkj235s3jwkjm.jpg,
https://wx3.sinaimg.cn/large/7a0ce8d1gy1hoyds34h7oj218z0u0nar.jpg,
https://wx3.sinaimg.cn/large/7a0ce8d1gy1hoyds4bsapj21910u0n8t.jpg,
https://wx3.sinaimg.cn/large/7f226bcdgy1hr592fdh5dj20go2lrhdt.jpg,
https://wx3.sinaimg.cn/large/7f226bcdgy1hr592kwzz3j20vz1d0q8i.jpg,
https://wx3.sinaimg.cn/large/7f226bcdgy1hr592lwmkgj20u016g1kx.jpg,
https://wx3.sinaimg.cn/large/96dd1495ly1hq0pl7qzr1j20u016f4a7.jpg,
https://wx3.sinaimg.cn/large/96dd1495ly1hq0pl85vh2j20u016fwo4.jpg,
https://wx3.sinaimg.cn/large/97f655d2gy1hs85v2zb4fj21061lc7rl.jpg,
https://wx3.sinaimg.cn/large/97f655d2gy1hs85v969h2j21061koe66.jpg,
https://wx3.sinaimg.cn/large/97f655d2gy1hs85wd9lx9j210e1kqnjm.jpg,
https://wx3.sinaimg.cn/large/a91edd18ly1hucy1fu7cfj23gg56o1l4.jpg,
https://wx3.sinaimg.cn/large/a91edd18ly1hucy23dlv0j23gg56o7wo.jpg,
https://wx3.sinaimg.cn/large/a9791828gy1hp3elbh7j9j21o0280kjq.jpg,
https://wx3.sinaimg.cn/large/a9791828gy1hp3ex063mqj21kx1kxqal.jpg,
https://wx3.sinaimg.cn/large/a9791828gy1hqhz0ayp5wj20wi1ghh4e.jpg,
https://wx3.sinaimg.cn/large/b04d3bbely1hoxltevwmqj22mt3y87wk.jpg,
https://wx3.sinaimg.cn/large/b04d3bbely1hoxltl5m4bj22mt3y8qv7.jpg,
https://wx3.sinaimg.cn/large/b04d3bbely1hoxlttqn7sj23y82mthdw.jpg,
https://wx3.sinaimg.cn/large/b1957e8bgy1hs2ymb0q0cj21o01o0b29.jpg,
https://wx3.sinaimg.cn/large/b28b9991gy1hs2xi14ekqj22m83xc4qv.jpg,
https://wx3.sinaimg.cn/large/bd0b78faly1hqivamwe22j22dc35s4qs.jpg,
https://wx3.sinaimg.cn/large/bd0b78faly1hu4q6jlfjjj21sc2ds1ky.jpg,
https://wx3.sinaimg.cn/large/bd0b78faly1hu4q6lsjg4j21sc2dse82.jpg,
https://wx3.sinaimg.cn/large/bd0b78faly1hu4q6u4mfuj21sc2dsb2a.jpg,
https://wx3.sinaimg.cn/large/bf25f89fgy1hudtkqpenbj22802yoe84.jpg,
https://wx3.sinaimg.cn/large/bf25f89fgy1hudtni1kyqj22c0340qv6.jpg,
https://wx3.sinaimg.cn/large/bf25f89fgy1hudtnlygesj23402c0x6q.jpg,
https://wx3.sinaimg.cn/large/c5764812ly1hpeux7d0amj22xs4eo4r2.jpg,
https://wx3.sinaimg.cn/large/c5764812ly1hpeux9hcwnj22xs4eou0z.jpg,
https://wx3.sinaimg.cn/orj480/006ORsaigy1hsqwu4ax3cj30u01hctgs.jpg,
https://wx3.sinaimg.cn/orj480/006ORsaigy1ht2ncmguc1j30u0141tka.jpg,
https://wx3.sinaimg.cn/orj480/008vYWSNgy1hq7nd8isbaj31hc0u0b2a.jpg,
https://wx3.sinaimg.cn/orj480/6d67be2dly1hsatbem6k8j212e1f8nb6.jpg,
https://wx4.sinaimg.cn/large/001X4Z0vgy1hq6lusdl9pj60rk19yk8a02.jpg,
https://wx4.sinaimg.cn/large/001X4Z0vgy1hq6lv1x5b8j60rk19y4gj02.jpg,
https://wx4.sinaimg.cn/large/0033ImPzly1hu6k3otizpj60p014ax6p02.jpg,
https://wx4.sinaimg.cn/large/005FZpBHly1hpv94f5m8yj327y2ymu0z.jpg,
https://wx4.sinaimg.cn/large/005FZpBHly1hpv94wt8tdj321o2q8u0y.jpg,
https://wx4.sinaimg.cn/large/005FZpBHly1hpv95giyesj32c0340u11.jpg,
https://wx4.sinaimg.cn/large/005KIYiBgy1ht2o7qvwphj33zk2nsnpg.jpg,
https://wx4.sinaimg.cn/large/005KIYiBgy1ht2o8d533mj364w43cu18.jpg,
https://wx4.sinaimg.cn/large/005KIYiBgy1ht2o8f54c4j364w43c7wr.jpg,
https://wx4.sinaimg.cn/large/005SXHhZgy1hs2ux5ohq1j32qi3nekjn.jpg,
https://wx4.sinaimg.cn/large/005SXHhZgy1hs2ux92rzfj32qi3nehdv.jpg,
https://wx4.sinaimg.cn/large/005SXHhZgy1hs2uxa651bj32qs3nq1l0.jpg,
https://wx4.sinaimg.cn/large/005SiWFQgy1hi3dvu50iaj31401hcwiv.jpg,
https://wx4.sinaimg.cn/large/006ORsaigy1hqa1b4wc4sj31xc2w0x6q.jpg,
https://wx4.sinaimg.cn/large/006ORsaigy1hqa1bmengwj31xc2w0u0y.jpg,
https://wx4.sinaimg.cn/large/006ORsaigy1hqa1busmytj32022tyhdu.jpg,
https://wx4.sinaimg.cn/large/006ORsaigy1hqb7whhggaj30u0140tkr.jpg,
https://wx4.sinaimg.cn/large/006ORsaigy1hqb7wkl4mxj30w9170wrn.jpg,
https://wx4.sinaimg.cn/large/006ORsaigy1hqb7z79ijej32c02u9e82.jpg,
https://wx4.sinaimg.cn/large/006ORsaigy1hqdecy5j3hj30wi17ph0o.jpg,
https://wx4.sinaimg.cn/large/006ORsaigy1hqdeczgw5aj30uka60u0z.jpg,
https://wx4.sinaimg.cn/large/006ORsaigy1hqded1819gj30uk7xib2b.jpg,
https://wx4.sinaimg.cn/large/006ORsaigy1hqded790rmj30u0140tjm.jpg,
https://wx4.sinaimg.cn/large/006ORsaigy1hqded7y4lgj30u0140dux.jpg,
https://wx4.sinaimg.cn/large/006ORsaigy1hqeju52a5hj30u0140aue.jpg,
https://wx4.sinaimg.cn/large/006ORsaigy1hqi4fn1hewj30u0140k8h.jpg,
https://wx4.sinaimg.cn/large/006ORsaigy1hqka7sdm1kj30u0140n7n.jpg,
https://wx4.sinaimg.cn/large/006ORsaigy1hqka8ondw6j30wi17ck7i.jpg,
https://wx4.sinaimg.cn/large/006ORsaigy1hr2wq5i2z2j30wi17cgyh.jpg,
https://wx4.sinaimg.cn/large/006ORsaigy1hr7h59pibrj32tc480x6s.jpg,
https://wx4.sinaimg.cn/large/006ORsaigy1hr7h7eh5gzj32tc4807wm.jpg,
https://wx4.sinaimg.cn/large/006ORsaigy1hr7ihj0umoj32tc480hdw.jpg,
https://wx4.sinaimg.cn/large/006ORsaigy1hrfg9dyx2bj30wi17cajs.jpg,
https://wx4.sinaimg.cn/large/006ORsaigy1hrflvn4ovdj30wi1ycapz.jpg,
https://wx4.sinaimg.cn/large/006ORsaigy1hrzkniinxaj30wi17cqv5.jpg,
https://wx4.sinaimg.cn/large/006ORsaigy1hs0lgfaipzj30np0zk7c7.jpg,
https://wx4.sinaimg.cn/large/006ORsaigy1hs0lgirhgqj30np0zk7by.jpg,
https://wx4.sinaimg.cn/large/006ORsaigy1hs0lgjoj2lj30zk0npjze.jpg,
https://wx4.sinaimg.cn/large/006ORsaigy1hs0lgkepxbj30np0zk7bu.jpg,
https://wx4.sinaimg.cn/large/006ORsaigy1hsayb25l8zj347s6bkb2l.jpg,
https://wx4.sinaimg.cn/large/006ORsaigy1hsayc4ibwxj347s6bk1l9.jpg,
https://wx4.sinaimg.cn/large/006ORsaigy1hsayl97ba4j347s6bknpo.jpg,
https://wx4.sinaimg.cn/large/006ORsaigy1hsaylu8p3ej36bk47she4.jpg,
https://wx4.sinaimg.cn/large/006ORsaigy1hsdcc90k5aj30wi0thn2g.jpg,
https://wx4.sinaimg.cn/large/006ORsaigy1hsozvd89y6j36bk47sx6v.jpg,
https://wx4.sinaimg.cn/large/006ORsaigy1hsozvhvn28j347s6bkb2f.jpg,
https://wx4.sinaimg.cn/large/006ORsaigy1hsozw8qulwj36bk47sqvb.jpg,
https://wx4.sinaimg.cn/large/006ORsaigy1hsuih8rm2cj33344monpj.jpg,
https://wx4.sinaimg.cn/large/006ORsaigy1hsuihaijs3j344f2bhqv7.jpg,
https://wx4.sinaimg.cn/large/006ORsaigy1hsuiheeowtj34mo2lr7wl.jpg,
https://wx4.sinaimg.cn/large/006ORsaigy1hsuihg93umj348b2tjkjo.jpg,
https://wx4.sinaimg.cn/large/006ORsaigy1ht04hkki8rj32yo3y8he0.jpg,
https://wx4.sinaimg.cn/large/006ORsaigy1ht04hm7xkuj30wi17cqv5.jpg,
https://wx4.sinaimg.cn/large/006ORsaigy1ht04hnfuaoj30wi17cqv5.jpg,
https://wx4.sinaimg.cn/large/006ORsaigy1ht04hpwh2bj30wi17cqv5.jpg,
https://wx4.sinaimg.cn/large/006ORsaigy1ht2eo3cb7oj30wi17w7ic.jpg,
https://wx4.sinaimg.cn/large/006ORsaigy1ht2kwvfwsjj32yo3y81l1.jpg,
https://wx4.sinaimg.cn/large/006ORsaigy1ht3gdkgfgej3426638kju.jpg,
https://wx4.sinaimg.cn/large/006ORsaigy1ht3ge0gt6vj34o27034r0.jpg,
https://wx4.sinaimg.cn/large/006ORsaigy1ht3ge2z6cjj3426638u13.jpg,
https://wx4.sinaimg.cn/large/006ORsaigy1ht3ge8crvbj36384267wn.jpg,
https://wx4.sinaimg.cn/large/006ORsaigy1ht3oez7emyj30wi0ltwlh.jpg,
https://wx4.sinaimg.cn/large/006ORsaigy1ht3oow1kckj32gy3pce84.jpg,
https://wx4.sinaimg.cn/large/006ORsaigy1ht4v8852g8j32c03407wi.jpg,
https://wx4.sinaimg.cn/large/006ORsaigy1ht4v8adnbyj32c0340e82.jpg,
https://wx4.sinaimg.cn/large/006ORsaigy1ht8gbmc7wsj34802tce87.jpg,
https://wx4.sinaimg.cn/large/006ORsaigy1ht8gbz1b0ej34802tckjr.jpg,
https://wx4.sinaimg.cn/large/006ORsaigy1ht8gcbv96oj34802tcu12.jpg,
https://wx4.sinaimg.cn/large/006ORsaigy1htim7t2khij34ds2x71l1.jpg,
https://wx4.sinaimg.cn/large/006ORsaigy1htim7ww9utj33344mou11.jpg,
https://wx4.sinaimg.cn/large/006ORsaigy1htim8djuxaj33344mox6s.jpg,
https://wx4.sinaimg.cn/large/006ORsaigy1htwng1abt0j31o0280h89.jpg,
https://wx4.sinaimg.cn/large/006ORsaigy1htwng3f7a6j31o02804qp.jpg,
https://wx4.sinaimg.cn/large/006ORsaigy1htxqa6d1xpj32c0340e82.jpg,
https://wx4.sinaimg.cn/large/006ORsaigy1htxqa9x2o3j32c0340e82.jpg,
https://wx4.sinaimg.cn/large/006ORsaigy1hu1aev8notj30wi17cals.jpg,
https://wx4.sinaimg.cn/large/006ORsaigy1hu2k6srg14j31ua2genpd.jpg,
https://wx4.sinaimg.cn/large/006ORsaigy1hu2k6u62mcj32342s6kjl.jpg,
https://wx4.sinaimg.cn/large/006ORsaigy1hu2k6wg4ahj32342s6npd.jpg,
https://wx4.sinaimg.cn/large/006ORsaigy1hu3pepi66hj32h23arnpd.jpg,
https://wx4.sinaimg.cn/large/006ORsaily1hoocl3mz9rj32c0340b29.jpg,
https://wx4.sinaimg.cn/large/006ORsaily1horz5wuzm0j32c02c0nmb.jpg,
https://wx4.sinaimg.cn/large/006ORsaily1hosovxq9txj32c03407wh.jpg,
https://wx4.sinaimg.cn/large/006ORsaily1hou4jzwj0wj32yo3y8npj.jpg,
https://wx4.sinaimg.cn/large/006ORsaily1hou4k22f2kj30wi17ckjl.jpg,
https://wx4.sinaimg.cn/large/006ORsaily1hou67ieus0j31o02yokjm.jpg,
https://wx4.sinaimg.cn/large/006ORsaily1hou67vwlnrj31o02yohdu.jpg,
https://wx4.sinaimg.cn/large/006ORsaily1hou6bmqo2oj31o02yo4qr.jpg,
https://wx4.sinaimg.cn/large/006ORsaily1houx234o2fj32yo3y87wq.jpg,
https://wx4.sinaimg.cn/large/006ORsaily1houx2clpyxj32yo3y84qy.jpg,
https://wx4.sinaimg.cn/large/006ORsaily1houx34327bj32yo3y87wr.jpg,
https://wx4.sinaimg.cn/large/006ORsaily1houx3k2vsjj30wi17cx6p.jpg,
https://wx4.sinaimg.cn/large/006ORsaily1houx3w5pt3j30s811nhdt.jpg,
https://wx4.sinaimg.cn/large/006ORsaily1hp92y8zvi0j30wi17cx6p.jpg,
https://wx4.sinaimg.cn/large/006ORsaily1hp9whxwmeij30u014011d.jpg,
https://wx4.sinaimg.cn/large/006ORsaily1hpa6cjif8sj30wi186qv5.jpg,
https://wx4.sinaimg.cn/large/006ORsaily1hpb5zgilarj31400u0atx.jpg,
https://wx4.sinaimg.cn/large/006ORsaily1hpb5zo023yj32c03401kz.jpg,
https://wx4.sinaimg.cn/large/006ORsaily1hpbcdc9qnej30wi17c7gt.jpg,
https://wx4.sinaimg.cn/large/006ORsaily1hpbce3atauj30wi17cgwz.jpg,
https://wx4.sinaimg.cn/large/006ORsaily1hpbcij0upej30wi17ctlo.jpg,
https://wx4.sinaimg.cn/large/006ORsaily1hpbdct4rhpj30u0140ajv.jpg,
https://wx4.sinaimg.cn/large/006ORsaily1hpc74i54rlj33t25pkb2g.jpg,
https://wx4.sinaimg.cn/large/006ORsaily1hpc750sa8aj34dn6khnpl.jpg,
https://wx4.sinaimg.cn/large/006ORsaily1hpdj7y9hokj36bk47se8c.jpg,
https://wx4.sinaimg.cn/large/006ORsaily1hpdj9lfk9kj33qg5lk7wr.jpg,
https://wx4.sinaimg.cn/large/006ORsaily1hperofz63hj30wi17cu0x.jpg,
https://wx4.sinaimg.cn/large/006ORsaily1hpes0xs0ztj31o02804qp.jpg,
https://wx4.sinaimg.cn/large/006ORsaily1hpes0ytnc1j31o02804qp.jpg,
https://wx4.sinaimg.cn/large/006ORsaily1hpes16k5fgj31o02801kx.jpg,
https://wx4.sinaimg.cn/large/006ORsaily1hpes1fg1waj31o02801kx.jpg,
https://wx4.sinaimg.cn/large/006ORsaily1hpfqzkralnj32j02j0kjl.jpg,
https://wx4.sinaimg.cn/large/006ORsaily1hpfqzpaf3kj31w92itqv5.jpg,
https://wx4.sinaimg.cn/large/006ORsaily1hpg07t3dcmj36o03r0e8e.jpg,
https://wx4.sinaimg.cn/large/006ORsaily1hpg08648spj36bk3k01l8.jpg,
https://wx4.sinaimg.cn/large/006ORsaily1hpg08eyougj32yo59m1l6.jpg,
https://wx4.sinaimg.cn/large/006ORsaily1hph8bj716cj348w6dc4r4.jpg,
https://wx4.sinaimg.cn/large/006ORsaily1hph8bvpjdgj348w6dckjv.jpg,
https://wx4.sinaimg.cn/large/006ORsaily1hph8cqd505j348w6dche3.jpg,
https://wx4.sinaimg.cn/large/006ORsaily1hph8dgg8bmj348w6dc7wu.jpg,
https://wx4.sinaimg.cn/large/006ORsaily1hpjfi1hekuj31bo1pm1bu.jpg,
https://wx4.sinaimg.cn/large/006ORsaily1hpjfi1ulwyj30wg1597a3.jpg,
https://wx4.sinaimg.cn/large/006ORsaily1hpsgpx2vvaj33zn5l3x6x.jpg,
https://wx4.sinaimg.cn/large/006ORsaily1hpv3wexrbqj32yo3y84qz.jpg,
https://wx4.sinaimg.cn/large/006ORsaily1hpv3wh1vc5j30wi17cx6p.jpg,
https://wx4.sinaimg.cn/large/006ORsaily1hpvzfjfod8j30wi18b1ky.jpg,
https://wx4.sinaimg.cn/large/006ORsaily1hq1v2f8ps8j30u0140nbu.jpg,
https://wx4.sinaimg.cn/large/006ORsaily1hq1v2h63ioj30u0140to7.jpg,
https://wx4.sinaimg.cn/large/006ORsaily1hq8rv59513j30w9170u0x.jpg,
https://wx4.sinaimg.cn/large/006ORsaily1hqmlbuc9t5j32gw3pckjo.jpg,
https://wx4.sinaimg.cn/large/006ORsaily1hqmlcahte0j32gw3ranpg.jpg,
https://wx4.sinaimg.cn/large/006ORsaily1hqmlciyd6zj33pc230hdv.jpg,
https://wx4.sinaimg.cn/large/006ORsaily1hqmlcqzwmpj32gy3sy7wk.jpg,
https://wx4.sinaimg.cn/large/006ORsaily1hqmldm047aj32gw3rl1l0.jpg,
https://wx4.sinaimg.cn/large/006ORsaily1hqmldrmsg1j33pc23s4qr.jpg,
https://wx4.sinaimg.cn/large/006ORsaily1hqmle6lx0sj32gy3tbb2c.jpg,
https://wx4.sinaimg.cn/large/006ORsaily1hqmledb77kj33pc230hdv.jpg,
https://wx4.sinaimg.cn/large/006ORsaily1hqo5y5x7eqj30w9170u0x.jpg,
https://wx4.sinaimg.cn/large/006ORsaily1hqo5yig5ivj32ms3y8hdy.jpg,
https://wx4.sinaimg.cn/large/006ORsaily1hqr7ujfr41j30wi17cn6o.jpg,
https://wx4.sinaimg.cn/large/006ORsaily1hqrhisg3ddj32yo3y8nph.jpg,
https://wx4.sinaimg.cn/large/006ORsaily1hqsj44wxl3j32tc480x6s.jpg,
https://wx4.sinaimg.cn/large/006ORsaily1hquxqkj2lkj33pc2dub2i.jpg,
https://wx4.sinaimg.cn/large/006ORsaily1hqv0hsr6mjj32ms3y84qr.jpg,
https://wx4.sinaimg.cn/large/006ORsaily1hqv0qwctc7j32ms3y8e84.jpg,
https://wx4.sinaimg.cn/large/006ORsaily1hqv18ex20qj32ms3y84qs.jpg,
https://wx4.sinaimg.cn/large/006ORsaily1hua95txrc7j30wi17cna5.jpg,
https://wx4.sinaimg.cn/large/006lOefagy1hov51xdrybj30wr0kk40u.jpg,
https://wx4.sinaimg.cn/large/006lOefagy1hov51z72irj30v80h9tad.jpg,
https://wx4.sinaimg.cn/large/006lOefagy1hov522ca90j30u00t4jtf.jpg,
https://wx4.sinaimg.cn/large/007p8dunly1hq0en72hwtj30zo34ynkx.jpg,
https://wx4.sinaimg.cn/large/3e416ca7gy1hpy77o2wrnj20w91rckc9.jpg,
https://wx4.sinaimg.cn/large/3e416ca7gy1hpy77pmwncj20wr11waez.jpg,
https://wx4.sinaimg.cn/large/45cc6f62gy1hs6edj3sgcj22d43jke83.jpg,
https://wx4.sinaimg.cn/large/4b9b4debgy1hs7e4qr5qhj226o2wwkjn.jpg,
https://wx4.sinaimg.cn/large/4b9b4debgy1hs7e5lss4ej226o2wwe83.jpg,
https://wx4.sinaimg.cn/large/4b9b4debgy1hs7e8bjlwhj226o2ww7wj.jpg,
https://wx4.sinaimg.cn/large/4b9b4debgy1hs7e96br9bj226o2wwb2b.jpg,
https://wx4.sinaimg.cn/large/4b9b4debgy1hs7ea0qrwjj226o2ww4qr.jpg,
https://wx4.sinaimg.cn/large/4b9b4debly1hrw3514yobj20u0140wja.jpg,
https://wx4.sinaimg.cn/large/4b9b4debly1hrw365899qj20u01400x3.jpg,
https://wx4.sinaimg.cn/large/56f636abgy1hrfdn7jle7j22sk46unpe.jpg,
https://wx4.sinaimg.cn/large/56f636abgy1hrfdnc883pj22s5468hdu.jpg,
https://wx4.sinaimg.cn/large/56f636abgy1hrfdnisj56j22r744tu0y.jpg,
https://wx4.sinaimg.cn/large/671176ffgy1hotxqnmka5j236s4s7he0.jpg,
https://wx4.sinaimg.cn/large/671176ffgy1hotxqonznzj237k4tche2.jpg,
https://wx4.sinaimg.cn/large/671176ffgy1hotxqp12nvj237k4tc7wn.jpg,
https://wx4.sinaimg.cn/large/6ddddd9egy1hrayf8ur51j20dw0dw75p.jpg,
https://wx4.sinaimg.cn/large/6ddddd9egy1hrayf8ur62j20dw0dw3zr.jpg,
https://wx4.sinaimg.cn/large/6ddddd9egy1hrayf8w8qdj20dw0dwdiu.jpg,
https://wx4.sinaimg.cn/large/6e7ad70fgy1hs1iygwuosj22a02a1npe.jpg,
https://wx4.sinaimg.cn/large/70745653ly1hon4z53avug20go0eke8i.gif,
https://wx4.sinaimg.cn/large/70745653ly1hon4zrpzz3j20na20dapu.jpg,
https://wx4.sinaimg.cn/large/70745653ly1hon4zrys8ij20oi3r0b19.jpg,
https://wx4.sinaimg.cn/large/70745653ly1hon4zse1o8j216y468e81.jpg,
https://wx4.sinaimg.cn/large/70745653ly1hon784m03qj20ma1zrwtf.jpg,
https://wx4.sinaimg.cn/large/7225ade5ly1hq9z7ic8p6j22bc1jlx6q.jpg,
https://wx4.sinaimg.cn/large/7225ade5ly1hq9z88zglkj22p93bre83.jpg,
https://wx4.sinaimg.cn/large/72a5f063ly1hu5zki2z6kj22dc35s7wi.jpg,
https://wx4.sinaimg.cn/large/7f226bcdgy1hr592e61bdj21z811k7u4.jpg,
https://wx4.sinaimg.cn/large/7f226bcdgy1hr592jmiubj20zk0vyjvn.jpg,
https://wx4.sinaimg.cn/large/916d58d2ly1hqqaxs7wowj21o02yonpg.jpg,
https://wx4.sinaimg.cn/large/96dd1495ly1hq0pl36mr2j20qo0zkq9f.jpg,
https://wx4.sinaimg.cn/large/96dd1495ly1hq0pl4diguj20qe1uxto2.jpg,
https://wx4.sinaimg.cn/large/96dd1495ly1hq0pl5knzrj20u016f7au.jpg,
https://wx4.sinaimg.cn/large/96dd1495ly1hq0pl7kdthj20u016f10v.jpg,
https://wx4.sinaimg.cn/large/97f655d2gy1hs85v5ao6gj21061lctpa.jpg,
https://wx4.sinaimg.cn/large/a0fed46agy1hu9kxbhy47j22io1w0e83.jpg,
https://wx4.sinaimg.cn/large/a0fed46agy1hu9kxkb3twj22io1w04qr.jpg,
https://wx4.sinaimg.cn/large/a91edd18ly1hucy1kmtjuj23gg56oe87.jpg,
https://wx4.sinaimg.cn/large/a91edd18ly1hucy1otuaxj23gg56oqvb.jpg,
https://wx4.sinaimg.cn/large/a91edd18ly1hucy1qe5jkj23gg56ou13.jpg,
https://wx4.sinaimg.cn/large/a91edd18ly1hucy1xv0vtj23gg56ob2f.jpg,
https://wx4.sinaimg.cn/large/a91edd18ly1hucy21veosj23gg56ou13.jpg,
https://wx4.sinaimg.cn/large/a9791828gy1hqhyfccy39j21o0280x6q.jpg,
https://wx4.sinaimg.cn/large/a9791828gy1hqhygua71aj22801o0u0y.jpg,
https://wx4.sinaimg.cn/large/a9791828gy1hqhykscztkj21o02807wi.jpg,
https://wx4.sinaimg.cn/large/b04d3bbegy1hubtm3r0fpj23y82807wi.jpg,
https://wx4.sinaimg.cn/large/b04d3bbegy1hubtm854qtj23y8280u0y.jpg,
https://wx4.sinaimg.cn/large/b04d3bbegy1hubtwdncmvj23y8280kjn.jpg,
https://wx4.sinaimg.cn/large/b04d3bbegy1hubtwhfy50j23y82804qr.jpg,
https://wx4.sinaimg.cn/large/b04d3bbely1hoxlu042vwj22mt3y8e84.jpg,
https://wx4.sinaimg.cn/large/b04d3bbely1hoxluze66xj22mt3y81l0.jpg,
https://wx4.sinaimg.cn/large/b04d3bbely1hoxlv53qcaj22mt3y8u0z.jpg,
https://wx4.sinaimg.cn/large/b1957e8bgy1hs2ym8o6vij21o0280u0x.jpg,
https://wx4.sinaimg.cn/large/b1957e8bgy1hs2ym9mkvlj20ws17otj5.jpg,
https://wx4.sinaimg.cn/large/b1957e8bgy1ht641rr6hij20pw0qojt7.jpg,
https://wx4.sinaimg.cn/large/b1957e8bly1hq7u3belz9j20sw17ctfx.jpg,
https://wx4.sinaimg.cn/large/b1957e8bly1hq7u3cn90oj21hd140aq9.jpg,
https://wx4.sinaimg.cn/large/b28b9991gy1hs2xhtltnej21xr2wmb2c.jpg,
https://wx4.sinaimg.cn/large/bd0b78faly1hu4q6mqiulj21sc2ds4qq.jpg,
https://wx4.sinaimg.cn/large/bd0b78faly1hu4q6oonu5j22c0340hdu.jpg,
https://wx4.sinaimg.cn/large/bf25f89fgy1hudtkt8acdj22c0340e82.jpg,
https://wx4.sinaimg.cn/large/c5764812gy1hscxxv1w9zj20ue14jjzc.jpg,
https://wx4.sinaimg.cn/large/c5764812ly1hpeuw9otp9j22xs4eo7wu.jpg,
https://wx4.sinaimg.cn/large/c5764812ly1hpeux2arfxj22xs4eoqv7.jpg,
https://wx4.sinaimg.cn/large/c5764812ly1hpevww6g61j22xs4bphdy.jpg,
https://wx4.sinaimg.cn/large/eb3a0d35gy1hss92sot55j21u40u0dmg.jpg