http://r.sinaimg.cn/large/tc/imagecloud_thepaper_cn/7ff8ab5bf39f9f1c18f6609e3d84c84f.jpg,
http://wx4.sinaimg.cn/large/bf98a22dly8hec99nz746j20je09qjs5.jpg,
https://wx1.sinaimg.cn/large/001WLsZ7ly1he40wuxxvwj60zub9fqvf02.jpg,
https://wx1.sinaimg.cn/large/005vnhZYgy1harlfvhi02j60qe0jt4fn02.jpg,
https://wx1.sinaimg.cn/large/005vnhZYgy1harlg2ez1cj60qe0jsnj502.jpg,
https://wx1.sinaimg.cn/large/006C2deagy1hc2zbo7h9ej345k68c7wp.jpg,
https://wx1.sinaimg.cn/large/006C2deagy1hc2zcl12luj345s68o7wq.jpg,
https://wx1.sinaimg.cn/large/006L6zHFgy1hpou8my0olj34eo2hahdy.jpg,
https://wx1.sinaimg.cn/large/006eYbKbly1hisggi3z4uj30m51hbgp1.jpg,
https://wx1.sinaimg.cn/large/006eYbKbly1hisggib4nej30m51hc0vp.jpg,
https://wx1.sinaimg.cn/large/006eYbKbly1hisggk0oevj30lq1hcn0j.jpg,
https://wx1.sinaimg.cn/large/006faMndly1h0g6u2nbfgj30zk1be48x.jpg,
https://wx1.sinaimg.cn/large/006faMndly1h0g6u2utj5j30zk1ben8e.jpg,
https://wx1.sinaimg.cn/large/0088SrEPgy1hfe18amq2zj31hb0u0k3h.jpg,
https://wx1.sinaimg.cn/large/008qnvhtgy1hhyf6ai0roj313f0u0ak8.jpg,
https://wx1.sinaimg.cn/large/5abd7fa8ly1hl41jv9vt7j24w07c0x71.jpg,
https://wx1.sinaimg.cn/large/5abd7fa8ly1hl41ke0vxwj22vfbhehe7.jpg,
https://wx1.sinaimg.cn/large/5abd7fa8ly1hl41ks1gydj21u039xqv5.jpg,
https://wx1.sinaimg.cn/large/5abd7fa8ly1hl41ldjahmj259gcn34r5.jpg,
https://wx1.sinaimg.cn/large/5abd7fa8ly1hl41lttmfej2242cn1e87.jpg,
https://wx1.sinaimg.cn/large/5abd7fa8ly1hl41lzoy3zj24w07krb2o.jpg,
https://wx1.sinaimg.cn/large/82f00e38ly1hf98qs69b0j25vf3yi1lc.jpg,
https://wx1.sinaimg.cn/large/87681dd7ly1hdfuzmbw79j20zo0ky13p.jpg,
https://wx1.sinaimg.cn/large/a6fe2fdfly1hfcqphw46tj20jk07otac.jpg,
https://wx1.sinaimg.cn/large/bf98a22dgy1hki6ir9xmmj21w02ioqv5.jpg,
https://wx1.sinaimg.cn/large/bf98a22dgy1hki6iv9iz6j21w02ionpd.jpg,
https://wx1.sinaimg.cn/large/bf98a22dgy1hki6j1fojdj21401hc1h1.jpg,
https://wx1.sinaimg.cn/large/bf98a22dgy1hrneg53adij21o02yo7wi.jpg,
https://wx1.sinaimg.cn/large/bf98a22dgy1hs4zlcb8zdj20u01hcgv2.jpg,
https://wx1.sinaimg.cn/large/bf98a22dgy1hs4zlcu6w7j20u01hck02.jpg,
https://wx1.sinaimg.cn/large/bf98a22dly1gx7or1lnsbj21o02yo4qq.jpg,
https://wx1.sinaimg.cn/large/bf98a22dly1gx7or326fbj21o02yo1ky.jpg,
https://wx1.sinaimg.cn/large/bf98a22dly1gxa1owv8sqj21o02yohdt.jpg,
https://wx1.sinaimg.cn/large/bf98a22dly1gxdjsrx8xqj21o01o07wh.jpg,
https://wx1.sinaimg.cn/large/bf98a22dly1gxdjstnpjej21o01o0e81.jpg,
https://wx1.sinaimg.cn/large/bf98a22dly1gxdjsu39phj21o01o0hdt.jpg,
https://wx1.sinaimg.cn/large/bf98a22dly1gxq8kgwrgrj21o02yoe81.jpg,
https://wx1.sinaimg.cn/large/bf98a22dly1gxq8kmltnhj21o02yoqv5.jpg,
https://wx1.sinaimg.cn/large/bf98a22dly1gxq8kot95vj21o02yonpd.jpg,
https://wx1.sinaimg.cn/large/bf98a22dly1gz8t11yuvkj21o02yoazv.jpg,
https://wx1.sinaimg.cn/large/bf98a22dly1gz8t13omd6j21o02yoqv3.jpg,
https://wx1.sinaimg.cn/large/bf98a22dly1gz8t14ab32j21o02yo1kx.jpg,
https://wx1.sinaimg.cn/large/bf98a22dly1gz8t157w1uj21o02yoqu6.jpg,
https://wx1.sinaimg.cn/large/bf98a22dly1gzax9d4qjaj21o01o01kx.jpg,
https://wx1.sinaimg.cn/large/bf98a22dly1gzax9ds3jvj21o02yo4qq.jpg,
https://wx1.sinaimg.cn/large/bf98a22dly1gzc8xz9t52j20u01hcb29.jpg,
https://wx1.sinaimg.cn/large/bf98a22dly1gzc8y23605j20u01hcb29.jpg,
https://wx1.sinaimg.cn/large/bf98a22dly1gzc8y3fke9j20u01hce81.jpg,
https://wx1.sinaimg.cn/large/bf98a22dly1gzm99dsbz1j21wj2nlu0x.jpg,
https://wx1.sinaimg.cn/large/bf98a22dly1gznow7f4n3j20vd1cz7wh.jpg,
https://wx1.sinaimg.cn/large/bf98a22dly1gznowew4moj21f21ynx6q.jpg,
https://wx1.sinaimg.cn/large/bf98a22dly1gznowkg2c1j21ia20dx6q.jpg,
https://wx1.sinaimg.cn/large/bf98a22dly1gzqsb3eq2ej20u0141npd.jpg,
https://wx1.sinaimg.cn/large/bf98a22dly1gzqsb46v7fj20u0140npd.jpg,
https://wx1.sinaimg.cn/large/bf98a22dly1gzqsb7kcaaj20u019eu0x.jpg,
https://wx1.sinaimg.cn/large/bf98a22dly1h015mher8xj21ub2gfu0x.jpg,
https://wx1.sinaimg.cn/large/bf98a22dly1h015mkawsxj21c21s3x3v.jpg,
https://wx1.sinaimg.cn/large/bf98a22dly1h04urxrun7j22c0340kjo.jpg,
https://wx1.sinaimg.cn/large/bf98a22dly1h04us9b20kj22c0340npg.jpg,
https://wx1.sinaimg.cn/large/bf98a22dly1h04usg4d74j21sc2dsnpe.jpg,
https://wx1.sinaimg.cn/large/bf98a22dly1h0zvp1rfzfj22c03407wj.jpg,
https://wx1.sinaimg.cn/large/bf98a22dly1h0zvp9gxzaj21mk2634qp.jpg,
https://wx1.sinaimg.cn/large/bf98a22dly1h55bydtjvxj22c0340kjp.jpg,
https://wx1.sinaimg.cn/large/bf98a22dly1h55byjagstj22c0340nph.jpg,
https://wx1.sinaimg.cn/large/bf98a22dly1h55byvz6h8j22c0340nph.jpg,
https://wx1.sinaimg.cn/large/bf98a22dly1h55bzmmaazj22c0340nph.jpg,
https://wx1.sinaimg.cn/large/bf98a22dly1h55bzri2dsj221e33zx6s.jpg,
https://wx1.sinaimg.cn/large/bf98a22dly1h5rjjcqgbnj216a1kdqnt.jpg,
https://wx1.sinaimg.cn/large/bf98a22dly1h5uibmehq4j239l4wd7wj.jpg,
https://wx1.sinaimg.cn/large/bf98a22dly1h5uibyyfyij239l4wd7wl.jpg,
https://wx1.sinaimg.cn/large/bf98a22dly1h61rh082iyj21jk2b9djf.jpg,
https://wx1.sinaimg.cn/large/bf98a22dly1h61rh2ho6bj21jk2b9kjm.jpg,
https://wx1.sinaimg.cn/large/bf98a22dly1h61rh4vzr9j21jk2b9kjm.jpg,
https://wx1.sinaimg.cn/large/bf98a22dly1h6fjshb22cj22c0340b2a.jpg,
https://wx1.sinaimg.cn/large/bf98a22dly1h6nwcseegjj20u01kbaec.jpg,
https://wx1.sinaimg.cn/large/bf98a22dly1h6y8sly2gdj235s23uqva.jpg,
https://wx1.sinaimg.cn/large/bf98a22dly1h7eez2ahx3j20tz140mz3.jpg,
https://wx1.sinaimg.cn/large/bf98a22dly1h85mjt8mfbj22c0340u0y.jpg,
https://wx1.sinaimg.cn/large/bf98a22dly1h85mjzbqpuj22c03407wj.jpg,
https://wx1.sinaimg.cn/large/bf98a22dly1h9vy97zy06j21nz2kie82.jpg,
https://wx1.sinaimg.cn/large/bf98a22dly1h9vy98zl9rj21c01s04qp.jpg,
https://wx1.sinaimg.cn/large/bf98a22dly1hahj3n0xhzj20zg1bajx9.jpg,
https://wx1.sinaimg.cn/large/bf98a22dly1hahj3naff2j20zk1bf0wr.jpg,
https://wx1.sinaimg.cn/large/bf98a22dly1hbld0z37dxj22c0340hdv.jpg,
https://wx1.sinaimg.cn/large/bf98a22dly1hbornrs0cbj22dc35se81.jpg,
https://wx1.sinaimg.cn/large/bf98a22dly1hbr8dr2g6zj21o02yoe81.jpg,
https://wx1.sinaimg.cn/large/bf98a22dly1hc486nkedyj20u01l47b1.jpg,
https://wx1.sinaimg.cn/large/bf98a22dly1hc486o93agj20u01l47ba.jpg,
https://wx1.sinaimg.cn/large/bf98a22dly1hcmlseehm4j21sf2oou0x.jpg,
https://wx1.sinaimg.cn/large/bf98a22dly1hcmlsyq89pj223u35sqv6.jpg,
https://wx1.sinaimg.cn/large/bf98a22dly1hd0eekslgwj20u01hc7a5.jpg,
https://wx1.sinaimg.cn/large/bf98a22dly1hdi8x4kpexj20u01hcnd5.jpg,
https://wx1.sinaimg.cn/large/bf98a22dly1hds19v30i0j226135su0y.jpg,
https://wx1.sinaimg.cn/large/bf98a22dly1he2c384m25j22dc35su0x.jpg,
https://wx1.sinaimg.cn/large/bf98a22dly1hean7si7xnj20u0140tfo.jpg,
https://wx1.sinaimg.cn/large/bf98a22dly1hecop2b4ykj22dc35sb2a.jpg,
https://wx1.sinaimg.cn/large/bf98a22dly1hecop3mhsrj22dc35sqv6.jpg,
https://wx1.sinaimg.cn/large/bf98a22dly1heipsnscetj20u01hcdnd.jpg,
https://wx1.sinaimg.cn/large/bf98a22dly1heipso2ewhj20u01hctg3.jpg,
https://wx1.sinaimg.cn/large/bf98a22dly1hf925kjvuhj20u01hcwm2.jpg,
https://wx1.sinaimg.cn/large/bf98a22dly1hfbf9eylsyj21l00xcwuy.jpg,
https://wx1.sinaimg.cn/large/bf98a22dly1hfj4p9ykprj20u0140n2r.jpg,
https://wx1.sinaimg.cn/large/bf98a22dly1hfj4pau8xsj20u0140afh.jpg,
https://wx1.sinaimg.cn/large/bf98a22dly1hfqna87m7hj20u0140gpc.jpg,
https://wx1.sinaimg.cn/large/bf98a22dly1hfzm0zbr7vj21o02yo1ky.jpg,
https://wx1.sinaimg.cn/large/bf98a22dly1hfzm10k7nej21o02yoqv5.jpg,
https://wx1.sinaimg.cn/large/bf98a22dly1hfzm12e6wtj21o02yonpd.jpg,
https://wx1.sinaimg.cn/large/bf98a22dly1hgbkf25s1fj20u0140aig.jpg,
https://wx1.sinaimg.cn/large/bf98a22dly1hgbkf2o9xwj20u01407dq.jpg,
https://wx1.sinaimg.cn/large/bf98a22dly1hgn78kc9m5j20u01400yf.jpg,
https://wx1.sinaimg.cn/large/bf98a22dly1hgxisogbrjj21o02yoqv5.jpg,
https://wx1.sinaimg.cn/large/bf98a22dly1hh2b3ntglhj20u014078y.jpg,
https://wx1.sinaimg.cn/large/bf98a22dly1hh3chz0rgvj20u0140dmo.jpg,
https://wx1.sinaimg.cn/large/bf98a22dly1hhaynq9u2hj21o02yo4qp.jpg,
https://wx1.sinaimg.cn/large/bf98a22dly1hhayny89fmj21o02yokjl.jpg,
https://wx1.sinaimg.cn/large/bf98a22dly1hhdg3axsvmj20u0140guw.jpg,
https://wx1.sinaimg.cn/large/bf98a22dly1hhdg3c6no4j20u0140dr8.jpg,
https://wx1.sinaimg.cn/large/bf98a22dly1hi84hx08h7j20u014045i.jpg,
https://wx1.sinaimg.cn/large/bf98a22dly1hiob6e0tu4j20zk1bfdlo.jpg,
https://wx1.sinaimg.cn/large/bf98a22dly1hiob6epus5j20zk1bfn3d.jpg,
https://wx1.sinaimg.cn/large/bf98a22dly1hjbdb3fj0vj20u01hc7bm.jpg,
https://wx1.sinaimg.cn/large/bf98a22dly1hjbdb4gxpmj20u01hcdnm.jpg,
https://wx1.sinaimg.cn/large/bf98a22dly1hjleytpgr5j21o0280npd.jpg,
https://wx1.sinaimg.cn/large/bf98a22dly1hjleyusjbcj21o0280qv5.jpg,
https://wx1.sinaimg.cn/large/bf98a22dly1hjuck8u5c4j20u00u0dif.jpg,
https://wx1.sinaimg.cn/large/bf98a22dly1hjykjc17y3j21r03401ky.jpg,
https://wx1.sinaimg.cn/large/bf98a22dly1hobf79l5eyj20u01hcwn8.jpg,
https://wx1.sinaimg.cn/large/bf98a22dly1hobf7ak6hwj20u01sygxw.jpg,
https://wx1.sinaimg.cn/large/bf98a22dly1hobf7azhmlj20u01hck27.jpg,
https://wx1.sinaimg.cn/large/bf98a22dly1hq7jarbamjj20u01hcnbf.jpg,
https://wx1.sinaimg.cn/large/bf98a22dly1hq7jart2joj20u01hctkm.jpg,
https://wx1.sinaimg.cn/large/bf98a22dly1hq7jasmex5j20u01hcn7w.jpg,
https://wx1.sinaimg.cn/large/bf98a22dly1hqet976f4aj20u014rtgt.jpg,
https://wx1.sinaimg.cn/large/bf98a22dly1hr9grexufjj20u01hck28.jpg,
https://wx1.sinaimg.cn/large/bf98a22dly1htob50ki9tj20u0140tgl.jpg,
https://wx1.sinaimg.cn/orj480/005ATAcsly1hl28dg5p6fj30f00qodh4.jpg,
https://wx1.sinaimg.cn/orj480/aa107b0aly1ht6dcun7iqj21ha0u077u.jpg,
https://wx1.sinaimg.cn/orj480/bf98a22dgy1hssc7q36gcj20u0140tey.jpg,
https://wx1.sinaimg.cn/orj480/bf98a22dgy1hsthouu6i2j20u0140nbp.jpg,
https://wx1.sinaimg.cn/orj480/bf98a22dly1hc8h76ikymj20mi0u0tc9.jpg,
https://wx1.sinaimg.cn/orj480/bf98a22dly1hcuggtf5wqj20mi0u0n0l.jpg,
https://wx1.sinaimg.cn/orj480/bf98a22dly1hg2jjhq5eaj20mi0u00w1.jpg,
https://wx1.sinaimg.cn/orj480/bf98a22dly1hg7sj34ecnj20u01hc7i4.jpg,
https://wx1.sinaimg.cn/orj480/bf98a22dly1hpzkjex3haj20u0141qb3.jpg,
https://wx2.sinaimg.cn/large/001WLsZ7ly1he40wvrdzej60zk3ukao402.jpg,
https://wx2.sinaimg.cn/large/006C2deagy1hc2zaevjksj32rw3z5x6s.jpg,
https://wx2.sinaimg.cn/large/006C2deagy1hc2zc1htoxj36dc48wx6z.jpg,
https://wx2.sinaimg.cn/large/006C2deagy1hc2zc8i3phj36dc3vqnpl.jpg,
https://wx2.sinaimg.cn/large/006C2deagy1hc2zce537qj34806c0u15.jpg,
https://wx2.sinaimg.cn/large/006C2deagy1hc2zcrweyaj348w6dcu15.jpg,
https://wx2.sinaimg.cn/large/006L6zHFgy1hpou7yxxd6j33k02007wl.jpg,
https://wx2.sinaimg.cn/large/006L6zHFgy1hpou83jwsnj33k02001l0.jpg,
https://wx2.sinaimg.cn/large/006L6zHFgy1hpou843yqdj35eo31ku15.jpg,
https://wx2.sinaimg.cn/large/006L6zHFgy1hpou84ltswj33k0200npf.jpg,
https://wx2.sinaimg.cn/large/006L6zHFgy1hpou8m6k2pj34eo2ha1l2.jpg,
https://wx2.sinaimg.cn/large/006L6zHFgy1hpou8mwzagj34eo2hb7wm.jpg,
https://wx2.sinaimg.cn/large/006faMndly1h0g6u20jgej30zj1beanm.jpg,
https://wx2.sinaimg.cn/large/006faMndly1h0g6u2btpej30zk1be7ke.jpg,
https://wx2.sinaimg.cn/large/006faMndly1h0g6u35tt1j31be1be7r7.jpg,
https://wx2.sinaimg.cn/large/006faMndly1h0g6u4frc2j31be1benbw.jpg,
https://wx2.sinaimg.cn/large/006faMndly1h0g6u4qqu8j30zk1beaku.jpg,
https://wx2.sinaimg.cn/large/007XX3F5gy1hk8pyr3ddyj30rs110qji.jpg,
https://wx2.sinaimg.cn/large/0088SrEPgy1hfe18alcdgj31hb0u0k30.jpg,
https://wx2.sinaimg.cn/large/008qnvhtgy1hkmno6dt09j31z4140b2a.jpg,
https://wx2.sinaimg.cn/large/008viIcOly1hupeeilmsnj31b056kx6q.jpg,
https://wx2.sinaimg.cn/large/008viIcOly1hv2beu4mp9j31b05u2kjn.jpg,
https://wx2.sinaimg.cn/large/008viIcOly1hv2bf7hi2hj31b09v3b2d.jpg,
https://wx2.sinaimg.cn/large/008viIcOly1hv2bfc3b9tj30tc984hdv.jpg,
https://wx2.sinaimg.cn/large/008viIcOly1hv2bfeisunj31b05nyu0y.jpg,
https://wx2.sinaimg.cn/large/008viIcOly1hv2bfhz0ofj31b07spqv8.jpg,
https://wx2.sinaimg.cn/large/5abd7fa8ly1hl41jpkpy3j24w07c0npn.jpg,
https://wx2.sinaimg.cn/large/5abd7fa8ly1hl41ko0378j252scn2he9.jpg,
https://wx2.sinaimg.cn/large/5abd7fa8ly1hl41m8y83bj25z03u0b2l.jpg,
https://wx2.sinaimg.cn/large/5abd7fa8ly1hl41meeyuoj24w07c07ww.jpg,
https://wx2.sinaimg.cn/large/82f00e38ly1hf98qi0jtlj26bk47sqvg.jpg,
https://wx2.sinaimg.cn/large/82f00e38ly1hf98rhc407j25sv3vb7wv.jpg,
https://wx2.sinaimg.cn/large/82f00e38ly1hf98rrz7zyj26bk47se8h.jpg,
https://wx2.sinaimg.cn/large/82f00e38ly1hf98s2e25nj264c42ykk1.jpg,
https://wx2.sinaimg.cn/large/bf98a22dgy1hdgcmzqxe1j20u01hctjc.jpg,
https://wx2.sinaimg.cn/large/bf98a22dgy1hrneg8j36hj21o02yoqv5.jpg,
https://wx2.sinaimg.cn/large/bf98a22dly1gx7oqzcd5tj21o02yo1ky.jpg,
https://wx2.sinaimg.cn/large/bf98a22dly1gx7or0flcuj21o02yo1ky.jpg,
https://wx2.sinaimg.cn/large/bf98a22dly1gx7or0z0goj21o02yo1ky.jpg,
https://wx2.sinaimg.cn/large/bf98a22dly1gxa1oz5mndj21o02you0x.jpg,
https://wx2.sinaimg.cn/large/bf98a22dly1gxa1ozqb5xj21o02yonpd.jpg,
https://wx2.sinaimg.cn/large/bf98a22dly1gxdjstbybpj21o01o07wh.jpg,
https://wx2.sinaimg.cn/large/bf98a22dly1gxdjsuixiwj21o01o04qp.jpg,
https://wx2.sinaimg.cn/large/bf98a22dly1gxdjsvtq7oj21o02807wi.jpg,
https://wx2.sinaimg.cn/large/bf98a22dly1gxq8kke5eij21o02yonpd.jpg,
https://wx2.sinaimg.cn/large/bf98a22dly1gxq8knjhb7j21o02you0x.jpg,
https://wx2.sinaimg.cn/large/bf98a22dly1gxq8ko5ssaj21o02you0x.jpg,
https://wx2.sinaimg.cn/large/bf98a22dly1gz8t12fa35j21o02yotxp.jpg,
https://wx2.sinaimg.cn/large/bf98a22dly1gz8t12zd53j21o02yo1kx.jpg,
https://wx2.sinaimg.cn/large/bf98a22dly1gz8t14n72bj21o02you0k.jpg,
https://wx2.sinaimg.cn/large/bf98a22dly1gzax9car87j21o01o01kx.jpg,
https://wx2.sinaimg.cn/large/bf98a22dly1gzm99ecgxmj22c0340e81.jpg,
https://wx2.sinaimg.cn/large/bf98a22dly1gznowdbf49j20z11apb29.jpg,
https://wx2.sinaimg.cn/large/bf98a22dly1gznowgp9dmj21ia20dx6q.jpg,
https://wx2.sinaimg.cn/large/bf98a22dly1gzqsb2hxuij20u0140hdt.jpg,
https://wx2.sinaimg.cn/large/bf98a22dly1gzqsb56chjj20u0141qv5.jpg,
https://wx2.sinaimg.cn/large/bf98a22dly1gzqsb5z9azj20u0141kjl.jpg,
https://wx2.sinaimg.cn/large/bf98a22dly1h015mnpbpgj21n626xe81.jpg,
https://wx2.sinaimg.cn/large/bf98a22dly1h015mp8vczj21uf2gkqv5.jpg,
https://wx2.sinaimg.cn/large/bf98a22dly1h04us5xazdj22c0340qv8.jpg,
https://wx2.sinaimg.cn/large/bf98a22dly1h04use7yrej21sc2dshdu.jpg,
https://wx2.sinaimg.cn/large/bf98a22dly1h04usi3vyoj21sc2dsx6q.jpg,
https://wx2.sinaimg.cn/large/bf98a22dly1h0zvp0aatjj21dl1u41g9.jpg,
https://wx2.sinaimg.cn/large/bf98a22dly1h0zvp8rhdlj22c03407wj.jpg,
https://wx2.sinaimg.cn/large/bf98a22dly1h44zo7wi9yj22c0340x6q.jpg,
https://wx2.sinaimg.cn/large/bf98a22dly1h44zobboabj22c0340b2a.jpg,
https://wx2.sinaimg.cn/large/bf98a22dly1h4xfw4gyk5j21o0280h6b.jpg,
https://wx2.sinaimg.cn/large/bf98a22dly1h4xfw58y06j21o02801kx.jpg,
https://wx2.sinaimg.cn/large/bf98a22dly1h55byq3lbxj22c0340kjp.jpg,
https://wx2.sinaimg.cn/large/bf98a22dly1h5rjjff9xnj21ac33vkjl.jpg,
https://wx2.sinaimg.cn/large/bf98a22dly1h5uibkfq0lj24wd39lu0y.jpg,
https://wx2.sinaimg.cn/large/bf98a22dly1h5w1ssv2nsj21sc2dsndw.jpg,
https://wx2.sinaimg.cn/large/bf98a22dly1h5w1svyiybj21sc2dshdu.jpg,
https://wx2.sinaimg.cn/large/bf98a22dly1h5w1t38hr0j21sc2ds7wi.jpg,
https://wx2.sinaimg.cn/large/bf98a22dly1h5w1t6ylyoj21sc2ds10z.jpg,
https://wx2.sinaimg.cn/large/bf98a22dly1h61rgxv9e7j23sg5oghe4.jpg,
https://wx2.sinaimg.cn/large/bf98a22dly1h61rhb9wtdj21jk2b97wi.jpg,
https://wx2.sinaimg.cn/large/bf98a22dly1h6fjsy3508j22c0340hdu.jpg,
https://wx2.sinaimg.cn/large/bf98a22dly1h6nwcs1u4fj20u01kbadd.jpg,
https://wx2.sinaimg.cn/large/bf98a22dly1h6y8s5nh8wj219f1w6x6p.jpg,
https://wx2.sinaimg.cn/large/bf98a22dly1h6y8sttz1dj219r1wnwpv.jpg,
https://wx2.sinaimg.cn/large/bf98a22dly1h6zhzicn9gj21o02yo1kx.jpg,
https://wx2.sinaimg.cn/large/bf98a22dly1h6zhzj3b37j21o02yon26.jpg,
https://wx2.sinaimg.cn/large/bf98a22dly1h6zhzjeji8j218u27pjuu.jpg,
https://wx2.sinaimg.cn/large/bf98a22dly1h7eez1sn83j20u01407eu.jpg,
https://wx2.sinaimg.cn/large/bf98a22dly1h85mjmxoi4j20u0140tel.jpg,
https://wx2.sinaimg.cn/large/bf98a22dly1h9vy8909pej21c01s0kjl.jpg,
https://wx2.sinaimg.cn/large/bf98a22dly1h9vy8wj73vj21c01s04qp.jpg,
https://wx2.sinaimg.cn/large/bf98a22dly1h9vy906c9pj22dc35su0x.jpg,
https://wx2.sinaimg.cn/large/bf98a22dly1hahj3mmke0j20zg1badko.jpg,
https://wx2.sinaimg.cn/large/bf98a22dly1hb57m8hq8qj20zk1bfjxf.jpg,
https://wx2.sinaimg.cn/large/bf98a22dly1hbld0r8dcvj22c0340hdv.jpg,
https://wx2.sinaimg.cn/large/bf98a22dly1hbld16to7ij22c0340e83.jpg,
https://wx2.sinaimg.cn/large/bf98a22dly1hbld19cwr5j21rr2d57wh.jpg,
https://wx2.sinaimg.cn/large/bf98a22dly1hbornvllmgj22dc35se81.jpg,
https://wx2.sinaimg.cn/large/bf98a22dly1hbp1nz3o8rj20u01l4ahh.jpg,
https://wx2.sinaimg.cn/large/bf98a22dly1hbp1o0nmdoj20u01l413l.jpg,
https://wx2.sinaimg.cn/large/bf98a22dly1hbr8dowitzj20xm1s0kcc.jpg,
https://wx2.sinaimg.cn/large/bf98a22dly1hcmlsl1z4ij223u35skjm.jpg,
https://wx2.sinaimg.cn/large/bf98a22dly1hcmlssfdv7j223u35snpe.jpg,
https://wx2.sinaimg.cn/large/bf98a22dly1hcs4472cmrj21o02yonpd.jpg,
https://wx2.sinaimg.cn/large/bf98a22dly1hd0eejut49j20u01hctel.jpg,
https://wx2.sinaimg.cn/large/bf98a22dly1hd0eekhoovj20u01hcafn.jpg,
https://wx2.sinaimg.cn/large/bf98a22dly1hdi8x3nwe1j21er1vo17i.jpg,
https://wx2.sinaimg.cn/large/bf98a22dly1hdol9zljqjj20zk1r8agp.jpg,
https://wx2.sinaimg.cn/large/bf98a22dly1hds19jt97gj223u35se82.jpg,
https://wx2.sinaimg.cn/large/bf98a22dly1hds1aem497j223u35sqv6.jpg,
https://wx2.sinaimg.cn/large/bf98a22dly1he04yqh8dzj21c01s04qp.jpg,
https://wx2.sinaimg.cn/large/bf98a22dly1he04ysklbxj21c01s01kx.jpg,
https://wx2.sinaimg.cn/large/bf98a22dly1he04yujv76j21c01s07wh.jpg,
https://wx2.sinaimg.cn/large/bf98a22dly1hean7onmhcj20u0140jzt.jpg,
https://wx2.sinaimg.cn/large/bf98a22dly1hecop14tedj20u01hc49q.jpg,
https://wx2.sinaimg.cn/large/bf98a22dly1heipsojivwj21400u0dom.jpg,
https://wx2.sinaimg.cn/large/bf98a22dly1hezu07uogyj20u014046x.jpg,
https://wx2.sinaimg.cn/large/bf98a22dly1hezu08ou20j20u0140n52.jpg,
https://wx2.sinaimg.cn/large/bf98a22dly1hfbf9e9t3nj20xc1gk7vr.jpg,
https://wx2.sinaimg.cn/large/bf98a22dly1hfbf9gnwcwj20xc1e0wyr.jpg,
https://wx2.sinaimg.cn/large/bf98a22dly1hfj4p8tmwwj20u0140dj9.jpg,
https://wx2.sinaimg.cn/large/bf98a22dly1hfj4p9i4jtj20u0140n32.jpg,
https://wx2.sinaimg.cn/large/bf98a22dly1hfqna7kzoqj20u01400wk.jpg,
https://wx2.sinaimg.cn/large/bf98a22dly1hfzm0xj8emj21o02yoqv5.jpg,
https://wx2.sinaimg.cn/large/bf98a22dly1hgbkf1namhj20u0140wlj.jpg,
https://wx2.sinaimg.cn/large/bf98a22dly1hgcxr78w0vj20ng15oq7b.jpg,
https://wx2.sinaimg.cn/large/bf98a22dly1hgn78o450oj21hc0u07f0.jpg,
https://wx2.sinaimg.cn/large/bf98a22dly1hgxisn6c31j21o02yoqv5.jpg,
https://wx2.sinaimg.cn/large/bf98a22dly1hgxisq87kkj21o02you0x.jpg,
https://wx2.sinaimg.cn/large/bf98a22dly1hh3chxqiuij20u0140dj0.jpg,
https://wx2.sinaimg.cn/large/bf98a22dly1hh3chy9kflj20u0140tcu.jpg,
https://wx2.sinaimg.cn/large/bf98a22dly1hh3chyn06ej20u0140te4.jpg,
https://wx2.sinaimg.cn/large/bf98a22dly1hhaynryro6j21o02yohbo.jpg,
https://wx2.sinaimg.cn/large/bf98a22dly1hhaynv99qtj21d82yihdt.jpg,
https://wx2.sinaimg.cn/large/bf98a22dly1hhayo4sgv5j21o02804qq.jpg,
https://wx2.sinaimg.cn/large/bf98a22dly1hhmogb24h4j211y1s6av9.jpg,
https://wx2.sinaimg.cn/large/bf98a22dly1hhmogm01fvj21d82yiu0x.jpg,
https://wx2.sinaimg.cn/large/bf98a22dly1hhmogpaahvj21d82yiu0x.jpg,
https://wx2.sinaimg.cn/large/bf98a22dly1hisyfdb6l8j20zk1z2doz.jpg,
https://wx2.sinaimg.cn/large/bf98a22dly1hjlext527rj21o0280u0x.jpg,
https://wx2.sinaimg.cn/large/bf98a22dly1hjuck6bs0fj20u01hcwm8.jpg,
https://wx2.sinaimg.cn/large/bf98a22dly1hjykjek7xhj21lk2uc4qq.jpg,
https://wx2.sinaimg.cn/large/bf98a22dly1hoh01nee8vj20u0140dov.jpg,
https://wx2.sinaimg.cn/large/bf98a22dly1hq7japjxa4j20u01hctlm.jpg,
https://wx2.sinaimg.cn/large/bf98a22dly1hqet96r1woj20u014wdmd.jpg,
https://wx2.sinaimg.cn/large/bf98a22dly1hqet97wqc2j20u014ujw1.jpg,
https://wx2.sinaimg.cn/large/bf98a22dly1hr9grek1tmj20u01hc7du.jpg,
https://wx2.sinaimg.cn/large/bf98a22dly1hr9grfjb22j20u01hcn7k.jpg,
https://wx2.sinaimg.cn/large/bf98a22dly1hr9grjtg3jj20k00zk77z.jpg,
https://wx2.sinaimg.cn/large/bf98a22dly1htob4yfu2zj20u016eahv.jpg,
https://wx2.sinaimg.cn/large/bf98a22dly1htob4yz09gj21hc0u0djt.jpg,
https://wx2.sinaimg.cn/large/bf98a22dly1htob4zqeirj20uz0u07b4.jpg,
https://wx2.sinaimg.cn/large/dd8b1821gy1hr6k30udlgj21gt1ye45h.jpg,
https://wx2.sinaimg.cn/orj480/006YUm1Bly1hjx1zkbqenj30k00zkwj5.jpg,
https://wx2.sinaimg.cn/orj480/96a97180gy1hg0uqp0rc6j20u01hcdp5.jpg,
https://wx2.sinaimg.cn/orj480/9f004613ly1hqeqa12g1kj20u0140wpr.jpg,
https://wx2.sinaimg.cn/orj480/bf98a22dly1hcmfwpimplj20mi0u0whv.jpg,
https://wx2.sinaimg.cn/orj480/bf98a22dly1hd2lqhvsqdj20mi0u0juz.jpg,
https://wx2.sinaimg.cn/orj480/bf98a22dly1hgocbx6tn4j20u00diq3j.jpg,
https://wx2.sinaimg.cn/orj480/bf98a22dly1hi4cbup8f6j20u0141gxk.jpg,
https://wx2.sinaimg.cn/orj480/bf98a22dly1hi90cu8h6vj20u01hc45j.jpg,
https://wx2.sinaimg.cn/orj480/bf98a22dly1hiltzppk2sj20u01hc16f.jpg,
https://wx2.sinaimg.cn/orj480/bf98a22dly1ht5plztd1lj20u0140ahn.jpg,
https://wx3.sinaimg.cn/large/001WLsZ7ly1he40wpfqhtj60zk268gt702.jpg,
https://wx3.sinaimg.cn/large/002TLsr9ly1gxbh8j1bu5j60u01hckfn02.jpg,
https://wx3.sinaimg.cn/large/0033ImPzly1hi00tvpay5j60k012wdx002.jpg,
https://wx3.sinaimg.cn/large/006C2deagy1hc2zbuabvsj34776ashe2.jpg,
https://wx3.sinaimg.cn/large/006L6zHFgy1hpou8fifnej357t2xpnpk.jpg,
https://wx3.sinaimg.cn/large/006L6zHFgy1hpou8kydywj35eo31kb2f.jpg,
https://wx3.sinaimg.cn/large/006L6zHFgy1hpou8mqn5zj34eo2g47wm.jpg,
https://wx3.sinaimg.cn/large/006eYbKbly1hisgghds0vj30u01ex7ch.jpg,
https://wx3.sinaimg.cn/large/006eYbKbly1hisgghw226j30lq1hbn0w.jpg,
https://wx3.sinaimg.cn/large/006eYbKbly1hisggirxkcj30m71hbdjn.jpg,
https://wx3.sinaimg.cn/large/006eYbKbly1hisggjfftxj30m31hbwid.jpg,
https://wx3.sinaimg.cn/large/006eYbKbly1hisggjs1zpj30m51hbtc7.jpg,
https://wx3.sinaimg.cn/large/006f8wK2gy1hgiiykrotcj60u060t7wj02.jpg,
https://wx3.sinaimg.cn/large/006ztvZBgy1hfwh4lbea1j30rt1ngk1n.jpg,
https://wx3.sinaimg.cn/large/007XX3F5gy1hk8pyr1msoj30rs110wp6.jpg,
https://wx3.sinaimg.cn/large/007XX3F5gy1hk8pyr26mlj30rs0rsgpm.jpg,
https://wx3.sinaimg.cn/large/0088SrEPgy1hfe189jcf6j30vr0humzi.jpg,
https://wx3.sinaimg.cn/large/0088SrEPgy1hfe189jn1sj30sg0sgq9q.jpg,
https://wx3.sinaimg.cn/large/008viIcOly1hupee2gmzqj31b08fl1l1.jpg,
https://wx3.sinaimg.cn/large/008viIcOly1hupee4qm0mj31b09kfe85.jpg,
https://wx3.sinaimg.cn/large/008viIcOly1hupeecz7haj31b06b3b2b.jpg,
https://wx3.sinaimg.cn/large/008viIcOly1hupeel6nplj31b06cz4qr.jpg,
https://wx3.sinaimg.cn/large/008viIcOly1hv2bex9dv2j30t2bkmkjp.jpg,
https://wx3.sinaimg.cn/large/008viIcOly1hv2bf1cjn0j31b0ayukjq.jpg,
https://wx3.sinaimg.cn/large/5abd7fa8ly1hl41jetflvj24w07c0he5.jpg,
https://wx3.sinaimg.cn/large/5abd7fa8ly1hl41k72bstj24vd7c2npp.jpg,
https://wx3.sinaimg.cn/large/5abd7fa8ly1hl41l1petvj23brcn37wv.jpg,
https://wx3.sinaimg.cn/large/5abd7fa8ly1hl41m4pww7j24w07c0x72.jpg,
https://wx3.sinaimg.cn/large/5abd7fa8ly1hl41mkekjlj24w07c0qvj.jpg,
https://wx3.sinaimg.cn/large/82f00e38ly1hf98q5wktnj26bk47se8d.jpg,
https://wx3.sinaimg.cn/large/82f00e38ly1hf98qzxp3uj25j93owhe6.jpg,
https://wx3.sinaimg.cn/large/82f00e38ly1hf98s6pmj9j26bk47skjv.jpg,
https://wx3.sinaimg.cn/large/82f00e38ly1hf98sgiljmj26bk47sqvj.jpg,
https://wx3.sinaimg.cn/large/bf98a22dgy1hki6j0ct9xj21w02ionpd.jpg,
https://wx3.sinaimg.cn/large/bf98a22dgy1hkpqey27c9j23ls5eo1kz.jpg,
https://wx3.sinaimg.cn/large/bf98a22dgy1hrneg75dajj21o02yonpd.jpg,
https://wx3.sinaimg.cn/large/bf98a22dgy1hs4zldy16jj20u01hcqd6.jpg,
https://wx3.sinaimg.cn/large/bf98a22dly1gxa1oxc2yaj21o02yokjl.jpg,
https://wx3.sinaimg.cn/large/bf98a22dly1gxa1oy8ycvj21o02yonpd.jpg,
https://wx3.sinaimg.cn/large/bf98a22dly1gxa1p03xhuj21o02you0x.jpg,
https://wx3.sinaimg.cn/large/bf98a22dly1gxdjssvmexj21o01o01kx.jpg,
https://wx3.sinaimg.cn/large/bf98a22dly1gxdjsv932wj21o01o07wh.jpg,
https://wx3.sinaimg.cn/large/bf98a22dly1gxq8kiyzypj21o02yonpd.jpg,
https://wx3.sinaimg.cn/large/bf98a22dly1gyx0rdbp09j20u01kawl1.jpg,
https://wx3.sinaimg.cn/large/bf98a22dly1gyzac30esvj21f42nx7wh.jpg,
https://wx3.sinaimg.cn/large/bf98a22dly1gz8t15ra1xj21o02yo1kx.jpg,
https://wx3.sinaimg.cn/large/bf98a22dly1gz8t16tejuj21o02yokh0.jpg,
https://wx3.sinaimg.cn/large/bf98a22dly1gzax9bt6njj21o01o04qp.jpg,
https://wx3.sinaimg.cn/large/bf98a22dly1gzax9ef7pgj21o01o0hdt.jpg,
https://wx3.sinaimg.cn/large/bf98a22dly1gzm99if90sj22c03401ky.jpg,
https://wx3.sinaimg.cn/large/bf98a22dly1gznowcduxaj21sc2dshdw.jpg,
https://wx3.sinaimg.cn/large/bf98a22dly1gznowimo1lj21fi1wonpe.jpg,
https://wx3.sinaimg.cn/large/bf98a22dly1gzqsb6qb9oj20u0140npd.jpg,
https://wx3.sinaimg.cn/large/bf98a22dly1h04us1r9qej21451hj7s8.jpg,
https://wx3.sinaimg.cn/large/bf98a22dly1h0zvp348pmj21cc2dx7wh.jpg,
https://wx3.sinaimg.cn/large/bf98a22dly1h0zvpbtwxaj22c0340qv6.jpg,
https://wx3.sinaimg.cn/large/bf98a22dly1h44zodhdzcj22c03404qr.jpg,
https://wx3.sinaimg.cn/large/bf98a22dly1h4xfw40n5hj21o02804km.jpg,
https://wx3.sinaimg.cn/large/bf98a22dly1h55bzepu13j22c0340qv9.jpg,
https://wx3.sinaimg.cn/large/bf98a22dly1h5rjjc1ljlj20tk13fqeh.jpg,
https://wx3.sinaimg.cn/large/bf98a22dly1h5rjje28pkj21k12srnpd.jpg,
https://wx3.sinaimg.cn/large/bf98a22dly1h5rjjgbb32j21hc2ym4qp.jpg,
https://wx3.sinaimg.cn/large/bf98a22dly1h5rjjkkz2kj21oc28ge81.jpg,
https://wx3.sinaimg.cn/large/bf98a22dly1h5uibohfpcj239d4w21l0.jpg,
https://wx3.sinaimg.cn/large/bf98a22dly1h5uibs33q3j239d4w2x6s.jpg,
https://wx3.sinaimg.cn/large/bf98a22dly1h5w1sy3k7dj21sc2dse82.jpg,
https://wx3.sinaimg.cn/large/bf98a22dly1h5w1t0550sj21sc2dsn4j.jpg,
https://wx3.sinaimg.cn/large/bf98a22dly1h61rgmf406j21jk2b87wj.jpg,
https://wx3.sinaimg.cn/large/bf98a22dly1h61rh8u089j21jk2b9kjm.jpg,
https://wx3.sinaimg.cn/large/bf98a22dly1h61rhefaa3j21jk2b9b2a.jpg,
https://wx3.sinaimg.cn/large/bf98a22dly1h6fjrkdz66j22c0340kjm.jpg,
https://wx3.sinaimg.cn/large/bf98a22dly1h6fjs32172j22c0340npe.jpg,
https://wx3.sinaimg.cn/large/bf98a22dly1h6fjtg240dj22c0340aqs.jpg,
https://wx3.sinaimg.cn/large/bf98a22dly1h6nwcr4ucwj20u01kbte2.jpg,
https://wx3.sinaimg.cn/large/bf98a22dly1h6nwcrtt60j20u01kbjuv.jpg,
https://wx3.sinaimg.cn/large/bf98a22dly1h6zhzhcoq7j21o02yoe72.jpg,
https://wx3.sinaimg.cn/large/bf98a22dly1h6zhzhunp7j21o02yo1kx.jpg,
https://wx3.sinaimg.cn/large/bf98a22dly1h71rn09h0tj213i1gp762.jpg,
https://wx3.sinaimg.cn/large/bf98a22dly1h71rn71vvkj21h62mjkjl.jpg,
https://wx3.sinaimg.cn/large/bf98a22dly1h71rn916u7j22c0340qv6.jpg,
https://wx3.sinaimg.cn/large/bf98a22dly1h7eez21d9yj20u0140n7k.jpg,
https://wx3.sinaimg.cn/large/bf98a22dly1h7eez2u5h2j20u0140dq8.jpg,
https://wx3.sinaimg.cn/large/bf98a22dly1h7v9h9fgz9j20u01kbduj.jpg,
https://wx3.sinaimg.cn/large/bf98a22dly1h85mjxa2u7j22c0340u0y.jpg,
https://wx3.sinaimg.cn/large/bf98a22dly1h9vy9a1so2j21c01s07wh.jpg,
https://wx3.sinaimg.cn/large/bf98a22dly1h9xb1uncgtj235s2dcu0y.jpg,
https://wx3.sinaimg.cn/large/bf98a22dly1hahj3mtujoj20zg1batei.jpg,
https://wx3.sinaimg.cn/large/bf98a22dly1hb57m8syzgj20zk1bfwl7.jpg,
https://wx3.sinaimg.cn/large/bf98a22dly1hb57m9bcyzj20zk1bf0y7.jpg,
https://wx3.sinaimg.cn/large/bf98a22dly1hbld02a4wlj22c0340hdv.jpg,
https://wx3.sinaimg.cn/large/bf98a22dly1hbld1q5wzqj22c0340e83.jpg,
https://wx3.sinaimg.cn/large/bf98a22dly1hborntmxyej22dc35shdt.jpg,
https://wx3.sinaimg.cn/large/bf98a22dly1hbp1o1e2ysj20u01l4wow.jpg,
https://wx3.sinaimg.cn/large/bf98a22dly1hbr8dmw58kj20xm1s01d0.jpg,
https://wx3.sinaimg.cn/large/bf98a22dly1hbr8dnvij8j20xm1s04f6.jpg,
https://wx3.sinaimg.cn/large/bf98a22dly1hbxzhd7m4vj21hc0u0wnn.jpg,
https://wx3.sinaimg.cn/large/bf98a22dly1hbxzqlrg7gj20u01uodlo.jpg,
https://wx3.sinaimg.cn/large/bf98a22dly1hbxzqnagcwj20u01uo7ae.jpg,
https://wx3.sinaimg.cn/large/bf98a22dly1hcmls9jr4uj20v00v07ge.jpg,
https://wx3.sinaimg.cn/large/bf98a22dly1hcmlsarpnoj21fc324qv5.jpg,
https://wx3.sinaimg.cn/large/bf98a22dly1hcmlshlnu2j223u35shdu.jpg,
https://wx3.sinaimg.cn/large/bf98a22dly1hcmlsoloffj223u35shdu.jpg,
https://wx3.sinaimg.cn/large/bf98a22dly1hcs441s1qgj20zk1r8jwy.jpg,
https://wx3.sinaimg.cn/large/bf98a22dly1hcs444jee8j21o02yokjl.jpg,
https://wx3.sinaimg.cn/large/bf98a22dly1hcs44aytsij21o02yokih.jpg,
https://wx3.sinaimg.cn/large/bf98a22dly1hcs44bp5rtj21o02yotzy.jpg,
https://wx3.sinaimg.cn/large/bf98a22dly1hd0eeiqu18j20u01hcdkv.jpg,
https://wx3.sinaimg.cn/large/bf98a22dly1hd0eej5rfyj20u01hc44k.jpg,
https://wx3.sinaimg.cn/large/bf98a22dly1hdkggqjbvrj21hc0u0wny.jpg,
https://wx3.sinaimg.cn/large/bf98a22dly1hdol9z1qu9j20zk1r8104.jpg,
https://wx3.sinaimg.cn/large/bf98a22dly1hdol9zbl0sj20zk1r8dlu.jpg,
https://wx3.sinaimg.cn/large/bf98a22dly1hds1a3g0cfj2300200e82.jpg,
https://wx3.sinaimg.cn/large/bf98a22dly1hds1a6ffsfj22003004qq.jpg,
https://wx3.sinaimg.cn/large/bf98a22dly1hds1aiultoj223u35skjm.jpg,
https://wx3.sinaimg.cn/large/bf98a22dly1hdy2k7a1ftj21o0280k6d.jpg,
https://wx3.sinaimg.cn/large/bf98a22dly1hdy2k7o2noj21o0280top.jpg,
https://wx3.sinaimg.cn/large/bf98a22dly1hdy2k81x53j20u013zag6.jpg,
https://wx3.sinaimg.cn/large/bf98a22dly1he2c3a9nz9j22dc35sqv6.jpg,
https://wx3.sinaimg.cn/large/bf98a22dly1hean7detwfj20u0140woo.jpg,
https://wx3.sinaimg.cn/large/bf98a22dly1hean7p8bthj20u014049l.jpg,
https://wx3.sinaimg.cn/large/bf98a22dly1hean7rvznej20u0140n6f.jpg,
https://wx3.sinaimg.cn/large/bf98a22dly1hezu08anoxj20u0140gtf.jpg,
https://wx3.sinaimg.cn/large/bf98a22dly1hf925jhrxhj20u01hcahb.jpg,
https://wx3.sinaimg.cn/large/bf98a22dly1hf925k1o8yj20u01hc44y.jpg,
https://wx3.sinaimg.cn/large/bf98a22dly1hfj4p7xsxdj20u01hcaex.jpg,
https://wx3.sinaimg.cn/large/bf98a22dly1hfqna8lwisj20u0140gpk.jpg,
https://wx3.sinaimg.cn/large/bf98a22dly1hfu04bu9erj20u01hcwu2.jpg,
https://wx3.sinaimg.cn/large/bf98a22dly1hgn78l75qrj20u01407a0.jpg,
https://wx3.sinaimg.cn/large/bf98a22dly1hgxispbbgpj21o02yonpd.jpg,
https://wx3.sinaimg.cn/large/bf98a22dly1hh3ci035myj20u0140n9e.jpg,
https://wx3.sinaimg.cn/large/bf98a22dly1hhayo0ymgkj21o02yoqv5.jpg,
https://wx3.sinaimg.cn/large/bf98a22dly1hhayo8mgayj21o02801ky.jpg,
https://wx3.sinaimg.cn/large/bf98a22dly1hhdg3bhcx5j20u01407dc.jpg,
https://wx3.sinaimg.cn/large/bf98a22dly1hhmogcy0y4j21d81tm7wh.jpg,
https://wx3.sinaimg.cn/large/bf98a22dly1hhmogjh72nj21d82ashdt.jpg,
https://wx3.sinaimg.cn/large/bf98a22dly1hiob6di2jjj21bf0zkjxi.jpg,
https://wx3.sinaimg.cn/large/bf98a22dly1hiob6drq58j20zk1bfagm.jpg,
https://wx3.sinaimg.cn/large/bf98a22dly1hiob6ehf2kj20zk1bf0yf.jpg,
https://wx3.sinaimg.cn/large/bf98a22dly1hj1sajow8gj20zk1r8104.jpg,
https://wx3.sinaimg.cn/large/bf98a22dly1hj1sakws0uj20zk1r8wq5.jpg,
https://wx3.sinaimg.cn/large/bf98a22dly1hj4eyljqu5j21o02yob29.jpg,
https://wx3.sinaimg.cn/large/bf98a22dly1hjbdb3sbd4j20u01hcahd.jpg,
https://wx3.sinaimg.cn/large/bf98a22dly1hjbdb44vayj20u01hc7bf.jpg,
https://wx3.sinaimg.cn/large/bf98a22dly1hobf7bhslqj20u01hck0d.jpg,
https://wx3.sinaimg.cn/large/bf98a22dly1hobf7bygimj20u01hcdpu.jpg,
https://wx3.sinaimg.cn/large/bf98a22dly1hoh01mcr67j20u0140k0e.jpg,
https://wx3.sinaimg.cn/large/bf98a22dly1hq7jaq2kijj20u01hcqgj.jpg,
https://wx3.sinaimg.cn/large/bf98a22dly1hq7jas7wh7j20u01hc7er.jpg,
https://wx3.sinaimg.cn/large/bf98a22dly1hqet97icd1j20u014u0yh.jpg,
https://wx3.sinaimg.cn/large/bf98a22dly1htob4z839fj20u00u07af.jpg,
https://wx3.sinaimg.cn/large/bf98a22dly1htob4zh548j20u90u00xl.jpg,
https://wx3.sinaimg.cn/large/bf98a22dly8hv4exx1jujj208c08cwhf.jpg?hash=0,
https://wx3.sinaimg.cn/orj480/0089J7Wdgy1hgx7pjz9atj30u00gwwfp.jpg,
https://wx3.sinaimg.cn/orj480/bf98a22dly1h7j3gkk656j20u01410w3.jpg,
https://wx3.sinaimg.cn/orj480/bf98a22dly1hce85cnjqvj20mi0u076m.jpg,
https://wx3.sinaimg.cn/orj480/bf98a22dly1hcgj7qtkzaj20mi0u0tc1.jpg,
https://wx3.sinaimg.cn/orj480/bf98a22dly1hciufg6ecej20mi0u00wp.jpg,
https://wx3.sinaimg.cn/orj480/bf98a22dly1ht00sqb3djj20l90sd11j.jpg,
https://wx4.sinaimg.cn/large/001WLsZ7ly1he40wmeyymj60zu2trqv502.jpg,
https://wx4.sinaimg.cn/large/002TLsr9ly1hduqd6xomvj60u01hcb2b02.jpg,
https://wx4.sinaimg.cn/large/002TLsr9ly1hkregia0ouj60u01hcx6q02.jpg,
https://wx4.sinaimg.cn/large/005vnhZYgy1harlfy9i0gj60qe0jt7kz02.jpg,
https://wx4.sinaimg.cn/large/006C2deagy1hc2zbjonurj36dc48wkju.jpg,
https://wx4.sinaimg.cn/large/006L6zHFgy1hpou8nxa2oj355q2wix6v.jpg,
https://wx4.sinaimg.cn/large/006abOWRgy1hrqtxc3rrkj30u02wq4qp.jpg,
https://wx4.sinaimg.cn/large/006eYbKbly1hisgghoci2j30m41hbdjb.jpg,
https://wx4.sinaimg.cn/large/006eYbKbly1hisggijompj30m81hc41i.jpg,
https://wx4.sinaimg.cn/large/006f8wK2gy1hgiiylo1fsj63341qinpg02.jpg,
https://wx4.sinaimg.cn/large/006faMndly1h0hvkn3vj0j30uj0zkapc.jpg,
https://wx4.sinaimg.cn/large/006faMndly1h0hvyd1e5yj31841beayj.jpg,
https://wx4.sinaimg.cn/large/006ztvZBgy1hfwgq54itoj30rt1tsam5.jpg,
https://wx4.sinaimg.cn/large/007XX3F5gy1hk8pyr45j5j30rs110tu7.jpg,
https://wx4.sinaimg.cn/large/008ft1X4ly1hrl8semkxdj30u01hc0z8.jpg,
https://wx4.sinaimg.cn/large/008qnvhtgy1hkmno52rk5j31hc0u04qp.jpg,
https://wx4.sinaimg.cn/large/008viIcOly1hupeeasw7kj31b0a881l3.jpg,
https://wx4.sinaimg.cn/large/008viIcOly1hupeeeddbnj30tcbkm1kz.jpg,
https://wx4.sinaimg.cn/large/008viIcOly1hupeegm4gpj31b08k7npg.jpg,
https://wx4.sinaimg.cn/large/008viIcOly1hupeenqxouj31b07spqv8.jpg,
https://wx4.sinaimg.cn/large/008viIcOly1hv2bf4qjt1j31b08k7npg.jpg,
https://wx4.sinaimg.cn/large/008viIcOly1hv2bf9lszuj31b05e5e83.jpg,
https://wx4.sinaimg.cn/large/5abd7fa8ly1hl41jl38srj27vx4w0kjv.jpg,
https://wx4.sinaimg.cn/large/5abd7fa8ly1hl41k150l2j27c04w01ld.jpg,
https://wx4.sinaimg.cn/large/5abd7fa8ly1hl41ln8h83j24vjcn4hed.jpg,
https://wx4.sinaimg.cn/large/624bf73fly1hfbby7a7lcj20u01u0gq1.jpg,
https://wx4.sinaimg.cn/large/624bf73fly1hfbby82ki7j20u01u0ae9.jpg,
https://wx4.sinaimg.cn/large/624bf73fly1hfbby8t2tdj20u01u0wip.jpg,
https://wx4.sinaimg.cn/large/6b283b88gy1hfbjeyyzkoj20rs0jgwk0.jpg,
https://wx4.sinaimg.cn/large/82f00e38ly1hf98qdngovj264h432u1c.jpg,
https://wx4.sinaimg.cn/large/82f00e38ly1hf98r8hj0nj25lp3qju1a.jpg,
https://wx4.sinaimg.cn/large/82f00e38ly1hf98snaaqzj23944vl4qz.jpg,
https://wx4.sinaimg.cn/large/bf98a22dgy1hki6in69ozj22dc35sqv5.jpg,
https://wx4.sinaimg.cn/large/bf98a22dgy1hki6ip2oz0j21w02ioe81.jpg,
https://wx4.sinaimg.cn/large/bf98a22dgy1hki6isurn9j21w02ionpd.jpg,
https://wx4.sinaimg.cn/large/bf98a22dgy1hki6ix30srj21w02ionpd.jpg,
https://wx4.sinaimg.cn/large/bf98a22dgy1hkvpn71idrj20u01hcgsm.jpg,
https://wx4.sinaimg.cn/large/bf98a22dgy1hs4zldcm0zj20u01hcwof.jpg,
https://wx4.sinaimg.cn/large/bf98a22dly1gx7oqzxby4j21o02you0x.jpg,
https://wx4.sinaimg.cn/large/bf98a22dly1gx7or2bsi9j21o02yo7wi.jpg,
https://wx4.sinaimg.cn/large/bf98a22dly1gx7or3pisvj21o02yob2a.jpg,
https://wx4.sinaimg.cn/large/bf98a22dly1gx7or4fldcj21o02you0x.jpg,
https://wx4.sinaimg.cn/large/bf98a22dly1gxa1p14cpfj21o02yoe81.jpg,
https://wx4.sinaimg.cn/large/bf98a22dly1gxdjswxo0rj21o0280npd.jpg,
https://wx4.sinaimg.cn/large/bf98a22dly1gxq8khjujgj21o02yoe81.jpg,
https://wx4.sinaimg.cn/large/bf98a22dly1gxq8kib5qrj21o02yoqv5.jpg,
https://wx4.sinaimg.cn/large/bf98a22dly1gzax9bc7u8j21o01o07vc.jpg,
https://wx4.sinaimg.cn/large/bf98a22dly1gzax9cnv5oj21o01o01kx.jpg,
https://wx4.sinaimg.cn/large/bf98a22dly1gzc8xxenv4j20u01hcb29.jpg,
https://wx4.sinaimg.cn/large/bf98a22dly1gzc8y4bv3hj20u01hcb29.jpg,
https://wx4.sinaimg.cn/large/bf98a22dly1gzm99cwjmkj22c03407wh.jpg,
https://wx4.sinaimg.cn/large/bf98a22dly1gzm99g3jvbj21kw2dcqv6.jpg,
https://wx4.sinaimg.cn/large/bf98a22dly1gzm99h0b4vj22c03404qq.jpg,
https://wx4.sinaimg.cn/large/bf98a22dly1gzm99j42xpj21sw2ee4qp.jpg,
https://wx4.sinaimg.cn/large/bf98a22dly1gznow8wnamj211m1e5hdt.jpg,
https://wx4.sinaimg.cn/large/bf98a22dly1gznowaa639j211q1ebhdt.jpg,
https://wx4.sinaimg.cn/large/bf98a22dly1h015mja5hij21ei1vc1kx.jpg,
https://wx4.sinaimg.cn/large/bf98a22dly1h015mrz5jzj22c0340qv6.jpg,
https://wx4.sinaimg.cn/large/bf98a22dly1h04us07fzsj20ry1197id.jpg,
https://wx4.sinaimg.cn/large/bf98a22dly1h04usbygx1j21sc2dsqv6.jpg,
https://wx4.sinaimg.cn/large/bf98a22dly1h0zvp4rg9yj22c03401kz.jpg,
https://wx4.sinaimg.cn/large/bf98a22dly1h0zvp6wk4kj22c03401kz.jpg,
https://wx4.sinaimg.cn/large/bf98a22dly1h0zvp9xnuhj21aq2b2x1w.jpg,
https://wx4.sinaimg.cn/large/bf98a22dly1h44zo9ir3cj22c0340u0x.jpg,
https://wx4.sinaimg.cn/large/bf98a22dly1h4xfw3hbysj21o0280nin.jpg,
https://wx4.sinaimg.cn/large/bf98a22dly1h55bz3ihmoj22c0340nph.jpg,
https://wx4.sinaimg.cn/large/bf98a22dly1h55bzxvfg5j22c0340kjp.jpg,
https://wx4.sinaimg.cn/large/bf98a22dly1h5rjjhf6q9j216a1kdaup.jpg,
https://wx4.sinaimg.cn/large/bf98a22dly1h5rjjihrzaj21on28ve81.jpg,
https://wx4.sinaimg.cn/large/bf98a22dly1h5rjjjeg87j21cr1t0qta.jpg,
https://wx4.sinaimg.cn/large/bf98a22dly1h5w1t1slm2j21sc2dsb2a.jpg,
https://wx4.sinaimg.cn/large/bf98a22dly1h5w1t5h0b9j21sc2dshdu.jpg,
https://wx4.sinaimg.cn/large/bf98a22dly1h5w1t8zjvyj21sc2dsb2a.jpg,
https://wx4.sinaimg.cn/large/bf98a22dly1h61rgokvfej21jk2b9b2a.jpg,
https://wx4.sinaimg.cn/large/bf98a22dly1h6nwcrds2wj20u01kb790.jpg,
https://wx4.sinaimg.cn/large/bf98a22dly1h6nwcrmvjfj20u01kbadq.jpg,
https://wx4.sinaimg.cn/large/bf98a22dly1h6y8s9lv15j21gs2764qr.jpg,
https://wx4.sinaimg.cn/large/bf98a22dly1h6y8sozv0vj21bl1zfhdu.jpg,
https://wx4.sinaimg.cn/large/bf98a22dly1h6y8tah2jkj223u35sb29.jpg,
https://wx4.sinaimg.cn/large/bf98a22dly1h6zhziqb30j21o02yo1kx.jpg,
https://wx4.sinaimg.cn/large/bf98a22dly1h71rn2vtn7j22c0340u0y.jpg,
https://wx4.sinaimg.cn/large/bf98a22dly1h71rn5egbbj22c0340npe.jpg,
https://wx4.sinaimg.cn/large/bf98a22dly1h7eez1bk2vj20u0140jt8.jpg,
https://wx4.sinaimg.cn/large/bf98a22dly1h7eez2je93j20tz1400us.jpg,
https://wx4.sinaimg.cn/large/bf98a22dly1h85mjrb9ygj22c0340qv6.jpg,
https://wx4.sinaimg.cn/large/bf98a22dly1h85mjv8k3qj22c0340u0y.jpg,
https://wx4.sinaimg.cn/large/bf98a22dly1h9vy8xmjt6j21c01s0e21.jpg,
https://wx4.sinaimg.cn/large/bf98a22dly1h9vy8yrx87j21c01s01kx.jpg,
https://wx4.sinaimg.cn/large/bf98a22dly1h9vy93kz1gj21sc2dsnpe.jpg,
https://wx4.sinaimg.cn/large/bf98a22dly1hahj3m53byj20zg1bawjy.jpg,
https://wx4.sinaimg.cn/large/bf98a22dly1hahj3nhxu5j20zk1bfdiy.jpg,
https://wx4.sinaimg.cn/large/bf98a22dly1hb57m92rvnj20zk1bf7ak.jpg,
https://wx4.sinaimg.cn/large/bf98a22dly1hbld0c1jpmj22c0340e83.jpg,
https://wx4.sinaimg.cn/large/bf98a22dly1hbld0ja2r6j226x2x61kz.jpg,
https://wx4.sinaimg.cn/large/bf98a22dly1hbld1hz1u6j22c0340e83.jpg,
https://wx4.sinaimg.cn/large/bf98a22dly1hbp1nzqnxtj20u01l449u.jpg,
https://wx4.sinaimg.cn/large/bf98a22dly1hbp1o27939j20u01l4n7v.jpg,
https://wx4.sinaimg.cn/large/bf98a22dly1hbr8dlzcrzj20xm1s0wq5.jpg,
https://wx4.sinaimg.cn/large/bf98a22dly1hbr8dq2w74j20xm1s01kx.jpg,
https://wx4.sinaimg.cn/large/bf98a22dly1hbxzqmarssj20u01uogrh.jpg,
https://wx4.sinaimg.cn/large/bf98a22dly1hbxzqmpp0qj20u01uoafo.jpg,
https://wx4.sinaimg.cn/large/bf98a22dly1hc486mxmswj20u014078p.jpg,
https://wx4.sinaimg.cn/large/bf98a22dly1hcmlsvosyij223u35snpe.jpg,
https://wx4.sinaimg.cn/large/bf98a22dly1hcs441hhm6j20zk1r8afz.jpg,
https://wx4.sinaimg.cn/large/bf98a22dly1hcs449ssmoj21o02yokjl.jpg,
https://wx4.sinaimg.cn/large/bf98a22dly1hcs44agbuuj21o02yokig.jpg,
https://wx4.sinaimg.cn/large/bf98a22dly1hd0eek5ihsj20u01hc79r.jpg,
https://wx4.sinaimg.cn/large/bf98a22dly1hdkggq0m7mj20u0140ao0.jpg,
https://wx4.sinaimg.cn/large/bf98a22dly1hds19qy4dwj223u35skjm.jpg,
https://wx4.sinaimg.cn/large/bf98a22dly1hds19zovoej235s23uqv6.jpg,
https://wx4.sinaimg.cn/large/bf98a22dly1hds1aadrjgj235s29bu0y.jpg,
https://wx4.sinaimg.cn/large/bf98a22dly1he04yweu9hj21s01c07wh.jpg,
https://wx4.sinaimg.cn/large/bf98a22dly1he04yy4029j21c01s07wh.jpg,
https://wx4.sinaimg.cn/large/bf98a22dly1hean7curkjj20u014049n.jpg,
https://wx4.sinaimg.cn/large/bf98a22dly1hean7o70u5j20u01407f8.jpg,
https://wx4.sinaimg.cn/large/bf98a22dly1hfbf9fwomwj21uh1e04qp.jpg,
https://wx4.sinaimg.cn/large/bf98a22dly1hfj4pagbxtj20u0140afa.jpg,
https://wx4.sinaimg.cn/large/bf98a22dly1hfqna6zvi7j20u0140tcf.jpg,
https://wx4.sinaimg.cn/large/bf98a22dly1hfzm0yert5j21o02yox6p.jpg,
https://wx4.sinaimg.cn/large/bf98a22dly1hfzm11i82hj21o02yox6p.jpg,
https://wx4.sinaimg.cn/large/bf98a22dly1hgn78lqp9qj20u0140n22.jpg,
https://wx4.sinaimg.cn/large/bf98a22dly1hgn78oosq8j21hc0u0wp7.jpg,
https://wx4.sinaimg.cn/large/bf98a22dly1hgyqnayllij20u01uo0xh.jpg,
https://wx4.sinaimg.cn/large/bf98a22dly1hh2b3oa2s5j20u0140q7j.jpg,
https://wx4.sinaimg.cn/large/bf98a22dly1hh3chzee0dj20u0140thp.jpg,
https://wx4.sinaimg.cn/large/bf98a22dly1hhaynnectzj21o02yo1kx.jpg,
https://wx4.sinaimg.cn/large/bf98a22dly1hhmogh6o1dj21d82yi1ky.jpg,
https://wx4.sinaimg.cn/large/bf98a22dly1hisyfdv8foj20zh1kwten.jpg,
https://wx4.sinaimg.cn/large/bf98a22dly1hisyfec04ij20zk1bf10h.jpg,
https://wx4.sinaimg.cn/large/bf98a22dly1hisyferlm3j20zk1bf0yq.jpg,
https://wx4.sinaimg.cn/large/bf98a22dly1hisyff4ge9j20zk1bfafl.jpg,
https://wx4.sinaimg.cn/large/bf98a22dly1hj1sak2071j20zk1r8wqv.jpg,
https://wx4.sinaimg.cn/large/bf98a22dly1hj1sakcnl9j20zk1r8ah2.jpg,
https://wx4.sinaimg.cn/large/bf98a22dly1hji01oi7rfj21hc0u0170.jpg,
https://wx4.sinaimg.cn/large/bf98a22dly1hjlexrxdrhj21o0280kjl.jpg,
https://wx4.sinaimg.cn/large/bf98a22dly1hjuck21xlwj20u10u0djk.jpg,
https://wx4.sinaimg.cn/large/bf98a22dly1hjuck4cmctj20u01hcaio.jpg,
https://wx4.sinaimg.cn/large/bf98a22dly1hjuck7yacaj20u10u0q7l.jpg,
https://wx4.sinaimg.cn/large/bf98a22dly1hjykjgpkvtj21hp2nhqv5.jpg,
https://wx4.sinaimg.cn/large/bf98a22dly1hobf7a1016j20u01sydss.jpg,
https://wx4.sinaimg.cn/large/bf98a22dly1hoh01mwhrej20u0140n5t.jpg,
https://wx4.sinaimg.cn/large/bf98a22dly1htob4y6bwxj20u00u07am.jpg,
https://wx4.sinaimg.cn/large/bf98a22dly1htob4yoo3cj21hc0u0tcr.jpg,
https://wx4.sinaimg.cn/large/bf98a22dly1htob50swxmj20u00u00wz.jpg,
https://wx4.sinaimg.cn/orj480/006FQoBVgy1hh15bqrbtfj31hc0u043u.jpg,
https://wx4.sinaimg.cn/orj480/008qiEJJly1hsftffvcfkj30u01hcwi3.jpg,
https://wx4.sinaimg.cn/orj480/bf98a22dly1hb31jvagnsj20u0140qo8.jpg,
https://wx4.sinaimg.cn/orj480/bf98a22dly1hb40e5g664j20u014019v.jpg,
https://wx4.sinaimg.cn/orj480/bf98a22dly1hcpwk9ue43j20mi0u077f.jpg,
https://wx4.sinaimg.cn/orj480/bf98a22dly1hcwtro6tecj20mi0u0ade.jpg,
https://wx4.sinaimg.cn/orj480/bf98a22dly1hdlclmqjndj20u01hc106.jpg,
https://wx4.sinaimg.cn/orj480/bf98a22dly1he17eksr6tj20mi0u077u.jpg,
https://wx4.sinaimg.cn/orj480/bf98a22dly1hejpgcv1vdj20u01hcdos.jpg,
https://wx4.sinaimg.cn/orj480/bf98a22dly1hge51evi23j20u0140q5k.jpg,
https://wx4.sinaimg.cn/orj480/bf98a22dly1hhzqkxs3mqj20oo1hc0yg.jpg,
https://wx4.sinaimg.cn/orj480/bf98a22dly1hi5oi0xmzkj20u014113a.jpg,
https://wx4.sinaimg.cn/orj480/bf98a22dly1hib9xg0l7jj20u01hcwut.jpg,
https://wx4.sinaimg.cn/orj480/bf98a22dly1hp7v9sn8mjj20u0140dmc.jpg,
https://wx4.sinaimg.cn/orj480/bf98a22dly1hsz67uswu6j20u01417gt.jpg,
https://wx4.sinaimg.cn/orj480/e85fe30dly1hq355any3xj20u01hc10h.jpg