https://wx1.sinaimg.cn/large/006lXjr7ly1htudu6t6qqj315o4j2x6r.jpg,
https://wx1.sinaimg.cn/large/006lXjr7ly1htudu753jhj32be3wc4qu.jpg,
https://wx1.sinaimg.cn/large/006lXjr7ly1htudukmpubj33n85gve89.jpg,
https://wx1.sinaimg.cn/large/006lXjr7ly1htv5cgtjj3j315o3tn7wj.jpg,
https://wx1.sinaimg.cn/large/006lXjr7ly1htvcwllvrmj315n2jpu0x.jpg,
https://wx1.sinaimg.cn/large/008rUZ3Mgy1hrxu970979j30x21824j6.jpg,
https://wx1.sinaimg.cn/large/008rUZ3Mgy1hrxub37w7pj31ww2juhdt.jpg,
https://wx1.sinaimg.cn/large/6ce9c4bdgy1hrxy93aq35j20rs8xbnpg.jpg,
https://wx1.sinaimg.cn/large/6ce9c4bdgy1hry09o56nhj243n6do7wp.jpg,
https://wx1.sinaimg.cn/large/6ce9c4bdgy1hs04okxvk3j20rsaognph.jpg,
https://wx1.sinaimg.cn/large/6fee5b71gy1hs3ndf1ynsj218g0tndzv.jpg,
https://wx1.sinaimg.cn/large/6fee5b71gy1hsc2xvbomxj21o02yonpe.jpg,
https://wx1.sinaimg.cn/large/6fee5b71gy1hsd2oqq7qmj23c8285b2d.jpg,
https://wx1.sinaimg.cn/large/6fee5b71gy1hsd2psos11j24cr2wix6s.jpg,
https://wx1.sinaimg.cn/large/6fee5b71gy1hsxyry5p47j23402c0x6q.jpg,
https://wx1.sinaimg.cn/large/6fee5b71gy1ht8h260yxjj21sc2dsb2b.jpg,
https://wx1.sinaimg.cn/large/6fee5b71gy1htmbd6vkjrj239s1u8x6r.jpg,
https://wx1.sinaimg.cn/large/6fee5b71gy1htmbdcjn99j23pp2371l1.jpg,
https://wx1.sinaimg.cn/large/6fee5b71gy1htmbdh59yxj226m39phdv.jpg,
https://wx1.sinaimg.cn/large/6fee5b71ly1hqqbmakkcij21sy2emx34.jpg,
https://wx1.sinaimg.cn/orj480/006fX5j1gy1hsbpfxbw3oj30oe0wiwlk.jpg,
https://wx1.sinaimg.cn/orj480/6fee5b71gy1hse90dnyi8j20u01hcqld.jpg,
https://wx2.sinaimg.cn/large/006lXjr7ly1htudu8csxqj315o5sh4qt.jpg,
https://wx2.sinaimg.cn/large/006lXjr7ly1htuduhl66jj315o4fc7wi.jpg,
https://wx2.sinaimg.cn/large/006lXjr7ly1htuduhm9a0j315o45wx6p.jpg,
https://wx2.sinaimg.cn/large/6ce9c4bdgy1hrxy94hyanj20rs4gfx6p.jpg,
https://wx2.sinaimg.cn/large/6ce9c4bdgy1hrxy95rxofj20rs61fkjm.jpg,
https://wx2.sinaimg.cn/large/6ce9c4bdgy1hrxy982ob4j20rs6k4npe.jpg,
https://wx2.sinaimg.cn/large/6ce9c4bdgy1hrxz7wlvyaj20rs4ozqv5.jpg,
https://wx2.sinaimg.cn/large/6ce9c4bdgy1hs04omqxsqj20rs35s7wh.jpg,
https://wx2.sinaimg.cn/large/6fee5b71gy1hsd2ow4qvuj24mo2lrqv8.jpg,
https://wx2.sinaimg.cn/large/6fee5b71gy1hsd2p0idh0j23364mo7wm.jpg,
https://wx2.sinaimg.cn/large/6fee5b71gy1hsd2p738pyj23ls5eokjx.jpg,
https://wx2.sinaimg.cn/large/6fee5b71gy1ht8h28s3sfj21sc2dsb2a.jpg,
https://wx2.sinaimg.cn/large/6fee5b71gy1hthesov0wfj21kx2t6b29.jpg,
https://wx2.sinaimg.cn/large/6fee5b71gy1htmbd9j70ij21tc2pqkjm.jpg,
https://wx2.sinaimg.cn/large/6fee5b71gy1htmbdefutij22893c5kjn.jpg,
https://wx2.sinaimg.cn/large/6fee5b71gy1htmbdim4muj224235w1kz.jpg,
https://wx2.sinaimg.cn/orj480/6337367dgy1hrq3nt2omfj20u0140k11.jpg,
https://wx3.sinaimg.cn/large/006lXjr7ly1htudu6o2jbj315o4lu7wk.jpg,
https://wx3.sinaimg.cn/large/006lXjr7ly1htv5cd8bjlj32264264qu.jpg,
https://wx3.sinaimg.cn/large/6ce9c4bdgy1hrxy8t5xw9j20rsb7kqv9.jpg,
https://wx3.sinaimg.cn/large/6ce9c4bdgy1hrxy8v4gfwj20rs52d7wj.jpg,
https://wx3.sinaimg.cn/large/6fee5b71gy1hsd2pb59z1j24cr2wi4qu.jpg,
https://wx3.sinaimg.cn/large/6fee5b71gy1hsd2pjsavrj22wi4crx6w.jpg,
https://wx3.sinaimg.cn/large/6fee5b71gy1hsd2pp1fy0j22wi4crx6u.jpg,
https://wx3.sinaimg.cn/large/6fee5b71gy1htgoh45t8nj24cr2g6npg.jpg,
https://wx3.sinaimg.cn/large/6fee5b71gy1htmbd3e5txj225037anpg.jpg,
https://wx3.sinaimg.cn/large/6fee5b71gy1htmbdfjtf2j238i1tkx6q.jpg,
https://wx3.sinaimg.cn/large/6fee5b71ly1hrw0vb9bg8j22c03404qr.jpg,
https://wx3.sinaimg.cn/orj480/9b7f7577gy1hsc8fzde2uj21400u07eg.jpg,
https://wx4.sinaimg.cn/large/006lXjr7ly1htudu72shmj315o4wfnpf.jpg,
https://wx4.sinaimg.cn/large/006lXjr7ly1htudu83qlbj315o2wzx6q.jpg,
https://wx4.sinaimg.cn/large/006lXjr7ly1htuffrd9rbj31e01uonpf.jpg,
https://wx4.sinaimg.cn/large/008rUZ3Mgy1hrxu96q98oj30x2182qlc.jpg,
https://wx4.sinaimg.cn/large/6ce9c4bdgy1hrxy8o5o8mj20rsab0b2d.jpg,
https://wx4.sinaimg.cn/large/6ce9c4bdgy1hrxy96w6hbj20rs4z6b2a.jpg,
https://wx4.sinaimg.cn/large/6ce9c4bdgy1hrxz7xxw7xj20rs58p7wj.jpg,
https://wx4.sinaimg.cn/large/6ce9c4bdly1hry10z0lodj20rs6dox6r.jpg,
https://wx4.sinaimg.cn/large/6fee5b71gy1hs3ndnm5oij21sb2dr4qq.jpg,
https://wx4.sinaimg.cn/large/6fee5b71gy1hsd2pe5jykj25eo31inpl.jpg,
https://wx4.sinaimg.cn/large/6fee5b71gy1htmbd50p31j239s1u8kjn.jpg,
https://wx4.sinaimg.cn/large/6fee5b71ly1hrw0vhijzwj22c03404qr.jpg