https://wx1.sinaimg.cn/large/005AiVyogy1hprk8j16vkj31r0340e83.jpg,
https://wx1.sinaimg.cn/large/005AiVyogy1hprk8pvj0dj31r03401l0.jpg,
https://wx1.sinaimg.cn/large/005AiVyogy1hprk8skrxvj31r0340e83.jpg,
https://wx1.sinaimg.cn/large/005AiVyogy1hprk8wb9grj31r03407wj.jpg,
https://wx1.sinaimg.cn/large/005AiVyogy1hprk8y5ud7j31r0340kjn.jpg,
https://wx1.sinaimg.cn/large/53f496b6ly1hplvlhtw1kj2223334b2a.jpg,
https://wx1.sinaimg.cn/large/53f496b6ly1hplvlkw7q2j22233344qq.jpg,
https://wx1.sinaimg.cn/large/53f496b6ly1hplvmbqevaj23342234qq.jpg,
https://wx1.sinaimg.cn/large/6f5f4997gy1hpy5rvqyhqj21jk1117wh.jpg,
https://wx1.sinaimg.cn/large/71b75667ly1hpv1376vn4j22c03407wi.jpg,
https://wx1.sinaimg.cn/large/71b75667ly1hpv13oy4d0j23402c0hdu.jpg,
https://wx1.sinaimg.cn/large/71b75667ly1hpv13rcjknj22c036je82.jpg,
https://wx1.sinaimg.cn/large/71b75667ly1hpv13sg1xrj23402c01ky.jpg,
https://wx1.sinaimg.cn/large/71b75667ly1hpv13thg1pj22c0340u0x.jpg,
https://wx1.sinaimg.cn/large/7237ccd4gy1hpvuerzmzvj22j02j0kjl.jpg,
https://wx1.sinaimg.cn/large/7586f271gy1hu4v11h6lcj22bf338u0y.jpg,
https://wx1.sinaimg.cn/large/7586f271gy1hu4v129bskj22eq37nu0y.jpg,
https://wx1.sinaimg.cn/large/7586f271gy1hu4v22v6q8j22eh37bu0y.jpg,
https://wx1.sinaimg.cn/large/88b4117fgy1ht996w2gu9j20u01hch52.jpg,
https://wx1.sinaimg.cn/large/9725ca93gy1hs0e2byk5ej25eo3lshe8.jpg,
https://wx1.sinaimg.cn/large/9725ca93gy1hs0e2ijv66j23ls5eohe9.jpg,
https://wx1.sinaimg.cn/large/9725ca93gy1hs0e2t5pruj25eo3lshe5.jpg,
https://wx1.sinaimg.cn/large/9725ca93gy1hs0e318ojdj263z3fqkk1.jpg,
https://wx1.sinaimg.cn/large/9725ca93gy1hs0e3eil8aj23ls5eo4qw.jpg,
https://wx1.sinaimg.cn/large/a8ef9007gy1hukxw0a52uj22xu4eonpg.jpg,
https://wx1.sinaimg.cn/large/a8ef9007gy1hukxw3wxf9j24eo2xu4qs.jpg,
https://wx1.sinaimg.cn/large/a8ef9007gy1hukxwelg15j22xu4eonpg.jpg,
https://wx1.sinaimg.cn/large/bf27a450gy1htaqf6nh3dj20u0140tgk.jpg,
https://wx1.sinaimg.cn/large/e8ef80a9gy1hpza2bt6klj20u01907eh.jpg,
https://wx1.sinaimg.cn/large/e8ef80a9gy1hpza2dus80j20u0190454.jpg,
https://wx1.sinaimg.cn/large/e8ef80a9gy1hpza2ewiq8j20u0190wmc.jpg,
https://wx1.sinaimg.cn/large/e8ef80a9gy1hpzjhroqs4j20u0140dod.jpg,
https://wx1.sinaimg.cn/large/e8ef80a9gy1hrxpf1upvhj211m0s7jvb.jpg,
https://wx1.sinaimg.cn/large/e8ef80a9gy1hsdy7c54pej22gw3pcu0z.jpg,
https://wx1.sinaimg.cn/large/e8ef80a9gy1hsj2d809ezj20u0140tet.jpg,
https://wx1.sinaimg.cn/large/e8ef80a9gy1ht80o4s20vj21pc29snpd.jpg,
https://wx1.sinaimg.cn/large/e8ef80a9gy1ht9gwkqrftj22882yzu0y.jpg,
https://wx1.sinaimg.cn/large/e8ef80a9gy1ht9gx03i34j21zk2nfb2a.jpg,
https://wx1.sinaimg.cn/large/e8ef80a9gy1htixdmdc1nj237k4tcb2j.jpg,
https://wx1.sinaimg.cn/large/e8ef80a9gy1htixefzrxij237k4tchdy.jpg,
https://wx1.sinaimg.cn/large/e8ef80a9gy1htixk8tabcj237k4tce86.jpg,
https://wx1.sinaimg.cn/large/e8ef80a9gy1htixkdqz9nj237k4tcu13.jpg,
https://wx1.sinaimg.cn/large/e8ef80a9gy1htixkjf7h9j237k4tcx6v.jpg,
https://wx1.sinaimg.cn/large/e8ef80a9gy1htolnyw19yj22c03404qr.jpg,
https://wx1.sinaimg.cn/large/e8ef80a9gy1htoloj9rxjj22c0340hdu.jpg,
https://wx1.sinaimg.cn/large/e8ef80a9gy1htolsyi938j21zs2nqkjl.jpg,
https://wx1.sinaimg.cn/large/e8ef80a9gy1htolt0tewgj21y12ldx6p.jpg,
https://wx1.sinaimg.cn/large/e8ef80a9gy1htwwpdxefij21a81pn186.jpg,
https://wx1.sinaimg.cn/large/e8ef80a9ly1hpdknsghtrj224z2unqv5.jpg,
https://wx1.sinaimg.cn/large/e8ef80a9ly1hpdknv8lqlj21jy22n7ur.jpg,
https://wx1.sinaimg.cn/large/e8ef80a9ly1hpewtbykofj22gw3pcb2b.jpg,
https://wx1.sinaimg.cn/large/e8ef80a9ly1hpibg2fl0ij23k02dcnpf.jpg,
https://wx1.sinaimg.cn/large/e8ef80a9ly1hpibojb7wej22dc3k07wk.jpg,
https://wx1.sinaimg.cn/large/e8ef80a9ly1hpibp1i7o1j23k01rskjm.jpg,
https://wx1.sinaimg.cn/large/e8ef80a9ly1hrrdsso0srj209x09sjrg.jpg,
https://wx1.sinaimg.cn/large/e8ef80a9ly1hrrdszct6dj22862ywe82.jpg,
https://wx1.sinaimg.cn/large/e8ef80a9ly1hrre9sftxmj21pl2a4kjl.jpg,
https://wx1.sinaimg.cn/orj480/e8ef80a9gy1hptfenoeyrj21o02817wh.jpg,
https://wx2.sinaimg.cn/large/005AiVyogy1hprk8coy5kj31r0340qv7.jpg,
https://wx2.sinaimg.cn/large/005AiVyogy1hprk8gwbbrj31r0340hdv.jpg,
https://wx2.sinaimg.cn/large/005AiVyogy1hprk8nuy8xj31r0340hdv.jpg,
https://wx2.sinaimg.cn/large/005AiVyogy1hprk8zh7stj32dc35shdu.jpg,
https://wx2.sinaimg.cn/large/005AiVyogy1hprk91ego0j31r0340kjn.jpg,
https://wx2.sinaimg.cn/large/006hQojfgy1hspuayzi3vj31c82dsu0y.jpg,
https://wx2.sinaimg.cn/large/008E518xgy1hs6axnxc7ej30tj1gi4qp.jpg,
https://wx2.sinaimg.cn/large/53f496b6ly1hplvlw8u2yj22233344qq.jpg,
https://wx2.sinaimg.cn/large/53f496b6ly1hplvm89pt5j22233347wi.jpg,
https://wx2.sinaimg.cn/large/53f496b6ly1hplvmfoulej22233344qq.jpg,
https://wx2.sinaimg.cn/large/620770d5ly1hpzdk9v0eyj21z42yox6q.jpg,
https://wx2.sinaimg.cn/large/6ece7f5egy1hpstaf1wg8j21o02yonpd.jpg,
https://wx2.sinaimg.cn/large/6f5f4997gy1hpy5rt5rjoj21jk1117wh.jpg,
https://wx2.sinaimg.cn/large/7586f271gy1hu4v10qowlj22vo3u8u0z.jpg,
https://wx2.sinaimg.cn/large/7586f271gy1hu4v14g1rwj22e9370x6q.jpg,
https://wx2.sinaimg.cn/large/88b4117fgy1ht996xq3z3j20u01hce3i.jpg,
https://wx2.sinaimg.cn/large/9725ca93gy1hs0e1dwy27j25xc3j41l9.jpg,
https://wx2.sinaimg.cn/large/9725ca93gy1hs0e1j51xlj23fk55d7wq.jpg,
https://wx2.sinaimg.cn/large/9725ca93gy1hs0e1vm57mj23ls5eohe1.jpg,
https://wx2.sinaimg.cn/large/9725ca93gy1hs0e359lqvj25eo31ihe0.jpg,
https://wx2.sinaimg.cn/large/a8ef9007gy1hukxvsaeiuj22xu4eou0z.jpg,
https://wx2.sinaimg.cn/large/a8ef9007gy1hukxvv4b6zj22xu4eo7wk.jpg,
https://wx2.sinaimg.cn/large/a8ef9007gy1hukxvwl0hfj22xu4eoqv7.jpg,
https://wx2.sinaimg.cn/large/bf27a450ly1huoi5v7kdqj20zu1bs16g.jpg,
https://wx2.sinaimg.cn/large/cff92cfcgy1hs0fzeqwarj22yo1o0npd.jpg,
https://wx2.sinaimg.cn/large/cff92cfcly1hpeig6x3zgj22xs4eob2f.jpg,
https://wx2.sinaimg.cn/large/cff92cfcly1hpeigw4j15j22xs4eo1l3.jpg,
https://wx2.sinaimg.cn/large/cff92cfcly1hpeihdyefnj22c0340b2a.jpg,
https://wx2.sinaimg.cn/large/cff92cfcly1hpeihfavzej20zk1bxh1d.jpg,
https://wx2.sinaimg.cn/large/e8ef80a9gy1hpza2bajnlj21hc0u0dp7.jpg,
https://wx2.sinaimg.cn/large/e8ef80a9gy1hpza2dgh8cj21900u045n.jpg,
https://wx2.sinaimg.cn/large/e8ef80a9gy1hpza2fd3vmj21900u0jzy.jpg,
https://wx2.sinaimg.cn/large/e8ef80a9gy1hrxpf2erpyj20zz0qzdin.jpg,
https://wx2.sinaimg.cn/large/e8ef80a9gy1hsdy6zmks3j22gw3pc1l0.jpg,
https://wx2.sinaimg.cn/large/e8ef80a9gy1hsdy72snxxj22gw3pc7wk.jpg,
https://wx2.sinaimg.cn/large/e8ef80a9gy1hsdy76egxoj22gw3pcu10.jpg,
https://wx2.sinaimg.cn/large/e8ef80a9gy1hsdy7f77x2j22gw3pckjo.jpg,
https://wx2.sinaimg.cn/large/e8ef80a9gy1hsdy7iwqo9j22gw3pcb2c.jpg,
https://wx2.sinaimg.cn/large/e8ef80a9gy1hsj2d70ontj20u0140n2o.jpg,
https://wx2.sinaimg.cn/large/e8ef80a9gy1ht80o5y6tnj21zf2n81ky.jpg,
https://wx2.sinaimg.cn/large/e8ef80a9gy1htixe6ts10j237k4tcnpl.jpg,
https://wx2.sinaimg.cn/large/e8ef80a9gy1htixfcnprzj237k4tcqvb.jpg,
https://wx2.sinaimg.cn/large/e8ef80a9gy1htixkvo1sbj237k4tc1l4.jpg,
https://wx2.sinaimg.cn/large/e8ef80a9gy1hunmsut60qj22j02j04pl.jpg,
https://wx2.sinaimg.cn/large/e8ef80a9ly1hpibha97p9j23k02dc7wl.jpg,
https://wx2.sinaimg.cn/large/e8ef80a9ly1hpibl0oxb8j22dc3k0x6r.jpg,
https://wx2.sinaimg.cn/large/e8ef80a9ly1hrrdsuxjhkj21lf0lpgrm.jpg,
https://wx2.sinaimg.cn/large/e8ef80a9ly1hrrdszs6lcj208e0a4jre.jpg,
https://wx3.sinaimg.cn/large/006et5y9gy1hs0cqyq1baj30xc18g19t.jpg,
https://wx3.sinaimg.cn/large/53f496b6ly1hplvm5ln3ej22233347wi.jpg,
https://wx3.sinaimg.cn/large/6337367dgy1hts9w738r3j20u010yws9.jpg,
https://wx3.sinaimg.cn/large/6337367dgy1hts9wnqrryj20nq0vndm4.jpg,
https://wx3.sinaimg.cn/large/6ece7f5egy1hpstca1ls4j21o02yoqv5.jpg,
https://wx3.sinaimg.cn/large/6f5f4997gy1hpy5ru1cfbj21jk2bc7wi.jpg,
https://wx3.sinaimg.cn/large/71b75667ly1hpv13bym2wj21nw234u0x.jpg,
https://wx3.sinaimg.cn/large/71b75667ly1hpv13ibkhnj23a22jne83.jpg,
https://wx3.sinaimg.cn/large/71b75667ly1hpv13k6ck5j23402c0x6p.jpg,
https://wx3.sinaimg.cn/large/7586f271gy1hu4v12zsf9j22bm33iu0y.jpg,
https://wx3.sinaimg.cn/large/7586f271gy1hu4v13qg75j22be336qv6.jpg,
https://wx3.sinaimg.cn/large/7586f271gy1hu4v23tu04j22cm34u1kz.jpg,
https://wx3.sinaimg.cn/large/88b4117fgy1ht996wml43j20u01hc46r.jpg,
https://wx3.sinaimg.cn/large/88b4117fgy1ht996x5mnyj21hc0u0qms.jpg,
https://wx3.sinaimg.cn/large/88b4117fgy1ht996ycx07j20u01hch3m.jpg,
https://wx3.sinaimg.cn/large/9725ca93gy1hs0e18byddj23kn5cyu19.jpg,
https://wx3.sinaimg.cn/large/a8ef9007gy1hukxw21k7qj24eo2xu7wk.jpg,
https://wx3.sinaimg.cn/large/a8ef9007gy1hukxw7zjazj22xu4eo7wk.jpg,
https://wx3.sinaimg.cn/large/cff92cfcly1hpeiftamg4j22xs4eox6u.jpg,
https://wx3.sinaimg.cn/large/cff92cfcly1hpeih6v40wj21sc2dsnpe.jpg,
https://wx3.sinaimg.cn/large/e8ef80a9gy1hpg4e6fsbvj22602is1kx.jpg,
https://wx3.sinaimg.cn/large/e8ef80a9gy1hpza2anxv9j20u0190gul.jpg,
https://wx3.sinaimg.cn/large/e8ef80a9gy1hpza2cykxxj21hc0u0n6j.jpg,
https://wx3.sinaimg.cn/large/e8ef80a9gy1hpza2ecnoej21900u07dt.jpg,
https://wx3.sinaimg.cn/large/e8ef80a9gy1hrxpf1hnouj211r0sbwhj.jpg,
https://wx3.sinaimg.cn/large/e8ef80a9gy1hrxpf2xt8uj21240sl77o.jpg,
https://wx3.sinaimg.cn/large/e8ef80a9gy1hsdy7ma2c6j22gw3pcqv7.jpg,
https://wx3.sinaimg.cn/large/e8ef80a9gy1hsj2d7l57rj20u01400yu.jpg,
https://wx3.sinaimg.cn/large/e8ef80a9gy1ht024a1zhgj20qo0qpq8p.jpg,
https://wx3.sinaimg.cn/large/e8ef80a9gy1ht80o7c2wzj21ys2mex6p.jpg,
https://wx3.sinaimg.cn/large/e8ef80a9gy1ht9gwemaswj221w2qjkjm.jpg,
https://wx3.sinaimg.cn/large/e8ef80a9gy1ht9gwiufraj22c0340u0z.jpg,
https://wx3.sinaimg.cn/large/e8ef80a9gy1htixc0o6tmj237k4tcx6x.jpg,
https://wx3.sinaimg.cn/large/e8ef80a9gy1htixev9ra0j237k4tc1l2.jpg,
https://wx3.sinaimg.cn/large/e8ef80a9gy1htixfsy0rbj237k4tcnpk.jpg,
https://wx3.sinaimg.cn/large/e8ef80a9gy1htoln746tbj22c0340kjn.jpg,
https://wx3.sinaimg.cn/large/e8ef80a9gy1htolnu1g2qj21sc2ds4qq.jpg,
https://wx3.sinaimg.cn/large/e8ef80a9gy1huitpx20hjj20u0140jxe.jpg,
https://wx3.sinaimg.cn/large/e8ef80a9ly1htzty95imaj20u017d4ae.jpg,
https://wx3.sinaimg.cn/orj480/6dd57c31gy1hse8kukwurj20u00gvgo0.jpg,
https://wx3.sinaimg.cn/orj480/e8ef80a9gy1gw36o438omj20k00bagoq.jpg,
https://wx4.sinaimg.cn/large/005AiVyogy1hprk89i7f1j31r0340kjn.jpg,
https://wx4.sinaimg.cn/large/005AiVyogy1hprk8evzh6j31r0340qv7.jpg,
https://wx4.sinaimg.cn/large/005AiVyogy1hprk8kcp2rj32dc35se82.jpg,
https://wx4.sinaimg.cn/large/005AiVyogy1hprk8m0fpqj31r0340npf.jpg,
https://wx4.sinaimg.cn/large/005AiVyogy1hprk8um85aj31r0340kjn.jpg,
https://wx4.sinaimg.cn/large/006et5y9gy1hs0cqybj41j30xc18gao2.jpg,
https://wx4.sinaimg.cn/large/53f496b6ly1hplvleroa3j22233347wi.jpg,
https://wx4.sinaimg.cn/large/53f496b6ly1hplvlnlec4j22233347wi.jpg,
https://wx4.sinaimg.cn/large/53f496b6ly1hplvlqrzasj22233347wi.jpg,
https://wx4.sinaimg.cn/large/53f496b6ly1hplvltgr79j22233344qq.jpg,
https://wx4.sinaimg.cn/large/53f496b6ly1hplvlzblqhj22233347wi.jpg,
https://wx4.sinaimg.cn/large/53f496b6ly1hplvm2hchtj22233344qq.jpg,
https://wx4.sinaimg.cn/large/6f5f4997gy1hpy5rv4hatj21jk2bckjm.jpg,
https://wx4.sinaimg.cn/large/6f5f4997gy1hpy5rwmbf5j21jk2bc4qq.jpg,
https://wx4.sinaimg.cn/large/6f5f4997gy1hpy5rxdxl1j21jk1117wh.jpg,
https://wx4.sinaimg.cn/large/71b75667ly1hpv135qc25j21l72807wi.jpg,
https://wx4.sinaimg.cn/large/7586f271gy1hu4v21w4fmj22kq3fne83.jpg,
https://wx4.sinaimg.cn/large/88b4117fgy1ht996vgw77j21hc0u0wy9.jpg,
https://wx4.sinaimg.cn/large/9725ca93gy1hs0e1ptnxij25eo31ib2m.jpg,
https://wx4.sinaimg.cn/large/9725ca93gy1hs0e23d5c7j25p93su4r1.jpg,
https://wx4.sinaimg.cn/large/9725ca93gy1hs0e2nrbfvj23ls5eo4r3.jpg,
https://wx4.sinaimg.cn/large/a8ef9007gy1hukxw5ykioj24eo2xue84.jpg,
https://wx4.sinaimg.cn/large/a8ef9007gy1hukxwbrkvfj22xu4eonpf.jpg,
https://wx4.sinaimg.cn/large/cff92cfcly1hpeifiyh4nj21sc2dsu0y.jpg,
https://wx4.sinaimg.cn/large/cff92cfcly1hpeih2l23lj22c0340kjn.jpg,
https://wx4.sinaimg.cn/large/cff92cfcly1hpeiha3uwrj21lf24khdt.jpg,
https://wx4.sinaimg.cn/large/e8ef80a9gy1hpg4fknarzj21sc2dsnpe.jpg,
https://wx4.sinaimg.cn/large/e8ef80a9gy1hpzjhsiyhgj20u0140wnj.jpg,
https://wx4.sinaimg.cn/large/e8ef80a9gy1hpzjht6umzj20u0140thu.jpg,
https://wx4.sinaimg.cn/large/e8ef80a9gy1hsdy798prdj22gw3pcx6s.jpg,
https://wx4.sinaimg.cn/large/e8ef80a9gy1hsdy7qx1odj22gw3pcqv7.jpg,
https://wx4.sinaimg.cn/large/e8ef80a9gy1hswh2prfxcj20u0140n5i.jpg,
https://wx4.sinaimg.cn/large/e8ef80a9gy1ht0246bbmtj20qo0qo0y0.jpg,
https://wx4.sinaimg.cn/large/e8ef80a9gy1ht02482ijoj20qo0qowjd.jpg,
https://wx4.sinaimg.cn/large/e8ef80a9gy1ht024bi4nzj20qo0qoq7h.jpg,
https://wx4.sinaimg.cn/large/e8ef80a9gy1ht9gx30fc8j22bw33vhdv.jpg,
https://wx4.sinaimg.cn/large/e8ef80a9gy1ht9gx4pjnmj22c0340x6r.jpg,
https://wx4.sinaimg.cn/large/e8ef80a9gy1htixcw3x7aj237k4tcnpj.jpg,
https://wx4.sinaimg.cn/large/e8ef80a9gy1htixlle6pej237k4tc7wo.jpg,
https://wx4.sinaimg.cn/large/e8ef80a9gy1htolness3yj22422tfnpe.jpg,
https://wx4.sinaimg.cn/large/e8ef80a9gy1htolnmjoekj22c0340e83.jpg,
https://wx4.sinaimg.cn/large/e8ef80a9gy1htolswv9j6j22c0340e82.jpg,
https://wx4.sinaimg.cn/large/e8ef80a9gy1huitpw9sxoj20u015d0y2.jpg,
https://wx4.sinaimg.cn/large/e8ef80a9gy1huitpwpiyhj20u0140tfi.jpg,
https://wx4.sinaimg.cn/large/e8ef80a9ly1hpibgniplvj23k022l1l0.jpg,
https://wx4.sinaimg.cn/large/e8ef80a9ly1hrrdsua9gcj21jr0qswmw.jpg