https://ww2.sinaimg.cn/orj480/bec0696cjw1f4ejz3pq4mj20dc0dcwez.jpg,
https://wx1.sinaimg.cn/large/006pyPFnly1gyye932aldj32ps1mknpd.jpg,
https://wx1.sinaimg.cn/large/007kIZMNly1hbo68serezj33ls5eo4qx.jpg,
https://wx1.sinaimg.cn/large/007kIZMNly1hbo69512lrj325137kkjm.jpg,
https://wx1.sinaimg.cn/large/007kIZMNly1hbo69gwce7j325137k7wj.jpg,
https://wx1.sinaimg.cn/large/007kIZMNly1hbo69wuvxij35eo3ls1l4.jpg,
https://wx1.sinaimg.cn/large/007kIZMNly1hbvqude7s0j325137khdt.jpg,
https://wx1.sinaimg.cn/large/573e8bb9ly1hqvsbcesw6j21vm2i5qv8.jpg,
https://wx1.sinaimg.cn/large/573e8bb9ly1hqvsbz3rh1j21jk2bakjm.jpg,
https://wx1.sinaimg.cn/large/573e8bb9ly1hqvsc1rxtlj21jk2baqv5.jpg,
https://wx1.sinaimg.cn/large/7553fcf0gy1hpjefwxke1j20u0190n2l.jpg,
https://wx1.sinaimg.cn/large/7553fcf0gy1hsm82opugzj20u0140qd3.jpg,
https://wx1.sinaimg.cn/large/7553fcf0ly1hpzhtip72uj20u01900xe.jpg,
https://wx1.sinaimg.cn/large/7553fcf0ly1hpzhtl86zoj20u0190gqx.jpg,
https://wx1.sinaimg.cn/large/7553fcf0ly1hpzhtlqgibj20u0190gr8.jpg,
https://wx1.sinaimg.cn/large/b9128e35ly1gy0ioiez73j21hc0u0dm5.jpg,
https://wx1.sinaimg.cn/large/bec0696cgy1ht0e67tvewj21np2auhdu.jpg,
https://wx1.sinaimg.cn/large/bec0696cgy1ht0e6bgm5tj21jf21s4qq.jpg,
https://wx1.sinaimg.cn/large/bec0696cgy1htcr7flhb6j23fg2aa1kz.jpg,
https://wx1.sinaimg.cn/large/bec0696cly1heaeshs4t7j26bk47s7wr.jpg,
https://wx1.sinaimg.cn/large/bec0696cly1hozpvn9yazj22dc3k01l0.jpg,
https://wx1.sinaimg.cn/large/bec0696cly1hozpwbb86bj21xt2wpx6p.jpg,
https://wx1.sinaimg.cn/large/bec0696cly1hpfmzm6timj22tc4807wm.jpg,
https://wx1.sinaimg.cn/large/bec0696cly1hpfn0vm2m0j22tc480nph.jpg,
https://wx1.sinaimg.cn/large/bec0696cly1hpfn18acavj22tc4801l0.jpg,
https://wx1.sinaimg.cn/large/bec0696cly1hpfn1ps2ljj22tc480e85.jpg,
https://wx1.sinaimg.cn/large/bec0696cly1hq4aewnqioj22xs4eob2e.jpg,
https://wx1.sinaimg.cn/large/bec0696cly1hq4ag8shq7j24eo2xskjq.jpg,
https://wx1.sinaimg.cn/large/bec0696cly1hq4arlpq2pj22xs4eo1l2.jpg,
https://wx1.sinaimg.cn/large/bec0696cly1hq6akmfyhxj22c0340qv5.jpg,
https://wx1.sinaimg.cn/large/bec0696cly1hq6akroil3j226n2wcnpe.jpg,
https://wx1.sinaimg.cn/large/bec0696cly1hq8zp52288j22xs4eob2d.jpg,
https://wx1.sinaimg.cn/large/bec0696cly1hq8zpquu4qj22xs4eou11.jpg,
https://wx1.sinaimg.cn/orj480/003uA3gwgy1gvrl850u8jj60r41c8tbg02.jpg,
https://wx1.sinaimg.cn/orj480/008o5Pemly1h9yt6yetjhj31hc0u0dke.jpg,
https://wx1.sinaimg.cn/orj480/7e18fb44ly1he9re673pmj21hc0u0goz.jpg,
https://wx1.sinaimg.cn/orj480/bec0696cgy1gxz604gty6j20p00iswg0.jpg,
https://wx1.sinaimg.cn/orj480/bec0696cgy1hd9xlz53afj20u0141am4.jpg,
https://wx1.sinaimg.cn/orj480/bec0696cgy1hpmmww3bwoj20u01417at.jpg,
https://wx1.sinaimg.cn/orj480/bec0696cgy1hshhkc0q0fj20u0141aj3.jpg,
https://wx1.sinaimg.cn/orj480/bec0696cgy1hsky8hgyyej20u0141tls.jpg,
https://wx1.sinaimg.cn/orj480/bec0696cgy1hsoqbdd6lnj21hc0u07hq.jpg,
https://wx1.sinaimg.cn/orj480/bec0696cgy1htxw3czv3cj20u0141jyj.jpg,
https://wx1.sinaimg.cn/orj480/bec0696cgy1hukmkk7j9xj21o0281e81.jpg,
https://wx1.sinaimg.cn/orj480/bec0696cgy1huo2e4xvyuj20u014016b.jpg,
https://wx1.sinaimg.cn/orj480/bec0696cly1fgcdoyri8bj20dc0nqwf0.jpg,
https://wx1.sinaimg.cn/orj480/bec0696cly1ft2ehv8gzkj20k00zk76b.jpg,
https://wx1.sinaimg.cn/orj480/bec0696cly1gqp31s00m8j20k00qpdrr.jpg,
https://wx1.sinaimg.cn/orj480/bec0696cly1gsaotw3du8j20k00zkwfp.jpg,
https://wx1.sinaimg.cn/orj480/bec0696cly1h0t92qzyh2j20u01hcjt3.jpg,
https://wx1.sinaimg.cn/orj480/bec0696cly1h0vp9nyxr5j20u01hc769.jpg,
https://wx1.sinaimg.cn/orj480/bec0696cly1h1krejmjmjj20g00ldafr.jpg,
https://wx1.sinaimg.cn/orj480/bec0696cly1h1yir6z39lj20g00ld444.jpg,
https://wx1.sinaimg.cn/orj480/bec0696cly1h3qfbzryjfj20u0141tcx.jpg,
https://wx1.sinaimg.cn/orj480/bec0696cly1h5gktu46jhj20u0141k2p.jpg,
https://wx1.sinaimg.cn/orj480/bec0696cly1h84q2i3ryzj20u0141qad.jpg,
https://wx1.sinaimg.cn/orj480/bec0696cly1h85oxu6j8tj20u01411ea.jpg,
https://wx1.sinaimg.cn/orj480/bec0696cly1h8e1yryd0bj20u0141ahw.jpg,
https://wx1.sinaimg.cn/orj480/bec0696cly1h8idn0jq6bj20u0141grw.jpg,
https://wx1.sinaimg.cn/orj480/bec0696cly1h9m0w19yoqj20u0141n8p.jpg,
https://wx1.sinaimg.cn/orj480/bec0696cly1h9sp0ypm20j20u014118a.jpg,
https://wx1.sinaimg.cn/orj480/bec0696cly1h9uz0tpe68j20u0141gth.jpg,
https://wx1.sinaimg.cn/orj480/bec0696cly1ha6vqrybahj20u0141jzb.jpg,
https://wx1.sinaimg.cn/orj480/bec0696cly1hacdi1qriqj20u0141n9f.jpg,
https://wx1.sinaimg.cn/orj480/bec0696cly1hao77m8ek3j20u0141ak3.jpg,
https://wx1.sinaimg.cn/orj480/bec0696cly1hbeqjwsr11j20u01414c9.jpg,
https://wx1.sinaimg.cn/orj480/bec0696cly1hbup2do6gpj20u0141qco.jpg,
https://wx1.sinaimg.cn/orj480/bec0696cly1hc8vhgl5e9j20u0141tea.jpg,
https://wx1.sinaimg.cn/orj480/bec0696cly1hcshm39qhmj20u0141n6w.jpg,
https://wx1.sinaimg.cn/orj480/bec0696cly1hdwj782rbmj20u0141wr4.jpg,
https://wx1.sinaimg.cn/orj480/bec0696cly1he1d0e9x1aj20u0141aho.jpg,
https://wx1.sinaimg.cn/orj480/bec0696cly1heij26umegj20u0141qc8.jpg,
https://wx1.sinaimg.cn/orj480/bec0696cly1hfbk8gimi9j20u01hcn5w.jpg,
https://wx1.sinaimg.cn/orj480/bec0696cly1hfkp91wtaaj20u0141wso.jpg,
https://wx1.sinaimg.cn/orj480/bec0696cly1hfs0kx4324j20u0141n8e.jpg,
https://wx1.sinaimg.cn/orj480/bec0696cly1hgvc0w15kzj20u0141ds3.jpg,
https://wx1.sinaimg.cn/orj480/bec0696cly1hgx9r26n4xj20u0141gyq.jpg,
https://wx1.sinaimg.cn/orj480/bec0696cly1hh11kh953sj20me0tvdlz.jpg,
https://wx1.sinaimg.cn/orj480/bec0696cly1hh8u2ys663j20u014147i.jpg,
https://wx1.sinaimg.cn/orj480/bec0696cly1hhtner9jbzj20u0141k2w.jpg,
https://wx1.sinaimg.cn/orj480/bec0696cly1hi1r4yzkg1j20mh0u0mzv.jpg,
https://wx1.sinaimg.cn/orj480/bec0696cly1hi7jirua1tj20mh0u0jtm.jpg,
https://wx1.sinaimg.cn/orj480/bec0696cly1hij7np05oej20lc0sg763.jpg,
https://wx1.sinaimg.cn/orj480/bec0696cly1hiqi81fdgqj20mh0u00v4.jpg,
https://wx1.sinaimg.cn/orj480/bec0696cly1hkisrhsro6j20mh0u0jt8.jpg,
https://wx1.sinaimg.cn/orj480/bec0696cly1hlpt5fh5d0j20mh0u0jvw.jpg,
https://wx1.sinaimg.cn/orj480/bec0696cly1hmbuvd7hwsj20u01hctba.jpg,
https://wx1.sinaimg.cn/orj480/bec0696cly1hmv5vy2asvj20u01hctiu.jpg,
https://wx1.sinaimg.cn/orj480/bec0696cly1hotohar46vj20u01ha7ch.jpg,
https://wx1.sinaimg.cn/orj480/bec0696cly1hpssjkyjalj20u01hck30.jpg,
https://wx1.sinaimg.cn/orj480/bec0696cly1hqfhaplm9hj20u0141gsp.jpg,
https://wx1.sinaimg.cn/orj480/bec0696cly1hu9emz9llyj20so1eyaoh.jpg,
https://wx2.sinaimg.cn/crop.378.0.1292.719/bec0696cgy1gvztzrhlj3j21an0jzq97.jpg,
https://wx2.sinaimg.cn/large/006pyPFnly1gyye8uwjr1j32ib1qwe81.jpg,
https://wx2.sinaimg.cn/large/006pyPFnly1gyye97cag7j32cr1gi4hw.jpg,
https://wx2.sinaimg.cn/large/007kIZMNly1hbo68yfuqpj325137kb2b.jpg,
https://wx2.sinaimg.cn/large/007kIZMNly1hbo69b74awj325137kx6q.jpg,
https://wx2.sinaimg.cn/large/007kIZMNly1hbvqufzi9dj325137knpd.jpg,
https://wx2.sinaimg.cn/large/573e8bb9ly1hqvsbfmkjvj21jk223b2b.jpg,
https://wx2.sinaimg.cn/large/573e8bb9ly1hqvsbldpyjj21jk2bc1kz.jpg,
https://wx2.sinaimg.cn/large/573e8bb9ly1hqvsbwiofpj21jk2bakjm.jpg,
https://wx2.sinaimg.cn/large/7553fcf0gy1hpjefzbu3zj20u0190dkl.jpg,
https://wx2.sinaimg.cn/large/7553fcf0gy1hpjeh45wpyj20u0190wjk.jpg,
https://wx2.sinaimg.cn/large/7553fcf0gy1hpjeh6wuhaj21900u0wl6.jpg,
https://wx2.sinaimg.cn/large/7553fcf0gy1hpjehmngcmj21900u0jy0.jpg,
https://wx2.sinaimg.cn/large/7553fcf0gy1hpjehtlj73j20u0190n13.jpg,
https://wx2.sinaimg.cn/large/7553fcf0gy1hpjehwyfc9j20u0190792.jpg,
https://wx2.sinaimg.cn/large/7553fcf0gy1hsm82p2l6jj20u0140qck.jpg,
https://wx2.sinaimg.cn/large/7553fcf0gy1hsm82q0wrpj20qo0zkahk.jpg,
https://wx2.sinaimg.cn/large/7553fcf0gy1hsm82r0vnzj20qo0zkq9t.jpg,
https://wx2.sinaimg.cn/large/7553fcf0gy1hsm82rla6jj20qo0zkai7.jpg,
https://wx2.sinaimg.cn/large/7553fcf0ly1hpzhtkthz5j20u019042y.jpg,
https://wx2.sinaimg.cn/large/bec0696cgy1htcr7n1qptj22dc3k0x6r.jpg,
https://wx2.sinaimg.cn/large/bec0696cgy1htlx2a4wkij21nj2xsqv6.jpg,
https://wx2.sinaimg.cn/large/bec0696cly1heaer6obp9j247s6bk1l9.jpg,
https://wx2.sinaimg.cn/large/bec0696cly1heaes0qin1j26bk47s7wv.jpg,
https://wx2.sinaimg.cn/large/bec0696cly1heaes1k0edj21em0xr4cj.jpg,
https://wx2.sinaimg.cn/large/bec0696cly1hozpw0a66nj22ai3fse84.jpg,
https://wx2.sinaimg.cn/large/bec0696cly1hpfn0c9h2ij22h13rv1l1.jpg,
https://wx2.sinaimg.cn/large/bec0696cly1hq4afwht9gj22xs4eou12.jpg,
https://wx2.sinaimg.cn/large/bec0696cly1hq4aryyy6oj22we4h7kjn.jpg,
https://wx2.sinaimg.cn/large/bec0696cly1hq6akoc4onj21r0340b29.jpg,
https://wx2.sinaimg.cn/large/bec0696cly1hq6irkzzldj22xs4eonpi.jpg,
https://wx2.sinaimg.cn/large/bec0696cly1hq8wpzkl0vj22xs4eoe87.jpg,
https://wx2.sinaimg.cn/large/bec0696cly1hq8zo7iizrj22xs4iw4qu.jpg,
https://wx2.sinaimg.cn/large/bec0696cly1hq8zoucppsj22xs4k27wm.jpg,
https://wx2.sinaimg.cn/large/bec0696cly1hq8zq1wdl5j22xs4eoqv9.jpg,
https://wx2.sinaimg.cn/large/bec0696cly1hqsaxergdlj22dc3k01l0.jpg,
https://wx2.sinaimg.cn/large/bec0696cly1hqsaxsma3wj22dc3k04qs.jpg,
https://wx2.sinaimg.cn/large/bec0696cly1hqsay027kuj22dc3k04qs.jpg,
https://wx2.sinaimg.cn/large/bec0696cly1hqsaym8klgj22dc3k0x6r.jpg,
https://wx2.sinaimg.cn/orj480/003uA3gwly1guuax8z0adj60u01hcjsh02.jpg,
https://wx2.sinaimg.cn/orj480/007mWXealy1gxp5dtbbxzj30k00zkaat.jpg,
https://wx2.sinaimg.cn/orj480/7553fcf0ly1hptk9658czj20u0141qai.jpg,
https://wx2.sinaimg.cn/orj480/bec0696cgy1gq3wnrvuq0j20k00qoqmo.jpg,
https://wx2.sinaimg.cn/orj480/bec0696cgy1gvsiw2slvyj20k00batat.jpg,
https://wx2.sinaimg.cn/orj480/bec0696cgy1h2baxu2qq4j20t20gc1aa.jpg,
https://wx2.sinaimg.cn/orj480/bec0696cgy1hmimgtqjc9j20mh0u00v5.jpg,
https://wx2.sinaimg.cn/orj480/bec0696cgy1hpa1e807tmj20lc0sg77o.jpg,
https://wx2.sinaimg.cn/orj480/bec0696cgy1ht5qvijnfgj20u0141n92.jpg,
https://wx2.sinaimg.cn/orj480/bec0696cgy1htqlgvm9ccj21401hch6j.jpg,
https://wx2.sinaimg.cn/orj480/bec0696cgy3g9w05tgs06j20gv0u07l9.jpg,
https://wx2.sinaimg.cn/orj480/bec0696cly1fenlstvzl9j20nq0dcjrz.jpg,
https://wx2.sinaimg.cn/orj480/bec0696cly1fj1yxqio0kj20yo0k0t9z.jpg,
https://wx2.sinaimg.cn/orj480/bec0696cly1fs8b1ijmrqj20dc0nqt97.jpg,
https://wx2.sinaimg.cn/orj480/bec0696cly1gjvwyi8wu4j20k00ban6z.jpg,
https://wx2.sinaimg.cn/orj480/bec0696cly1go6zd253xkj20k00qowq6.jpg,
https://wx2.sinaimg.cn/orj480/bec0696cly1grc2cb53xjj20k00qptlo.jpg,
https://wx2.sinaimg.cn/orj480/bec0696cly1grfd3k908kj21400u0mzs.jpg,
https://wx2.sinaimg.cn/orj480/bec0696cly1gsk15pnu90j20k00qpgpy.jpg,
https://wx2.sinaimg.cn/orj480/bec0696cly1gtiha94lexj20zk0k0dgk.jpg,
https://wx2.sinaimg.cn/orj480/bec0696cly1h100lf6wa8j20ty1hc40d.jpg,
https://wx2.sinaimg.cn/orj480/bec0696cly1h2he3zt9ecj20k00qpjur.jpg,
https://wx2.sinaimg.cn/orj480/bec0696cly1h3mpatz07uj20tz0gu788.jpg,
https://wx2.sinaimg.cn/orj480/bec0696cly1h5r7fd6whoj20u0141afq.jpg,
https://wx2.sinaimg.cn/orj480/bec0696cly1h883sxndnnj20u01417gf.jpg,
https://wx2.sinaimg.cn/orj480/bec0696cly1h8n437ngj5j20u01400xt.jpg,
https://wx2.sinaimg.cn/orj480/bec0696cly1h9bcb4qu00j20u0141thi.jpg,
https://wx2.sinaimg.cn/orj480/bec0696cly1haqgd0vn7pj20u0141qbm.jpg,
https://wx2.sinaimg.cn/orj480/bec0696cly1hdxtep6kwaj20u01hc15r.jpg,
https://wx2.sinaimg.cn/orj480/bec0696cly1he9g70cql0j20u0141wnz.jpg,
https://wx2.sinaimg.cn/orj480/bec0696cly1hfg5napa0gj20ty13yapq.jpg,
https://wx2.sinaimg.cn/orj480/bec0696cly1hgh1mh8dx0j20u0141ahl.jpg,
https://wx2.sinaimg.cn/orj480/bec0696cly1hgloworegtj20u01417la.jpg,
https://wx2.sinaimg.cn/orj480/bec0696cly1hiuuiohqruj20lc0sgta3.jpg,
https://wx2.sinaimg.cn/orj480/bec0696cly1hjpv5eex7fj20mh0u00vt.jpg,
https://wx2.sinaimg.cn/orj480/bec0696cly1hkz842q101j20mh0u0q4s.jpg,
https://wx2.sinaimg.cn/orj480/bec0696cly1hl1qvozqy1j20mh0u0q5n.jpg,
https://wx2.sinaimg.cn/orj480/bec0696cly1hl9quz6kn5j20fz0lcac4.jpg,
https://wx2.sinaimg.cn/orj480/bec0696cly1hlhydbimhaj20mh0u0abk.jpg,
https://wx2.sinaimg.cn/orj480/bec0696cly1hlr3hnbkyqj20mh0u0408.jpg,
https://wx2.sinaimg.cn/orj480/bec0696cly1hm65ajsetzj20mh0u0n00.jpg,
https://wx2.sinaimg.cn/orj480/bec0696cly1hn9ct5otdnj21400mjgs0.jpg,
https://wx2.sinaimg.cn/orj480/bec0696cly1hnv9535ijrj20u0141dp8.jpg,
https://wx2.sinaimg.cn/orj480/bec0696cly1hpgu7srddhj21o02811kx.jpg,
https://wx2.sinaimg.cn/orj480/bec0696cly1hq2rssrvszj20u0141qcr.jpg,
https://wx2.sinaimg.cn/orj480/bec0696cly1hqj6jvc284j20u00gx0zj.jpg,
https://wx3.sinaimg.cn/crop.0.65.1441.801/bec0696cgy1gzl5n0zkmej21410u0n6z.jpg,
https://wx3.sinaimg.cn/large/002TLsr9ly1gxbh8j1bu5j60u01hckfn02.jpg,
https://wx3.sinaimg.cn/large/006pyPFnly1gyye8zh06sj326y39gkjl.jpg,
https://wx3.sinaimg.cn/large/006pyPFnly1gyye9bk88kj32l91kdnpd.jpg,
https://wx3.sinaimg.cn/large/007kIZMNly1hbo68f8eaij325137khdu.jpg,
https://wx3.sinaimg.cn/large/007kIZMNly1hbo68klwy6j325137knpe.jpg,
https://wx3.sinaimg.cn/large/007kIZMNly1hbo69oggs3j35eo3lsb2g.jpg,
https://wx3.sinaimg.cn/large/007kIZMNly1hbo6a288wmj325137kb2a.jpg,
https://wx3.sinaimg.cn/large/007kIZMNly1hbvqujvwvdj325137ke82.jpg,
https://wx3.sinaimg.cn/large/008av8Hogy1ht1oa1lh93j30u016hafw.jpg,
https://wx3.sinaimg.cn/large/7553fcf0gy1hpjea9eo5mj20u07mjqv5.jpg,
https://wx3.sinaimg.cn/large/7553fcf0gy1hpjeiraq1oj21900u0te4.jpg,
https://wx3.sinaimg.cn/large/7553fcf0gy1hsm82obtk6j20qo0zk10r.jpg,
https://wx3.sinaimg.cn/large/7553fcf0gy1hsm82rz5qfj20ku0t6ae0.jpg,
https://wx3.sinaimg.cn/large/7553fcf0ly1hpzhtjykm7j20u0190791.jpg,
https://wx3.sinaimg.cn/large/7553fcf0ly1hpzhtke242j20u0190jw2.jpg,
https://wx3.sinaimg.cn/large/b9128e35ly1gxp56934ajj20u01hdwlf.jpg,
https://wx3.sinaimg.cn/large/b9128e35ly1gxp5hzou1wj20b40b4my4.jpg,
https://wx3.sinaimg.cn/large/b9128e35ly1gxp5hzsfj3j21hc0u07e0.jpg,
https://wx3.sinaimg.cn/large/b9128e35ly1gy0ioigel1j20n01ds44y.jpg,
https://wx3.sinaimg.cn/large/b9128e35ly1gyzdujm8k2j20u01hdtex.jpg,
https://wx3.sinaimg.cn/large/bec0696cgy1ht0e6afbt1j21l9272e82.jpg,
https://wx3.sinaimg.cn/large/bec0696cgy1htcr7ioqxbj22dc3k0x6r.jpg,
https://wx3.sinaimg.cn/large/bec0696cgy1htcr7k1l3qj227d3b24qr.jpg,
https://wx3.sinaimg.cn/large/bec0696cgy1htlx268iopj20zu1ghe1p.jpg,
https://wx3.sinaimg.cn/large/bec0696cgy1htlx292vejj21r2340e89.jpg,
https://wx3.sinaimg.cn/large/bec0696cgy1htvbys3admj20u01hckjm.jpg,
https://wx3.sinaimg.cn/large/bec0696cly1heaerbczkfj26bk47su18.jpg,
https://wx3.sinaimg.cn/large/bec0696cly1hpfn05m1yvj22tc480qv9.jpg,
https://wx3.sinaimg.cn/large/bec0696cly1hpfn0j3gzlj24802tcqv8.jpg,
https://wx3.sinaimg.cn/large/bec0696cly1hpfn0p4zkvj22tc480e85.jpg,
https://wx3.sinaimg.cn/large/bec0696cly1hpfn11uzu1j23tu2jwb2d.jpg,
https://wx3.sinaimg.cn/large/bec0696cly1hq4af7pyjnj24eo2xskjq.jpg,
https://wx3.sinaimg.cn/large/bec0696cly1hq4afl8fmfj24eo2xse86.jpg,
https://wx3.sinaimg.cn/large/bec0696cly1hq4agz3zyhj22xs4eob2f.jpg,
https://wx3.sinaimg.cn/large/bec0696cly1hq6aknflvaj21mt36bhdt.jpg,
https://wx3.sinaimg.cn/large/bec0696cly1hq6akt4ugoj22c03407wh.jpg,
https://wx3.sinaimg.cn/large/bec0696cly1hqsaxlhxq6j22dc3k0u0z.jpg,
https://wx3.sinaimg.cn/large/bec0696cly1hqsay7t629j22dc3k0u0z.jpg,
https://wx3.sinaimg.cn/large/bec0696cly1hqsayek6y9j22dc3k0kjn.jpg,
https://wx3.sinaimg.cn/large/bec0696cly1hqsaz1i6ppj22dc3k07wk.jpg,
https://wx3.sinaimg.cn/orj480/003shjzfly1hpssyjhoe5j61hc0u0wg802.jpg,
https://wx3.sinaimg.cn/orj480/a66d0169ly8h1brw181ouj20os17y7wh.jpg,
https://wx3.sinaimg.cn/orj480/bec0696cgy1gvzpaaonouj20k00qo0v5.jpg,
https://wx3.sinaimg.cn/orj480/bec0696cgy1gwchueza8hj23341qi4qt.jpg,
https://wx3.sinaimg.cn/orj480/bec0696cgy1h13nbpxjp1j21gi0tjkjl.jpg,
https://wx3.sinaimg.cn/orj480/bec0696cgy1hr1fr0uvzvj20u0141wmi.jpg,
https://wx3.sinaimg.cn/orj480/bec0696cgy1hr7gev8oc3j20j50asmzm.jpg,
https://wx3.sinaimg.cn/orj480/bec0696cgy1hrc6wfz8s4j20u01hcwpg.jpg,
https://wx3.sinaimg.cn/orj480/bec0696cgy1ht3o7b9n7fj20u01417fn.jpg,
https://wx3.sinaimg.cn/orj480/bec0696cgy1htbj6c4ofkj20u0141k6k.jpg,
https://wx3.sinaimg.cn/orj480/bec0696cly1fkttrltmwxj20f00qo3z0.jpg,
https://wx3.sinaimg.cn/orj480/bec0696cly1fvu65zn3juj20k00zkt9r.jpg,
https://wx3.sinaimg.cn/orj480/bec0696cly1g57ua29p7sj20om1hcwg4.jpg,
https://wx3.sinaimg.cn/orj480/bec0696cly1gp48xgz4pmj20u01hcmzm.jpg,
https://wx3.sinaimg.cn/orj480/bec0696cly1gxpw8droh3j20u00gw122.jpg,
https://wx3.sinaimg.cn/orj480/bec0696cly1h0u6au1ozhj20u01hcdjc.jpg,
https://wx3.sinaimg.cn/orj480/bec0696cly1h1ro7wt7j4j20u01hcq6f.jpg,
https://wx3.sinaimg.cn/orj480/bec0696cly1h206xzn1ckj20u0141jxp.jpg,
https://wx3.sinaimg.cn/orj480/bec0696cly1h358e2b86tj20u0141q9d.jpg,
https://wx3.sinaimg.cn/orj480/bec0696cly1h566s977pnj20u0141agh.jpg,
https://wx3.sinaimg.cn/orj480/bec0696cly1h5tjf98v5qj20u0141dmc.jpg,
https://wx3.sinaimg.cn/orj480/bec0696cly1h6xzufj7coj21hc0u0jug.jpg,
https://wx3.sinaimg.cn/orj480/bec0696cly1h784s44cj6j20u0141t9j.jpg,
https://wx3.sinaimg.cn/orj480/bec0696cly1h89avfojpmj20u01407db.jpg,
https://wx3.sinaimg.cn/orj480/bec0696cly1h8jjztbwwnj20u0141wpz.jpg,
https://wx3.sinaimg.cn/orj480/bec0696cly1h94ee5d646j20u01407e2.jpg,
https://wx3.sinaimg.cn/orj480/bec0696cly1hakcvoi6pvj20u01414er.jpg,
https://wx3.sinaimg.cn/orj480/bec0696cly1hatncyz12jj20u0141n8k.jpg,
https://wx3.sinaimg.cn/orj480/bec0696cly1hdveztps55j20u01414a4.jpg,
https://wx3.sinaimg.cn/orj480/bec0696cly1hf6twjxzc1j20u0141n77.jpg,
https://wx3.sinaimg.cn/orj480/bec0696cly1hfabf1v65nj20u0141tiy.jpg,
https://wx3.sinaimg.cn/orj480/bec0696cly1hfw8j2eybbj20u01417g7.jpg,
https://wx3.sinaimg.cn/orj480/bec0696cly1hgbiy3hjgij20u01417gx.jpg,
https://wx3.sinaimg.cn/orj480/bec0696cly1hik9b839s7j20mh0u0mzl.jpg,
https://wx3.sinaimg.cn/orj480/bec0696cly1himlus68l4j20mh0u076l.jpg,
https://wx3.sinaimg.cn/orj480/bec0696cly1hkfa5qezufj20mh0u0q50.jpg,
https://wx3.sinaimg.cn/orj480/bec0696cly1hlbyfx8b61j20ks0rq76j.jpg,
https://wx3.sinaimg.cn/orj480/bec0696cly1hleh50jx1pj20mh0u0411.jpg,
https://wx3.sinaimg.cn/orj480/bec0696cly1hmm4vq4bo2j21o0281wzt.jpg,
https://wx3.sinaimg.cn/orj480/bec0696cly1hmxwtfvlm6j20u0141gu5.jpg,
https://wx3.sinaimg.cn/orj480/bec0696cly1ho0twkkuxwj20u0140k1y.jpg,
https://wx3.sinaimg.cn/orj480/bec0696cly1hoxdf6h5koj20u01414ca.jpg,
https://wx3.sinaimg.cn/orj480/bec0696cly1hpcnebabfoj20u0141k5n.jpg,
https://wx3.sinaimg.cn/orj480/bec0696cly1hpjdu2t69jj20u01417gi.jpg,
https://wx3.sinaimg.cn/orj480/bec0696cly1hpoy5x53hwj20u0141gyh.jpg,
https://wx3.sinaimg.cn/orj480/bec0696cly1hquww48qwbj20u0141gvx.jpg,
https://wx4.sinaimg.cn/large/006pyPFnly1gyye8w3sf8j338q23v7wh.jpg,
https://wx4.sinaimg.cn/large/006pyPFnly1gyye95xamuj32rs1qvkjl.jpg,
https://wx4.sinaimg.cn/large/006pyPFnly1gyye9e342ij32s01uknpd.jpg,
https://wx4.sinaimg.cn/large/006pyPFnly1gyye9gzw5oj32px1kve81.jpg,
https://wx4.sinaimg.cn/large/007kIZMNly1hbo68a70g6j325137kb2c.jpg,
https://wx4.sinaimg.cn/large/007kIZMNly1hbo6a86wr3j31z12yj4qr.jpg,
https://wx4.sinaimg.cn/large/007kIZMNly1hbvquab7xnj337k251e82.jpg,
https://wx4.sinaimg.cn/large/007kIZMNly1hbvquc4wauj325137ku0x.jpg,
https://wx4.sinaimg.cn/large/007kIZMNly1hbvqueoa3vj337k251e81.jpg,
https://wx4.sinaimg.cn/large/573e8bb9ly1hqvsb7fa3qj21jk222u0z.jpg,
https://wx4.sinaimg.cn/large/573e8bb9ly1hqvsbqzep4j21jk2baqv6.jpg,
https://wx4.sinaimg.cn/large/573e8bb9ly1hqvsbtszp3j21jk2bckjm.jpg,
https://wx4.sinaimg.cn/large/7553fcf0gy1hsm82pk93xj20qo0zkqaw.jpg,
https://wx4.sinaimg.cn/large/7553fcf0gy1hsm82qi360j20qo0zkgqz.jpg,
https://wx4.sinaimg.cn/large/7553fcf0ly1hpzhth75r8j20u0190dkk.jpg,
https://wx4.sinaimg.cn/large/7553fcf0ly1hpzhthjbe3j20u0190442.jpg,
https://wx4.sinaimg.cn/large/7553fcf0ly1hpzhthw1baj20u0190q78.jpg,
https://wx4.sinaimg.cn/large/7553fcf0ly1hpzhti7nwpj20u0190tcy.jpg,
https://wx4.sinaimg.cn/large/7553fcf0ly1hpzhtj5h81j20u0190gqj.jpg,
https://wx4.sinaimg.cn/large/7553fcf0ly1hpzhtjjowmj20u0190tdl.jpg,
https://wx4.sinaimg.cn/large/775a9a73ly1h8wbbxx42rj21o01o0hdt.jpg,
https://wx4.sinaimg.cn/large/b9128e35ly1gxp51x5fa4j21hc0u0dmb.jpg,
https://wx4.sinaimg.cn/large/b9128e35ly1gxp562vlm5j20b40b4gmk.jpg,
https://wx4.sinaimg.cn/large/b9128e35ly1gxp5hzsx9oj20n01dsgsz.jpg,
https://wx4.sinaimg.cn/large/b9128e35ly1gy0ioicempj20b40b4gmv.jpg,
https://wx4.sinaimg.cn/large/bec0696cgy1ht0e69epf8j21qs2a1qv6.jpg,
https://wx4.sinaimg.cn/large/bec0696cgy1htcr7gvyjuj22dc3k0kjn.jpg,
https://wx4.sinaimg.cn/large/bec0696cgy1htcr7lirecj22dc3k0qv7.jpg,
https://wx4.sinaimg.cn/large/bec0696cly1heaeqk4un3j26bk47sqvh.jpg,
https://wx4.sinaimg.cn/large/bec0696cly1heaeque57cj247s6bku1a.jpg,
https://wx4.sinaimg.cn/large/bec0696cly1heaeror29dj247s6bku1a.jpg,
https://wx4.sinaimg.cn/large/bec0696cly1heaes52be7j26bk47sx6x.jpg,
https://wx4.sinaimg.cn/large/bec0696cly1heaes95ksyj247s6bknpm.jpg,
https://wx4.sinaimg.cn/large/bec0696cly1heaesdnn8oj247s6bk4qz.jpg,
https://wx4.sinaimg.cn/large/bec0696cly1heaespy2sjj20xc7wne87.jpg,
https://wx4.sinaimg.cn/large/bec0696cly1hozpw9pbtqj22xs4eob2f.jpg,
https://wx4.sinaimg.cn/large/bec0696cly1hpfmzt3im8j22tc4801l2.jpg,
https://wx4.sinaimg.cn/large/bec0696cly1hpfmzz1ljnj22of40mx6s.jpg,
https://wx4.sinaimg.cn/large/bec0696cly1hpfn1i9crxj22tc480qva.jpg,
https://wx4.sinaimg.cn/large/bec0696cly1hq4adkeomhj23ls5eox6w.jpg,
https://wx4.sinaimg.cn/large/bec0696cly1hq4agkojhoj22xs4eo1l3.jpg,
https://wx4.sinaimg.cn/large/bec0696cly1hq4aret82gj22xs4eox6t.jpg,
https://wx4.sinaimg.cn/large/bec0696cly1hq4arowg0mj22v54cxkjn.jpg,
https://wx4.sinaimg.cn/large/bec0696cly1hq4arwjji9j22xs4eou11.jpg,
https://wx4.sinaimg.cn/large/bec0696cly1hq6akshgftj226n2wce81.jpg,
https://wx4.sinaimg.cn/large/bec0696cly1hq8zoi4cxtj22xs4h7kjq.jpg,
https://wx4.sinaimg.cn/large/bec0696cly1hq8zpgvfo2j22xs4eonph.jpg,
https://wx4.sinaimg.cn/large/bec0696cly1hq8zq64kthj22xs4eox6s.jpg,
https://wx4.sinaimg.cn/large/bec0696cly1hq8zqij2ouj22xs4eokjp.jpg,
https://wx4.sinaimg.cn/large/bec0696cly1hqsayt7czpj22dc3k01l0.jpg,
https://wx4.sinaimg.cn/orj480/00249OSzly1hmt5c9rn4yj60u01hcdk302.jpg,
https://wx4.sinaimg.cn/orj480/bec0696cgy1gylggqdf5rj21hc0u0jta.jpg,
https://wx4.sinaimg.cn/orj480/bec0696cgy1h0yvtrym5tj21ix219qv7.jpg,
https://wx4.sinaimg.cn/orj480/bec0696cgy1hrb0nggw71j21o02811fs.jpg,
https://wx4.sinaimg.cn/orj480/bec0696cgy1htnbk2sd6nj20u01hcdqn.jpg,
https://wx4.sinaimg.cn/orj480/bec0696cgy1htv6irpxcwj20sw12jgvx.jpg,
https://wx4.sinaimg.cn/orj480/bec0696cgy1hua7odezbsj20ss1f2th8.jpg,
https://wx4.sinaimg.cn/orj480/bec0696cgy1hubv6u5hnwj20s011dqed.jpg,
https://wx4.sinaimg.cn/orj480/bec0696cly1fi28igjkjbj20dc0nqgm6.jpg,
https://wx4.sinaimg.cn/orj480/bec0696cly1fr0atr8kiej20dc0nqt9b.jpg,
https://wx4.sinaimg.cn/orj480/bec0696cly1goqkgqf0ktj20u01hcabg.jpg,
https://wx4.sinaimg.cn/orj480/bec0696cly1gqurgk4ptoj20k00zkmy9.jpg,
https://wx4.sinaimg.cn/orj480/bec0696cly1h15xg73wfcj20u01hc77d.jpg,
https://wx4.sinaimg.cn/orj480/bec0696cly1h53yqmq1gdj20on0wvgql.jpg,
https://wx4.sinaimg.cn/orj480/bec0696cly1h5hpmlmhfbj20u01hcabp.jpg,
https://wx4.sinaimg.cn/orj480/bec0696cly1h5nkil8vlqj20u01hcabd.jpg,
https://wx4.sinaimg.cn/orj480/bec0696cly1h7pj8pr745j20u0141dyd.jpg,
https://wx4.sinaimg.cn/orj480/bec0696cly1h8hr7zarwdj20u0141wqw.jpg,
https://wx4.sinaimg.cn/orj480/bec0696cly1h8pd4zfb9yj20u0141gr6.jpg,
https://wx4.sinaimg.cn/orj480/bec0696cly1h96w4ukjfxj20u0141jzh.jpg,
https://wx4.sinaimg.cn/orj480/bec0696cly1h9dlxchveej20u0141ag6.jpg,
https://wx4.sinaimg.cn/orj480/bec0696cly1h9rk4yxyl5j20u014117x.jpg,
https://wx4.sinaimg.cn/orj480/bec0696cly1haliqqx7k5j20u0141n9o.jpg,
https://wx4.sinaimg.cn/orj480/bec0696cly1he6zqmkb24j20u0141n6t.jpg,
https://wx4.sinaimg.cn/orj480/bec0696cly1hezusgf9dpj20u01417dg.jpg,
https://wx4.sinaimg.cn/orj480/bec0696cly1hfif6g84s8j20u01417k7.jpg,
https://wx4.sinaimg.cn/orj480/bec0696cly1hft0n3qr8nj20u0141doe.jpg,
https://wx4.sinaimg.cn/orj480/bec0696cly1hgi6h9t2sjj20u0141drr.jpg,
https://wx4.sinaimg.cn/orj480/bec0696cly1hhpdpfg7n7j20sy12mqcf.jpg,
https://wx4.sinaimg.cn/orj480/bec0696cly1hi2y48i7kcj20ld0si41l.jpg,
https://wx4.sinaimg.cn/orj480/bec0696cly1hi9txxek5jj20mh0u0q58.jpg,
https://wx4.sinaimg.cn/orj480/bec0696cly1hib0cp64qfj20kw0rvjtc.jpg,
https://wx4.sinaimg.cn/orj480/bec0696cly1hicgah7m6uj20ld0simzs.jpg,
https://wx4.sinaimg.cn/orj480/bec0696cly1hilei7a7drj20lc0sg75t.jpg,
https://wx4.sinaimg.cn/orj480/bec0696cly1hkj3jzuqq6j20xs0j0mzj.jpg,
https://wx4.sinaimg.cn/orj480/bec0696cly1hkjvk74xxcj20mh0u0jte.jpg,
https://wx4.sinaimg.cn/orj480/bec0696cly1hm768y6yybj20mh0u0whb.jpg,
https://wx4.sinaimg.cn/orj480/bec0696cly1hmfcsnqg2ij20u00gv768.jpg,
https://wx4.sinaimg.cn/orj480/bec0696cly1hn3mgkw2kdj20u0141wj1.jpg,
https://wx4.sinaimg.cn/orj480/bec0696cly1hn6sh0d303j20u01410wt.jpg,
https://wx4.sinaimg.cn/orj480/bec0696cly1hnhjaw55b7j21hc0u0ncj.jpg,
https://wx4.sinaimg.cn/orj480/bec0696cly1hnlqqiattmj20u014147c.jpg,
https://wx4.sinaimg.cn/orj480/bec0696cly1hoety3p4rmj20u014148p.jpg,
https://wx4.sinaimg.cn/orj480/bec0696cly1hp1skg6ha1j20u0141gxl.jpg,
https://wx4.sinaimg.cn/orj480/bec0696cly1hp59ek87laj20u01hc7d8.jpg