https://wx1.sinaimg.cn/crop.0.6.1919.1067/008av8Hogy1hl2dc4zzqaj31hb0u0ang.jpg,
https://wx1.sinaimg.cn/large/001mGD5Jly1hmsab0srvcg607s0boqv802.gif,
https://wx1.sinaimg.cn/large/001mGD5Jly1hmsab984x8g608c0bqqv502.gif,
https://wx1.sinaimg.cn/large/001mGD5Jly1hmsabs78q4g608c0bqqv502.gif,
https://wx1.sinaimg.cn/large/002TLsr9ly1hkyzdiq2tfj60dw0dwwl002.jpg,
https://wx1.sinaimg.cn/large/005AUC75gy1hpltvfk5elj33y85z2hdy.jpg,
https://wx1.sinaimg.cn/large/005AUC75gy1hpltvibjv6j35xc3y8kjr.jpg,
https://wx1.sinaimg.cn/large/005AUC75gy1hsdap9nzb1j35ro3lshdz.jpg,
https://wx1.sinaimg.cn/large/005AUC75gy1hsdapvtuvtj35ro3lsx6w.jpg,
https://wx1.sinaimg.cn/large/005AUC75ly1hlottn16qpj32fe3p1kjo.jpg,
https://wx1.sinaimg.cn/large/005AUC75ly1hlottxgyasj32q547u1l0.jpg,
https://wx1.sinaimg.cn/large/005AUC75ly1hlotu4f0ctj32fe3pfkjo.jpg,
https://wx1.sinaimg.cn/large/005BDrFLgy1htq29pavx9j34k234gu12.jpg,
https://wx1.sinaimg.cn/large/005FPnS6ly1hk57j95p6xj30s41e014p.jpg,
https://wx1.sinaimg.cn/large/005Jxbrely1hqccwkuuxaj31uu2u7b2e.jpg,
https://wx1.sinaimg.cn/large/005KfCnwly1hkb7rt1qp4j31o0280npd.jpg,
https://wx1.sinaimg.cn/large/005NxFaZly1hn4y7jl8zuj315l1kke3z.jpg,
https://wx1.sinaimg.cn/large/005TStU4ly1hmt3b3a2gqj30du0dut9m.jpg,
https://wx1.sinaimg.cn/large/005TStU4ly1hmt3bh4644j30ac074mxf.jpg,
https://wx1.sinaimg.cn/large/005ZboqZgy1hn3jw8wfryj34022scb2c.jpg,
https://wx1.sinaimg.cn/large/005ZboqZgy1hn3jwhj8lcj33344mob2d.jpg,
https://wx1.sinaimg.cn/large/005ZboqZgy1hn3jwjg7dcj32na4311kz.jpg,
https://wx1.sinaimg.cn/large/006QZngZgy1hp7kinj9y4j31hc0u07wi.jpg,
https://wx1.sinaimg.cn/large/006QZngZgy1hp7kixyqw4g30dw0k5x6v.gif,
https://wx1.sinaimg.cn/large/006ixwxngy1hkx629av4bj31z48jlx6u.jpg,
https://wx1.sinaimg.cn/large/006ixwxngy1hkx629h7faj31z4c2h7wm.jpg,
https://wx1.sinaimg.cn/large/006ixwxngy1hkx629n67gj31jf545e84.jpg,
https://wx1.sinaimg.cn/large/006oC2Ypgy1ho91jmhjj8j343c64whe4.jpg,
https://wx1.sinaimg.cn/large/0072qOkdgy1hmv8tgr0ryj30xc0uzdoq.jpg,
https://wx1.sinaimg.cn/large/0072qOkdgy1hmv8tjjv8gj30xc1e0k8l.jpg,
https://wx1.sinaimg.cn/large/0072qOkdgy1hmv8tkv3zuj30xc1e0wx7.jpg,
https://wx1.sinaimg.cn/large/007ESdVkly1hpuy5knlhhj30u00s376t.jpg,
https://wx1.sinaimg.cn/large/007ESdVkly1hpuy5m6h3rj30u00r140r.jpg,
https://wx1.sinaimg.cn/large/007ESdVkly1hpuy5mp6ttj30u00tw0ve.jpg,
https://wx1.sinaimg.cn/large/007esuQcgy1hledhi4d37j323w35su0x.jpg,
https://wx1.sinaimg.cn/large/49de0cd1gy1hm8e29iu30j20m80tmtd2.jpg,
https://wx1.sinaimg.cn/large/62ff67c7gy1hpa8bmit3sj24mo2lr4qv.jpg,
https://wx1.sinaimg.cn/large/62ff67c7ly1hpbhm1jamaj23344mou10.jpg,
https://wx1.sinaimg.cn/large/68f0c806gy1hlffkueh0fj24gr2ifnph.jpg,
https://wx1.sinaimg.cn/large/68f0c806gy1hlffl6ev21j246g1sh7wj.jpg,
https://wx1.sinaimg.cn/large/68f0c806gy1hlfflkt8qgj22tc480x6s.jpg,
https://wx1.sinaimg.cn/large/68f0c806gy1hlfflowevcj22tc4807wk.jpg,
https://wx1.sinaimg.cn/large/6e225fdcly1hliz5pn01nj21jk11we81.jpg,
https://wx1.sinaimg.cn/large/70d7f9eagy1hkm5xkplkwj217f0t1gwb.jpg,
https://wx1.sinaimg.cn/large/70d7f9eagy1hkm5xkuiwoj217f0t1k4u.jpg,
https://wx1.sinaimg.cn/large/70d7f9eagy1hkm5xl0fe0j217g0t1182.jpg,
https://wx1.sinaimg.cn/large/7a68ec91gy1huf02weud3j22w91tcnkh.jpg,
https://wx1.sinaimg.cn/large/7a68ec91gy1huf02wmy1nj20zk31su0x.jpg,
https://wx1.sinaimg.cn/large/7ff5c852gy1hqyhyn3pdjj235s1s0qv6.jpg,
https://wx1.sinaimg.cn/large/7ff5c852gy1hqyhyo0vzfj223u35sqv7.jpg,
https://wx1.sinaimg.cn/large/7ff5c852gy1hqyhyptzu8j24o02mghe0.jpg,
https://wx1.sinaimg.cn/large/83146ca0gy1hl69vccb5oj209a0990tg.jpg,
https://wx1.sinaimg.cn/large/83146ca0gy1hl69vf6s7tj209a09awfb.jpg,
https://wx1.sinaimg.cn/large/83ce1055gy1hlmelwdab4j223q1qjwt6.jpg,
https://wx1.sinaimg.cn/large/83ce1055gy1hlmeme8z96j21u32r5npe.jpg,
https://wx1.sinaimg.cn/large/83ce1055gy1hlmemjdyn5j21ul2rwnpf.jpg,
https://wx1.sinaimg.cn/large/83ce1055gy1hlmemny7qmj24352as1kx.jpg,
https://wx1.sinaimg.cn/large/83ce1055gy1hmg6n6p2hrj22uk4feqv9.jpg,
https://wx1.sinaimg.cn/large/885bec93gy1hrhodrbhkcj22dc35se84.jpg,
https://wx1.sinaimg.cn/large/885bec93gy1hrhoe3u31uj22dc35skjn.jpg,
https://wx1.sinaimg.cn/large/885bec93gy1hrhoebmo90j22dc35s7wl.jpg,
https://wx1.sinaimg.cn/large/885bec93gy1hrhov64di9j20sg1udnm3.jpg,
https://wx1.sinaimg.cn/large/885bec93gy1hrhpfmw33zj20sg1fk4fv.jpg,
https://wx1.sinaimg.cn/large/885bec93gy1hrhqesmh2tj20sg2ajk9q.jpg,
https://wx1.sinaimg.cn/large/885bec93gy1hrhqmisylej21n60sghb2.jpg,
https://wx1.sinaimg.cn/large/982578b0gy1hlana626qsj22c0340kjl.jpg,
https://wx1.sinaimg.cn/large/982578b0gy1hlana76i0zj20u00wgk5r.jpg,
https://wx1.sinaimg.cn/large/982578b0gy1hle73pa44zj21o02804qq.jpg,
https://wx1.sinaimg.cn/large/982578b0gy1hof00c2fsej22c0340e84.jpg,
https://wx1.sinaimg.cn/large/982578b0gy1hoogx5w71hj23402c0x6q.jpg,
https://wx1.sinaimg.cn/large/982578b0gy1hopblvx98ej21o0280kjm.jpg,
https://wx1.sinaimg.cn/large/982578b0gy1hoqluv5yy2j21o02804qq.jpg,
https://wx1.sinaimg.cn/large/982578b0gy1hoqlvo0hsaj24eo3b0npk.jpg,
https://wx1.sinaimg.cn/large/982578b0gy1hoqlwd3fboj22c0340u0z.jpg,
https://wx1.sinaimg.cn/large/982578b0gy1hqyeei9r1xj20wq17mndo.jpg,
https://wx1.sinaimg.cn/large/982578b0gy1hrwpba0y3vj21o02yo4qq.jpg,
https://wx1.sinaimg.cn/large/982578b0gy1hrwpbdkzekj21o02yo7wh.jpg,
https://wx1.sinaimg.cn/large/982578b0gy1hrwpbfp0syj21o02yoe81.jpg,
https://wx1.sinaimg.cn/large/982578b0gy1htl19usa13j20wr1z04qr.jpg,
https://wx1.sinaimg.cn/large/982578b0gy1hudpxji5nnj21401hch07.jpg,
https://wx1.sinaimg.cn/large/982578b0gy1hudyrte1stj240g29ab2c.jpg,
https://wx1.sinaimg.cn/large/982578b0gy1hulr0tdyvmj22oc40fnpj.jpg,
https://wx1.sinaimg.cn/large/982578b0gy1hulr10lo13j22oc40f1l2.jpg,
https://wx1.sinaimg.cn/large/982578b0gy1hulr13dt64j22oc40fu11.jpg,
https://wx1.sinaimg.cn/large/982578b0gy1hv4arf73raj22oa40fx6t.jpg,
https://wx1.sinaimg.cn/large/982578b0ly1hjjcx8k6obj21dn2g81ky.jpg,
https://wx1.sinaimg.cn/large/982578b0ly1hjlqso3aetj20k00k0jts.jpg,
https://wx1.sinaimg.cn/large/982578b0ly1hjnim2rmrbj21o0280u0x.jpg,
https://wx1.sinaimg.cn/large/982578b0ly1hjnim58i26j21o02801ky.jpg,
https://wx1.sinaimg.cn/large/982578b0ly1hk3um9g98rj223w35s4qq.jpg,
https://wx1.sinaimg.cn/large/982578b0ly1hkkdnm3i2vj21hc280hdt.jpg,
https://wx1.sinaimg.cn/large/982578b0ly1hkkdnqtj7hj21hc2804qq.jpg,
https://wx1.sinaimg.cn/large/982578b0ly1hkkdperk13j21hc2804qw.jpg,
https://wx1.sinaimg.cn/large/982578b0ly1hkoz4ljxt1j213k1nub29.jpg,
https://wx1.sinaimg.cn/large/982578b0ly1hkr6pu863qj21o0280hdu.jpg,
https://wx1.sinaimg.cn/large/982578b0ly1hkr6qvmgmnj21o02804qr.jpg,
https://wx1.sinaimg.cn/large/982578b0ly1hkz4q6tynjj21y02lckjm.jpg,
https://wx1.sinaimg.cn/large/982578b0ly1hl1jwygp4bj223u35sqv6.jpg,
https://wx1.sinaimg.cn/large/982578b0ly1hlfcenlka9j21o02804qq.jpg,
https://wx1.sinaimg.cn/large/982578b0ly1hlfcexnxg3j21o02804qq.jpg,
https://wx1.sinaimg.cn/large/982578b0ly1hlfcfcgs38j21o02804qq.jpg,
https://wx1.sinaimg.cn/large/982578b0ly1hlfcfudpv3j21o0280x6q.jpg,
https://wx1.sinaimg.cn/large/982578b0ly1hlglq5tey8j235s23wx6q.jpg,
https://wx1.sinaimg.cn/large/982578b0ly1hlglqsa5bfj235s23wx6q.jpg,
https://wx1.sinaimg.cn/large/982578b0ly1hlglrfpp2wj235s1rz7wi.jpg,
https://wx1.sinaimg.cn/large/982578b0ly1hlhq5kmwcaj223w35sx6q.jpg,
https://wx1.sinaimg.cn/large/982578b0ly1hlhq5wkfdxj223w35s7wi.jpg,
https://wx1.sinaimg.cn/large/982578b0ly1hlhq6fgdj1j223w35sx6q.jpg,
https://wx1.sinaimg.cn/large/982578b0ly1hlhq6ki1zdj223w35rhdu.jpg,
https://wx1.sinaimg.cn/large/982578b0ly1hlldnmxnw0j21o027y7wi.jpg,
https://wx1.sinaimg.cn/large/982578b0ly1hlldnqgvxfj21o0280b2a.jpg,
https://wx1.sinaimg.cn/large/982578b0ly1hlnhv9rnmtj223u35sb2c.jpg,
https://wx1.sinaimg.cn/large/982578b0ly1hlnhvp7d5zj223u35shdt.jpg,
https://wx1.sinaimg.cn/large/982578b0ly1hlrw5p4o6cj20n00mv40x.jpg,
https://wx1.sinaimg.cn/large/982578b0ly1hm9eeqpom7j235s23wnph.jpg,
https://wx1.sinaimg.cn/large/982578b0ly1hm9eeu1h64j223w35snpg.jpg,
https://wx1.sinaimg.cn/large/982578b0ly1hmittvaj3hj209u0a2js2.jpg,
https://wx1.sinaimg.cn/large/982578b0ly1hmolsb5gjdj20wr1d51kx.jpg,
https://wx1.sinaimg.cn/large/982578b0ly1hmolsmixlbj22ds1c8kjm.jpg,
https://wx1.sinaimg.cn/large/982578b0ly1hmolst03ozj22yo1o07wj.jpg,
https://wx1.sinaimg.cn/large/982578b0ly1hmolsyqxxuj22801o0e82.jpg,
https://wx1.sinaimg.cn/large/982578b0ly1hmpbm0hw8kj21o0280qv6.jpg,
https://wx1.sinaimg.cn/large/982578b0ly1hmpbo2izpyj21o0280u0y.jpg,
https://wx1.sinaimg.cn/large/982578b0ly1hmqk1zn6t7j21o0280b2a.jpg,
https://wx1.sinaimg.cn/large/982578b0ly1hmqk28hx2hj21o0280e82.jpg,
https://wx1.sinaimg.cn/large/982578b0ly1hmrrhq1doyj235r2dbkjn.jpg,
https://wx1.sinaimg.cn/large/982578b0ly1hn5q1h5m5kj20u0190u0x.jpg,
https://wx1.sinaimg.cn/large/982578b0ly1hn5q2svmxxj20u0190qpd.jpg,
https://wx1.sinaimg.cn/large/982578b0ly1hn6qqd3zonj21o0280e82.jpg,
https://wx1.sinaimg.cn/large/982578b0ly1hn6qqlvx0ej22801o0kjm.jpg,
https://wx1.sinaimg.cn/large/982578b0ly1hnqsarv567j223w35shdv.jpg,
https://wx1.sinaimg.cn/large/982578b0ly1hnvkipzt4dj20zm1hc7mo.jpg,
https://wx1.sinaimg.cn/large/982578b0ly1hnvkir2vadj21hc0zm7uz.jpg,
https://wx1.sinaimg.cn/large/982578b0ly1hnvkix5bahj20zm1hcww9.jpg,
https://wx1.sinaimg.cn/large/982578b0ly1ho2843p3o2j21o0280e82.jpg,
https://wx1.sinaimg.cn/large/982578b0ly1ho99mtzsygj21o0280u0x.jpg,
https://wx1.sinaimg.cn/large/982578b0ly1hoa8i5294nj21o02807wi.jpg,
https://wx1.sinaimg.cn/large/982578b0ly1hoyr6ks3cnj24eo3b0u0z.jpg,
https://wx1.sinaimg.cn/large/982578b0ly1hpc70djn1sj21o0280kjm.jpg,
https://wx1.sinaimg.cn/large/982578b0ly1hpexyzd5puj21o01o0qv5.jpg,
https://wx1.sinaimg.cn/large/982578b0ly1hpg4gsrvdnj22hn2hn7wj.jpg,
https://wx1.sinaimg.cn/large/982578b0ly1hq6a4kutxzj20u01haasi.jpg,
https://wx1.sinaimg.cn/large/982578b0ly1hq6a4np8lcj20u01hbkal.jpg,
https://wx1.sinaimg.cn/large/982578b0ly1hqk9iqiui9j22kx3vbu11.jpg,
https://wx1.sinaimg.cn/large/982578b0ly1hqk9iv9zs8j23vb2kxu10.jpg,
https://wx1.sinaimg.cn/large/982578b0ly1hqk9izlst7j23vb2kxqv8.jpg,
https://wx1.sinaimg.cn/large/982578b0ly1hqk9j8wlh3j240f2987wl.jpg,
https://wx1.sinaimg.cn/large/982578b0ly1hqk9jd99rbj23vb2kx4qt.jpg,
https://wx1.sinaimg.cn/large/982578b0ly1hqk9k58ggrj257w3vbb2j.jpg,
https://wx1.sinaimg.cn/large/982578b0ly1hqr4vd34olj20wq17m4f6.jpg,
https://wx1.sinaimg.cn/large/982578b0ly8hof64vdwbdj208c08cq4b.jpg?hash=0,
https://wx1.sinaimg.cn/large/a46db53bly1hpsrh5jhfjj21eu2ix1kx.jpg,
https://wx1.sinaimg.cn/large/a46db53bly1hpsrhbb875j21262iv4qp.jpg,
https://wx1.sinaimg.cn/large/a760c6a9gy1hlmba2xhbrj251e2u4b2f.jpg,
https://wx1.sinaimg.cn/large/c6300a3agy1hmosq8kccoj21kd35mu0x.jpg,
https://wx1.sinaimg.cn/large/c6300a3aly1hm61kkvhxsj23344mo7wl.jpg,
https://wx1.sinaimg.cn/large/c6300a3aly1hm61kss6faj23344moe86.jpg,
https://wx1.sinaimg.cn/large/c6300a3aly1hm61n332rvj23344mohe0.jpg,
https://wx1.sinaimg.cn/large/c6300a3aly1hmbu65ob1hj244f663x6w.jpg,
https://wx1.sinaimg.cn/large/c6300a3aly1hmbu6cfrbdj244f66ghe0.jpg,
https://wx1.sinaimg.cn/large/c6300a3aly1hmbu6j4js7j244f668e8a.jpg,
https://wx1.sinaimg.cn/large/c6300a3aly1hmue1cdllpj25eo3lsqvb.jpg,
https://wx1.sinaimg.cn/large/c6300a3aly1hmxuebg1r3j23jd5aykjs.jpg,
https://wx1.sinaimg.cn/large/c6300a3aly1hmxug5aw7ij22ns3zkqv9.jpg,
https://wx1.sinaimg.cn/large/c6300a3aly1hmxuiklmpcj238e4uiu11.jpg,
https://wx1.sinaimg.cn/large/c6300a3aly1hng69a785sj243c64wkjv.jpg,
https://wx1.sinaimg.cn/large/c6300a3aly1hng69kybwgj25sr3v9u14.jpg,
https://wx1.sinaimg.cn/large/c6300a3aly1hng6a8jefkj23zk5z8e89.jpg,
https://wx1.sinaimg.cn/large/c6300a3aly1hng6cgfhbfj22xu4eo4qt.jpg,
https://wx1.sinaimg.cn/large/eb691e2egy1hkao4ml65hj20k407wgmo.jpg,
https://wx1.sinaimg.cn/large/eb691e2egy1hkao5am6h0j21bqcn21l1.jpg,
https://wx1.sinaimg.cn/large/eb691e2egy1hkao5b9102j21rdcn31l4.jpg,
https://wx1.sinaimg.cn/orj480/005KfCnwly1ho6nv7ctljj30u01hcwnq.jpg,
https://wx1.sinaimg.cn/orj480/0060SqPlly1hkvsitp55cj30u0141k31.jpg,
https://wx1.sinaimg.cn/orj480/00722djPly1hjmtoaos9uj30u01hcgns.jpg,
https://wx1.sinaimg.cn/orj480/97c80decgy1hlk9stzwbkj21o0281npd.jpg,
https://wx1.sinaimg.cn/orj480/982578b0ly1hnh6vt8ul0j20om0wvn5n.jpg,
https://wx2.sinaimg.cn/large/001mGD5Jly1hmsabi2yv3g60py0wie8402.gif,
https://wx2.sinaimg.cn/large/001mGD5Jly1hmsabpifm1g60qm0xchdw02.gif,
https://wx2.sinaimg.cn/large/005AUC75gy1hpltw11zjvj33y85xc1l2.jpg,
https://wx2.sinaimg.cn/large/005AUC75gy1hpltw8sip4j33y85xc1l3.jpg,
https://wx2.sinaimg.cn/large/005AUC75gy1hsdaqcpyptj33ls5eohdz.jpg,
https://wx2.sinaimg.cn/large/005AUC75gy1hsdaqfg9jvj33gb5iwhdz.jpg,
https://wx2.sinaimg.cn/large/005AUC75gy1hsdexvcqw4j33ls5eohe2.jpg,
https://wx2.sinaimg.cn/large/005AUC75ly1hlotudieobj344y2rbu11.jpg,
https://wx2.sinaimg.cn/large/005TStU4ly1hmt3b3si12j30ac0du0th.jpg,
https://wx2.sinaimg.cn/large/005TStU4ly1hmt3b4coryj30ac0du0t6.jpg,
https://wx2.sinaimg.cn/large/005TStU4ly1hmt3b58yxij30ac0dut9k.jpg,
https://wx2.sinaimg.cn/large/005ZboqZgy1hn3jvh6mjjj34mo3347wn.jpg,
https://wx2.sinaimg.cn/large/005ZboqZgy1hn3jw5xbh9j34mo334qv7.jpg,
https://wx2.sinaimg.cn/large/005ZboqZgy1hn3jwla3lij32f63xykjn.jpg,
https://wx2.sinaimg.cn/large/005ZboqZgy1hn3jws809qj33344moqv7.jpg,
https://wx2.sinaimg.cn/large/006QZngZgy1hp7kiqhfszg30dw0k5hdw.gif,
https://wx2.sinaimg.cn/large/006QZngZgy1hp7kiugvulg30dw0k5u13.gif,
https://wx2.sinaimg.cn/large/006QZngZgy1hp7kizfzs5g30dw0k5x6v.gif,
https://wx2.sinaimg.cn/large/006ixwxngy1hkx6295goxj33y89rse86.jpg,
https://wx2.sinaimg.cn/large/006ixwxngy1hkx62b9ussj323wavp4qw.jpg,
https://wx2.sinaimg.cn/large/006oC2Ypgy1ho91imahloj343c64wu17.jpg,
https://wx2.sinaimg.cn/large/006oC2Ypgy1ho91ircfhuj346q6gqu16.jpg,
https://wx2.sinaimg.cn/large/006oC2Ypgy1ho91jbjejkj343c64wnpn.jpg,
https://wx2.sinaimg.cn/large/006oC2Ypgy1ho91jgri4rj343c64wb2l.jpg,
https://wx2.sinaimg.cn/large/006oC2Ypgy1ho91jtmxy1j343c64w7wt.jpg,
https://wx2.sinaimg.cn/large/0070ecxZly1hqlme6v0w2j30u00s376f.jpg,
https://wx2.sinaimg.cn/large/0072qOkdgy1hmv8tfoec5j30vp13r10o.jpg,
https://wx2.sinaimg.cn/large/0072qOkdgy1hmv8thptx6j30xc1e04em.jpg,
https://wx2.sinaimg.cn/large/0072qOkdgy1hmv8timvxdj30xc1e0tol.jpg,
https://wx2.sinaimg.cn/large/007ESdVkly1hpuy5kyjf4j30u00tyae1.jpg,
https://wx2.sinaimg.cn/large/007ESdVkly1hpuy5l7u3sj30u00u077e.jpg,
https://wx2.sinaimg.cn/large/007esuQcgy1hledhu4tu5j322p3404qp.jpg,
https://wx2.sinaimg.cn/large/008AkJuwly1ho3doxnxtoj3638426kju.jpg,
https://wx2.sinaimg.cn/large/008AkJuwly1ho3dpj6zeaj3638426qvi.jpg,
https://wx2.sinaimg.cn/large/008AkJuwly1ho3dq5yd4kj3638426e87.jpg,
https://wx2.sinaimg.cn/large/008AkJuwly1ho3dqzv07ej3638426x72.jpg,
https://wx2.sinaimg.cn/large/49de0cd1gy1hm8e22jhifj20m80tmwmf.jpg,
https://wx2.sinaimg.cn/large/49de0cd1gy1hm8e26qkghj20xc1dxakh.jpg,
https://wx2.sinaimg.cn/large/49de0cd1gy1hm8e27sbvyj215o0ubjzr.jpg,
https://wx2.sinaimg.cn/large/62ff67c7gy1hpa8b0fuhij24mo2lr1l1.jpg,
https://wx2.sinaimg.cn/large/62ff67c7gy1hpa8br69v7j24mo1yxqva.jpg,
https://wx2.sinaimg.cn/large/6572d7dcgy1hlr57jpaf7j21uo2e97wh.jpg,
https://wx2.sinaimg.cn/large/6572d7dcgy1hlr57kj6jtj21qj2s0npd.jpg,
https://wx2.sinaimg.cn/large/6572d7dcgy1hlr57l54w4j21uo2eve82.jpg,
https://wx2.sinaimg.cn/large/70d7f9eagy1hkm5xkrvy2j217f0t1tk1.jpg,
https://wx2.sinaimg.cn/large/70d7f9eagy1hkm5xl4aegj21cu1wk1kx.jpg,
https://wx2.sinaimg.cn/large/70d7f9eagy1hkne7kvz4xj217f0t2tjw.jpg,
https://wx2.sinaimg.cn/large/7a68ec91gy1huf02wfrrpj20u020d1kx.jpg,
https://wx2.sinaimg.cn/large/7a68ec91gy1huf02ws8roj20u03rjkjm.jpg,
https://wx2.sinaimg.cn/large/7ff5c852gy1hqyhympqnuj24o02mgu10.jpg,
https://wx2.sinaimg.cn/large/83146ca0gy1hl69vb8sk5j20990990td.jpg,
https://wx2.sinaimg.cn/large/83146ca0gy1hl69vddlfqj2099099mxl.jpg,
https://wx2.sinaimg.cn/large/83146ca0gy1hl69veb285j209909agm9.jpg,
https://wx2.sinaimg.cn/large/83146ca0gy1hl69vht5gzj209a099t94.jpg,
https://wx2.sinaimg.cn/large/83146ca0gy1hl69w7beefj20rs1txnpf.jpg,
https://wx2.sinaimg.cn/large/83ce1055gy1hlmem7b7mij23344mou13.jpg,
https://wx2.sinaimg.cn/large/83ce1055gy1hlmemah2o8j220f30mnpe.jpg,
https://wx2.sinaimg.cn/large/83ce1055gy1hlmemq6b6sj22k73uae81.jpg,
https://wx2.sinaimg.cn/large/83ce1055gy1hmg6n2n327j23344mohe3.jpg,
https://wx2.sinaimg.cn/large/885bec93gy1hrhodn3vpkj22dc35s4qr.jpg,
https://wx2.sinaimg.cn/large/885bec93gy1hrhodtqb2sj211x0sgk4h.jpg,
https://wx2.sinaimg.cn/large/885bec93gy1hrhodxomunj21kv0sgx1b.jpg,
https://wx2.sinaimg.cn/large/885bec93gy1hrhoe71d44j22dc35shdv.jpg,
https://wx2.sinaimg.cn/large/885bec93gy1hrhow90f7uj20sg20d4qp.jpg,
https://wx2.sinaimg.cn/large/982578b0gy1hopblp7um1j24eo3b0u13.jpg,
https://wx2.sinaimg.cn/large/982578b0gy1hopbm1gm18j24eo3b04qw.jpg,
https://wx2.sinaimg.cn/large/982578b0gy1hopbm4y8cyj21o027zx6q.jpg,
https://wx2.sinaimg.cn/large/982578b0gy1hopbm8gr5kj24eo3b04qt.jpg,
https://wx2.sinaimg.cn/large/982578b0gy1hrnqe1p2t1j240f2oae86.jpg,
https://wx2.sinaimg.cn/large/982578b0gy1hrnqf1g0vbj22oa40fb2f.jpg,
https://wx2.sinaimg.cn/large/982578b0gy1hrnqfj62sqj22oa40fu13.jpg,
https://wx2.sinaimg.cn/large/982578b0gy1hrqupdfwb5j22oa40enpg.jpg,
https://wx2.sinaimg.cn/large/982578b0gy1hrwpbgfo2lj21o02yo7wh.jpg,
https://wx2.sinaimg.cn/large/982578b0gy1hscv7nyhchj20tg1f4tip.jpg,
https://wx2.sinaimg.cn/large/982578b0gy1hu96w0n9rlj20qo0zkagq.jpg,
https://wx2.sinaimg.cn/large/982578b0gy1hudys2mw8cj240e298e85.jpg,
https://wx2.sinaimg.cn/large/982578b0gy1hulr0vx7yoj22dc3jye84.jpg,
https://wx2.sinaimg.cn/large/982578b0gy1hulr0xsci6j22dc3jyb2c.jpg,
https://wx2.sinaimg.cn/large/982578b0gy1hulr15ue6hj240f2oc4qu.jpg,
https://wx2.sinaimg.cn/large/982578b0gy1hv4aruuvqqj22xr4en4qv.jpg,
https://wx2.sinaimg.cn/large/982578b0ly1hjnim9rzrqj21o0280u0z.jpg,
https://wx2.sinaimg.cn/large/982578b0ly1hjnimav2paj22c03407wi.jpg,
https://wx2.sinaimg.cn/large/982578b0ly1hk3ulzmpqtj235s1rz7wi.jpg,
https://wx2.sinaimg.cn/large/982578b0ly1hkkdoiqzjcj223u35s7wj.jpg,
https://wx2.sinaimg.cn/large/982578b0ly1hkkdozm03pj21hc2807wi.jpg,
https://wx2.sinaimg.cn/large/982578b0ly1hkoz4g1ltzj21ay1zb7wh.jpg,
https://wx2.sinaimg.cn/large/982578b0ly1hl1jxyj02gj223u35s7wj.jpg,
https://wx2.sinaimg.cn/large/982578b0ly1hl1jyfnl0lj223u35snpe.jpg,
https://wx2.sinaimg.cn/large/982578b0ly1hl8lzdb0fhj24eo3b01l2.jpg,
https://wx2.sinaimg.cn/large/982578b0ly1hlfces98q6j21o02801ky.jpg,
https://wx2.sinaimg.cn/large/982578b0ly1hlfcf2nzpvj21o02804qq.jpg,
https://wx2.sinaimg.cn/large/982578b0ly1hlfcfo1c0uj21o0280e82.jpg,
https://wx2.sinaimg.cn/large/982578b0ly1hlglpt982bj223w35s1kz.jpg,
https://wx2.sinaimg.cn/large/982578b0ly1hlglqhgapnj223w35sx6q.jpg,
https://wx2.sinaimg.cn/large/982578b0ly1hlglr5y1x2j235s23wu0y.jpg,
https://wx2.sinaimg.cn/large/982578b0ly1hlhq6b2iphj223w35s7wj.jpg,
https://wx2.sinaimg.cn/large/982578b0ly1hlnhu9le1aj22oa40f1l0.jpg,
https://wx2.sinaimg.cn/large/982578b0ly1hlnhupurzaj223u35rhdu.jpg,
https://wx2.sinaimg.cn/large/982578b0ly1hlnhvcttsoj223u35sb2a.jpg,
https://wx2.sinaimg.cn/large/982578b0ly1hlnhvfpzofj223u35se82.jpg,
https://wx2.sinaimg.cn/large/982578b0ly1hlnhvn83t5j223u35rqv5.jpg,
https://wx2.sinaimg.cn/large/982578b0ly1hm9eex4g9wj223w35s7wl.jpg,
https://wx2.sinaimg.cn/large/982578b0ly1hmfjud0uoij20sg0r50wa.jpg,
https://wx2.sinaimg.cn/large/982578b0ly1hmols7x26cj24eo3b0u13.jpg,
https://wx2.sinaimg.cn/large/982578b0ly1hmpbmfzbezj23b04eo4qw.jpg,
https://wx2.sinaimg.cn/large/982578b0ly1hmpbnhp8awj21o02804qr.jpg,
https://wx2.sinaimg.cn/large/982578b0ly1hmrri4ues2j22dc35skjn.jpg,
https://wx2.sinaimg.cn/large/982578b0ly1hmv3zyo2gpj223v35skjl.jpg,
https://wx2.sinaimg.cn/large/982578b0ly1hn5q1a4z0dj20u01901ky.jpg,
https://wx2.sinaimg.cn/large/982578b0ly1hn5q3141loj20u0190qv5.jpg,
https://wx2.sinaimg.cn/large/982578b0ly1hn6qpfcdqzj21o02807wj.jpg,
https://wx2.sinaimg.cn/large/982578b0ly1hn6qpq79krj21o0280hdu.jpg,
https://wx2.sinaimg.cn/large/982578b0ly1hn6qrfzwhbj21o02807wj.jpg,
https://wx2.sinaimg.cn/large/982578b0ly1hn7xn23rphj20dw0cmdg6.jpg,
https://wx2.sinaimg.cn/large/982578b0ly1hng1tgir6kj20k00jkjsw.jpg,
https://wx2.sinaimg.cn/large/982578b0ly1hnqsanbo7qj223w35se83.jpg,
https://wx2.sinaimg.cn/large/982578b0ly1hnvkinzn7wj20zm1hckek.jpg,
https://wx2.sinaimg.cn/large/982578b0ly1hnvkisrudqj20zm1hcnpd.jpg,
https://wx2.sinaimg.cn/large/982578b0ly1hnvkj0a3rzj21hc0zmnkg.jpg,
https://wx2.sinaimg.cn/large/982578b0ly1hnvkj42ldbj21hc0zmkjl.jpg,
https://wx2.sinaimg.cn/large/982578b0ly1ho1z36f5ndj22c0340qv6.jpg,
https://wx2.sinaimg.cn/large/982578b0ly1holzabn7y2j21o0280e82.jpg,
https://wx2.sinaimg.cn/large/982578b0ly1hpje4y6xwej22kw3va7wj.jpg,
https://wx2.sinaimg.cn/large/982578b0ly1hpje542cfej23vc2kwqv6.jpg,
https://wx2.sinaimg.cn/large/982578b0ly1hpje5k9btvj22oa40fnph.jpg,
https://wx2.sinaimg.cn/large/982578b0ly1hqbzlo672ej223z1peqq0.jpg,
https://wx2.sinaimg.cn/large/982578b0ly1hqk9ilh3xrj22kx3vb7wl.jpg,
https://wx2.sinaimg.cn/large/982578b0ly1hqk9kb3mhtj257w3vb1l6.jpg,
https://wx2.sinaimg.cn/large/a46db53bly1hpsrh39le7j20xc2zj4qp.jpg,
https://wx2.sinaimg.cn/large/a760c6a9gy1hlmb9ddrxbj23344mou12.jpg,
https://wx2.sinaimg.cn/large/a760c6a9gy1hlmb9p4muxj24mo3344qv.jpg,
https://wx2.sinaimg.cn/large/c6300a3agy1hmosmp69z3j238t25vx6q.jpg,
https://wx2.sinaimg.cn/large/c6300a3agy1hmosmt71y3j20xc5kb7wh.jpg,
https://wx2.sinaimg.cn/large/c6300a3agy1hmosmwz5t6j215o3gwhdt.jpg,
https://wx2.sinaimg.cn/large/c6300a3aly1hm61jsc7p7j23344mohdz.jpg,
https://wx2.sinaimg.cn/large/c6300a3aly1hm61k07sbyj23344mo4qv.jpg,
https://wx2.sinaimg.cn/large/c6300a3aly1hm61k7zi33j23344mo4qw.jpg,
https://wx2.sinaimg.cn/large/c6300a3aly1hm61kflg59j22xc4hskjs.jpg,
https://wx2.sinaimg.cn/large/c6300a3aly1hm61l8q2inj23344moe88.jpg,
https://wx2.sinaimg.cn/large/c6300a3aly1hmbu5fsgasj244f668b2h.jpg,
https://wx2.sinaimg.cn/large/c6300a3aly1hmxub00henj243c64wkjs.jpg,
https://wx2.sinaimg.cn/large/c6300a3aly1hmxucel8auj243c69yu15.jpg,
https://wx2.sinaimg.cn/large/c6300a3aly1hmxujb3qkzj22ns3zk1l1.jpg,
https://wx2.sinaimg.cn/large/c6300a3aly1hmxum3a9n3j243c64wqvc.jpg,
https://wx2.sinaimg.cn/large/c6300a3aly1hmxumea9toj22ns3zknpg.jpg,
https://wx2.sinaimg.cn/large/c6300a3aly1hng683ar4wj243c64we89.jpg,
https://wx2.sinaimg.cn/large/c6300a3aly1hng69wupo6j243c64whe2.jpg,
https://wx2.sinaimg.cn/large/c6300a3aly1hng6ajgqj5j243c64wkjt.jpg,
https://wx2.sinaimg.cn/large/c6300a3aly1hng6bti9otj243c64wqvd.jpg,
https://wx2.sinaimg.cn/large/ea44527bgy1huf70n9bzkj21la2lv1ky.jpg,
https://wx2.sinaimg.cn/large/ea44527bgy1huf70q4ktwj22yo1o07wj.jpg,
https://wx2.sinaimg.cn/large/eb691e2egy1hkao4mmt92j20dw09s3zs.jpg,
https://wx2.sinaimg.cn/large/eb691e2egy1hkao55bqv7j225ncn1nph.jpg,
https://wx2.sinaimg.cn/large/eb691e2egy1hkao59tpo6j21idcn0e85.jpg,
https://wx2.sinaimg.cn/orj480/006lOefagy1hsagsvi7ikj30k00r8k23.jpg,
https://wx2.sinaimg.cn/orj480/982578b0gy1htpjcj8eeqj20p40xin66.jpg,
https://wx2.sinaimg.cn/orj480/982578b0gy1huctqz5q9rj20om0wutfw.jpg,
https://wx3.sinaimg.cn/large/001mGD5Jly1hmsaawepkwj60m816ltnl02.jpg,
https://wx3.sinaimg.cn/large/005AUC75gy1hpltvo7omxj33y85xce88.jpg,
https://wx3.sinaimg.cn/large/005AUC75gy1hpltvu9793j33y85xce87.jpg,
https://wx3.sinaimg.cn/large/005AUC75gy1hpltw5rf2zj33y85xcb2e.jpg,
https://wx3.sinaimg.cn/large/005AUC75gy1hsdapjpe9ij33ms5t8npi.jpg,
https://wx3.sinaimg.cn/large/005AUC75gy1hsdexzdaqjj35xv3pox6x.jpg,
https://wx3.sinaimg.cn/large/005AUC75ly1hlotm9pum1j32og40o4qs.jpg,
https://wx3.sinaimg.cn/large/005AUC75ly1hlotulhps9j32sf46m1l1.jpg,
https://wx3.sinaimg.cn/large/005AUC75ly1hlotup1e66j329v1ile81.jpg,
https://wx3.sinaimg.cn/large/005Jxbrely1hqccwjejitj31uu2rne84.jpg,
https://wx3.sinaimg.cn/large/005Jxbrely1hqccwjzbb5j31uu2u7hdx.jpg,
https://wx3.sinaimg.cn/large/005Jxbrely1hqccwkjuhgj31u02ytb2d.jpg,
https://wx3.sinaimg.cn/large/005TStU4ly1hmt3bbzihlj30ac07gaap.jpg,
https://wx3.sinaimg.cn/large/005ZboqZgy1hn3jvkb9s4j34mo334x6r.jpg,
https://wx3.sinaimg.cn/large/005ZboqZgy1hn3jvmgs35j33344mo4qs.jpg,
https://wx3.sinaimg.cn/large/005ZboqZgy1hn3jvwb8wij349z2wknpi.jpg,
https://wx3.sinaimg.cn/large/005ZboqZgy1hn3jvzja6mj34mo3347wl.jpg,
https://wx3.sinaimg.cn/large/005ZboqZgy1hn3jwbu4zhj33344mob2d.jpg,
https://wx3.sinaimg.cn/large/005ZboqZgy1hn3jweah7jj34mo3344qu.jpg,
https://wx3.sinaimg.cn/large/005ZboqZgy1hn3jwq08goj34mo3347wl.jpg,
https://wx3.sinaimg.cn/large/006QZngZgy1hp10knody4j30rsan27wm.jpg,
https://wx3.sinaimg.cn/large/006QZngZgy1hp7kiwqfvog30dw0k5kjr.gif,
https://wx3.sinaimg.cn/large/006QZngZgy1hqkbl8me5ij31hc0u0e4y.jpg,
https://wx3.sinaimg.cn/large/006ixwxngy1hkeineaotqj30m853kb11.jpg,
https://wx3.sinaimg.cn/large/006ixwxngy1hkx62a0a1kj31jf43e4qs.jpg,
https://wx3.sinaimg.cn/large/006ixwxngy1hkx62b4iewj33y89eru11.jpg,
https://wx3.sinaimg.cn/large/006oC2Ypgy1ho91iwvxe6j364w43cu17.jpg,
https://wx3.sinaimg.cn/large/006oC2Ypgy1ho91j6lyj6j343c64wu17.jpg,
https://wx3.sinaimg.cn/large/006oC2Ypgy1ho91jyv1x3j364w43c4r0.jpg,
https://wx3.sinaimg.cn/large/0072qOkdgy1hmv8tetsz2j30xc1e0h7h.jpg,
https://wx3.sinaimg.cn/large/007ESdVkly1hpuy5kegjaj30u00tv76v.jpg,
https://wx3.sinaimg.cn/large/007ESdVkly1hpuy5lj21gj30u00sjjtp.jpg,
https://wx3.sinaimg.cn/large/007ESdVkly1hpuy5myljrj30u00u1mz9.jpg,
https://wx3.sinaimg.cn/large/007esuQcgy1hledhtqlsnj335s1s04qp.jpg,
https://wx3.sinaimg.cn/large/007esuQcgy1hledhugk75j335s23whbc.jpg,
https://wx3.sinaimg.cn/large/007esuQcgy1hledhut9e0j33k02deqv5.jpg,
https://wx3.sinaimg.cn/large/007esuQcgy1hledhvea1fj335s23w7wh.jpg,
https://wx3.sinaimg.cn/large/008AkJuwly1ho3dpbtoqoj37223yxnpt.jpg,
https://wx3.sinaimg.cn/large/008AkJuwly1ho3dpovdn0j3638426b2i.jpg,
https://wx3.sinaimg.cn/large/008AkJuwly1ho3dpv7cifj36w44lfu19.jpg,
https://wx3.sinaimg.cn/large/008AkJuwly1ho3dq0zef7j365s43unpm.jpg,
https://wx3.sinaimg.cn/large/008AkJuwly1ho3dqasb4aj3638426kjs.jpg,
https://wx3.sinaimg.cn/large/49de0cd1gy1hm8e24580pj21ov253qtz.jpg,
https://wx3.sinaimg.cn/large/49de0cd1gy1hm8e2aj6znj215o0zkx05.jpg,
https://wx3.sinaimg.cn/large/49de0cd1gy1hm8e2cip1bj22og208qv0.jpg,
https://wx3.sinaimg.cn/large/64591da7ly1hk5cwl76ayj20u01904jb.jpg,
https://wx3.sinaimg.cn/large/64591da7ly1hk5cwlh97rj20o01hcq81.jpg,
https://wx3.sinaimg.cn/large/64591da7ly1hk5cwlvxpoj20o01hc41y.jpg,
https://wx3.sinaimg.cn/large/64591da7ly1hk5cwmejiej20u01ny4qp.jpg,
https://wx3.sinaimg.cn/large/6572d7dcgy1hlr57fz9a9j21uo15jk5b.jpg,
https://wx3.sinaimg.cn/large/6572d7dcgy1hlr57knag7j21uo2s0kjl.jpg,
https://wx3.sinaimg.cn/large/68f0c806gy1hlffkyh63vj21y23gkx6r.jpg,
https://wx3.sinaimg.cn/large/68f0c806gy1hlffl3okyij24802dinpg.jpg,
https://wx3.sinaimg.cn/large/68f0c806gy1hlfflgo567j24802dihdx.jpg,
https://wx3.sinaimg.cn/large/70745653ly1hu23x7q9hrj20gf0qhgq7.jpg,
https://wx3.sinaimg.cn/large/70d7f9eagy1hkm5xl0eaqj217g0t1k4x.jpg,
https://wx3.sinaimg.cn/large/70d7f9eagy1hkm5xlcetfj217f0t27hv.jpg,
https://wx3.sinaimg.cn/large/70d7f9eagy1hkm5xlcpxvj21d21wyx6p.jpg,
https://wx3.sinaimg.cn/large/83146ca0gy1hl69vg4wt9j209909aaag.jpg,
https://wx3.sinaimg.cn/large/83146ca0gy1hl69vgz1kzj2099099mxj.jpg,
https://wx3.sinaimg.cn/large/83146ca0gy1hl69vir88lj2099099q3e.jpg,
https://wx3.sinaimg.cn/large/83146ca0gy1hl69w97wscj20rs1txhdv.jpg,
https://wx3.sinaimg.cn/large/83ce1055gy1hlmelzeayvj22bx3hvnpe.jpg,
https://wx3.sinaimg.cn/large/83ce1055gy1hmg6ndebzxj23344mohdx.jpg,
https://wx3.sinaimg.cn/large/885bec93gy1hrhodkc478j237k4tc1l0.jpg,
https://wx3.sinaimg.cn/large/885bec93gy1hrhodwajddj22dc35s4qr.jpg,
https://wx3.sinaimg.cn/large/982578b0gy1hlan9ynngfj21rm1bob01.jpg,
https://wx3.sinaimg.cn/large/982578b0gy1hlbtghdkudj21o02804qq.jpg,
https://wx3.sinaimg.cn/large/982578b0gy1ho1a3zgrydj22c0340u0y.jpg,
https://wx3.sinaimg.cn/large/982578b0gy1hopblsoth5j22801o0u0y.jpg,
https://wx3.sinaimg.cn/large/982578b0gy1hoqlv9wwigj23b04eoqva.jpg,
https://wx3.sinaimg.cn/large/982578b0gy1hqx3fqy59bj20mt0xtwmm.jpg,
https://wx3.sinaimg.cn/large/982578b0gy1hrnqdimhfbj240g29aqv8.jpg,
https://wx3.sinaimg.cn/large/982578b0gy1hrnqe604b9j240g2981l1.jpg,
https://wx3.sinaimg.cn/large/982578b0gy1hrnqep8r35j240f2oakjq.jpg,
https://wx3.sinaimg.cn/large/982578b0gy1hrwpb73gl1j21o0280qv5.jpg,
https://wx3.sinaimg.cn/large/982578b0gy1hrwpbax5xaj22c0340kjm.jpg,
https://wx3.sinaimg.cn/large/982578b0gy1hrz7o8o2s1j20wi1yctu5.jpg,
https://wx3.sinaimg.cn/large/982578b0gy1hs2sj5mjeij21o027xu0x.jpg,
https://wx3.sinaimg.cn/large/982578b0gy1hsf6t2wp7rj23yn644kjs.jpg,
https://wx3.sinaimg.cn/large/982578b0gy1htl19e2bdvj22l52l54qq.jpg,
https://wx3.sinaimg.cn/large/982578b0gy1htl1afnd9ej20wr1z01kz.jpg,
https://wx3.sinaimg.cn/large/982578b0gy1hu96w029lrj21o0280x6p.jpg,
https://wx3.sinaimg.cn/large/982578b0gy1hudyrmhmicj22oa40gnph.jpg,
https://wx3.sinaimg.cn/large/982578b0gy1hudyrr4xw0j240f2oakjq.jpg,
https://wx3.sinaimg.cn/large/982578b0gy1hudyrv12drj22oa40eu10.jpg,
https://wx3.sinaimg.cn/large/982578b0gy1hudys86z0jj25wb3bfkjr.jpg,
https://wx3.sinaimg.cn/large/982578b0gy1hv0vipepipj20fm0ds3zx.jpg,
https://wx3.sinaimg.cn/large/982578b0ly1hjjcx1gab1j22c0340npe.jpg,
https://wx3.sinaimg.cn/large/982578b0ly1hjk967gdd4j21o0280u0y.jpg,
https://wx3.sinaimg.cn/large/982578b0ly1hjnimg2ozuj23402c07wk.jpg,
https://wx3.sinaimg.cn/large/982578b0ly1hk3um5q6q7j235s1rzu0y.jpg,
https://wx3.sinaimg.cn/large/982578b0ly1hk9klqwl15j21o0280qv5.jpg,
https://wx3.sinaimg.cn/large/982578b0ly1hkkdnhfkhhj23342237wn.jpg,
https://wx3.sinaimg.cn/large/982578b0ly1hkkdo0mlx8j233k4n4x6s.jpg,
https://wx3.sinaimg.cn/large/982578b0ly1hkkdpg63c1j20u0191ald.jpg,
https://wx3.sinaimg.cn/large/982578b0ly1hkkdpokiq1j22lc1q8kjm.jpg,
https://wx3.sinaimg.cn/large/982578b0ly1hkkdpp5oy9j20u0190wj0.jpg,
https://wx3.sinaimg.cn/large/982578b0ly1hkm8i09hwfj215y22k7wh.jpg,
https://wx3.sinaimg.cn/large/982578b0ly1hkoz4j7w34j225z1oob2a.jpg,
https://wx3.sinaimg.cn/large/982578b0ly1hkoz4m7t6bj20zy1hwtpk.jpg,
https://wx3.sinaimg.cn/large/982578b0ly1hkr6q85jr4j21gh2lcb2d.jpg,
https://wx3.sinaimg.cn/large/982578b0ly1hkr6qogiyhj21gh2lchdx.jpg,
https://wx3.sinaimg.cn/large/982578b0ly1hl1jxbzk1ej22lc1gix6p.jpg,
https://wx3.sinaimg.cn/large/982578b0ly1hl1jyaelkvj235s1s04qr.jpg,
https://wx3.sinaimg.cn/large/982578b0ly1hlfcf7i2f1j21o02804qq.jpg,
https://wx3.sinaimg.cn/large/982578b0ly1hlfcfiyt8mj21n426t7wi.jpg,
https://wx3.sinaimg.cn/large/982578b0ly1hlglp4d0hdj235s23we83.jpg,
https://wx3.sinaimg.cn/large/982578b0ly1hlhq622mkcj223w35s1kz.jpg,
https://wx3.sinaimg.cn/large/982578b0ly1hlhq6634mvj223w35r1ky.jpg,
https://wx3.sinaimg.cn/large/982578b0ly1hlnhuhmk58j223u35se82.jpg,
https://wx3.sinaimg.cn/large/982578b0ly1hm9ee73a47j21q82lc4qr.jpg,
https://wx3.sinaimg.cn/large/982578b0ly1hmbjb9egeuj223u35se82.jpg,
https://wx3.sinaimg.cn/large/982578b0ly1hmolrh77u6j24eo3b07wm.jpg,
https://wx3.sinaimg.cn/large/982578b0ly1hmolro0te7j24eo3b0hdx.jpg,
https://wx3.sinaimg.cn/large/982578b0ly1hmolt5n4wuj22yo1o0npf.jpg,
https://wx3.sinaimg.cn/large/982578b0ly1hmpbmwaa39j24eo3b0x6v.jpg,
https://wx3.sinaimg.cn/large/982578b0ly1hmpbnu57g9j21o0280u0y.jpg,
https://wx3.sinaimg.cn/large/982578b0ly1hmrrgkcynlj22w9267qv7.jpg,
https://wx3.sinaimg.cn/large/982578b0ly1hmrrh672pdj22c0340hdy.jpg,
https://wx3.sinaimg.cn/large/982578b0ly1hmrrhd358wj235s2dcqv8.jpg,
https://wx3.sinaimg.cn/large/982578b0ly1hmrrhkl7faj235s2dc1l2.jpg,
https://wx3.sinaimg.cn/large/982578b0ly1hmrrhyrsovj235s2dc4qt.jpg,
https://wx3.sinaimg.cn/large/982578b0ly1hn5q3akimjj20u0190u0x.jpg,
https://wx3.sinaimg.cn/large/982578b0ly1hn5q3su4dcj20u0190u0x.jpg,
https://wx3.sinaimg.cn/large/982578b0ly1hn6qq5mrvhj21o02807wi.jpg,
https://wx3.sinaimg.cn/large/982578b0ly1hn6qr2e2pnj21o02807wj.jpg,
https://wx3.sinaimg.cn/large/982578b0ly1hn6qr95gm7j21o027ze82.jpg,
https://wx3.sinaimg.cn/large/982578b0ly1hnt84v8lc5j21s035sb2a.jpg,
https://wx3.sinaimg.cn/large/982578b0ly1hnvkimtwahj20zm1hcaus.jpg,
https://wx3.sinaimg.cn/large/982578b0ly1hnvkip2nyij21hc1p4e48.jpg,
https://wx3.sinaimg.cn/large/982578b0ly1hnvkitrpb4j20zm1hctt6.jpg,
https://wx3.sinaimg.cn/large/982578b0ly1hnvkivxj4yj21hc0zmkhm.jpg,
https://wx3.sinaimg.cn/large/982578b0ly1hnvkiydqmwj22081hc000.jpg,
https://wx3.sinaimg.cn/large/982578b0ly1hnvkj1p747j20zm1hcb29.jpg,
https://wx3.sinaimg.cn/large/982578b0ly1hnvkj4yn2mj21hc0zmqjt.jpg,
https://wx3.sinaimg.cn/large/982578b0ly1ho99shl9odj214t20ne5z.jpg,
https://wx3.sinaimg.cn/large/982578b0ly1ho9g0ywsk5j20n01030zo.jpg,
https://wx3.sinaimg.cn/large/982578b0ly1hoa8hzprmhj21o02807wi.jpg,
https://wx3.sinaimg.cn/large/982578b0ly1hp318nyapqj210h0pedpp.jpg,
https://wx3.sinaimg.cn/large/982578b0ly1hpcfhal3cqj240g30d7wn.jpg,
https://wx3.sinaimg.cn/large/982578b0ly1hpdfcwckbaj22kv3vbe83.jpg,
https://wx3.sinaimg.cn/large/982578b0ly1hpexz10l4hj21o02801ky.jpg,
https://wx3.sinaimg.cn/large/982578b0ly1hpje58c6cnj23vc2kwhdv.jpg,
https://wx3.sinaimg.cn/large/982578b0ly1hpje5a8q1mj23vc2kwx6q.jpg,
https://wx3.sinaimg.cn/large/982578b0ly1hpje5e8aumj22kw3vcb2b.jpg,
https://wx3.sinaimg.cn/large/982578b0ly1hqbzlt5smdj21o0280x6p.jpg,
https://wx3.sinaimg.cn/large/982578b0ly1hqj3ozuykbj21o027z4qq.jpg,
https://wx3.sinaimg.cn/large/982578b0ly1hqk9jgvqt8j22kx3vbkjo.jpg,
https://wx3.sinaimg.cn/large/982578b0ly1hqk9jq0u2tj23vb4tee8b.jpg,
https://wx3.sinaimg.cn/large/9974f94fgy1hql6hm0ga1j21cj20ldno.jpg,
https://wx3.sinaimg.cn/large/a46db53bly1hprrfymkcwj20xc37c4qp.jpg,
https://wx3.sinaimg.cn/large/a46db53bly1hpsrh1d4u1j20xc2on1kx.jpg,
https://wx3.sinaimg.cn/large/a46db53bly1hpsrh1zsfgj215o2pgqtm.jpg,
https://wx3.sinaimg.cn/large/a46db53bly1hpsrh6a19vj20xc4i5kjl.jpg,
https://wx3.sinaimg.cn/large/a760c6a9gy1hlmb6w42h7j23344mo4qv.jpg,
https://wx3.sinaimg.cn/large/a760c6a9gy1hlmb76uj6ej23344mo1l3.jpg,
https://wx3.sinaimg.cn/large/c6300a3agy1hmosmrhy19j20xc5opu0x.jpg,
https://wx3.sinaimg.cn/large/c6300a3agy1hmosmvpk3pj20xc534hdt.jpg,
https://wx3.sinaimg.cn/large/c6300a3agy1hmosmz9xrvj21gj35mb29.jpg,
https://wx3.sinaimg.cn/large/c6300a3agy1hmosn0wtgwj22ep35j4qr.jpg,
https://wx3.sinaimg.cn/large/c6300a3agy1hmosn27ns2j215o3gwb29.jpg,
https://wx3.sinaimg.cn/large/c6300a3aly1hm61lhes74j23344moe83.jpg,
https://wx3.sinaimg.cn/large/c6300a3aly1hm61ma8pdhj23344mo4qw.jpg,
https://wx3.sinaimg.cn/large/c6300a3aly1hm61mjf8hhj23344monpj.jpg,
https://wx3.sinaimg.cn/large/c6300a3aly1hmbu58fkj5j244f668b2i.jpg,
https://wx3.sinaimg.cn/large/c6300a3aly1hmbu5m7756j244f668b2i.jpg,
https://wx3.sinaimg.cn/large/c6300a3aly1hmbu6prazsj244g6681l5.jpg,
https://wx3.sinaimg.cn/large/c6300a3aly1hmxuhkygybj243c64wnpm.jpg,
https://wx3.sinaimg.cn/large/c6300a3aly1hmxukl8gbnj243c64w4qz.jpg,
https://wx3.sinaimg.cn/large/c6300a3aly1hng6bhz7ufj243c64wqvd.jpg,
https://wx3.sinaimg.cn/large/c6300a3aly1hng6c548gaj264w43c4qx.jpg,
https://wx3.sinaimg.cn/orj480/62ff67c7ly1hkwslx6lx6j20u0141135.jpg,
https://wx3.sinaimg.cn/orj480/982578b0gy1hs1c9zkfduj20u0141aku.jpg,
https://wx3.sinaimg.cn/orj480/982578b0ly1hkwoolvrnkj20tn13i48o.jpg,
https://wx3.sinaimg.cn/orj480/982578b0ly1hljx3ky8uzj20u0140qd0.jpg,
https://wx3.sinaimg.cn/orj480/982578b0ly1ho5fg82qhsj20om0wvjy9.jpg,
https://wx3.sinaimg.cn/orj480/982578b0ly1hph0i2mbbtj20k20qqjx7.jpg,
https://wx4.sinaimg.cn/large/001mGD5Jly1hmsab6hqx5g60qm0xchdw02.gif,
https://wx4.sinaimg.cn/large/001mGD5Jly1hmsabc6avdg60qm0xchdw02.gif,
https://wx4.sinaimg.cn/large/001mGD5Jly1hmsabkfxncg607s0boqv802.gif,
https://wx4.sinaimg.cn/large/005AUC75gy1hpltvcb8akj33y85xc1l2.jpg,
https://wx4.sinaimg.cn/large/005AUC75gy1hpltvr2x6jj33y85xckjq.jpg,
https://wx4.sinaimg.cn/large/005AUC75gy1hpltvxdx1qj33mr5g4x6u.jpg,
https://wx4.sinaimg.cn/large/005AUC75gy1hsdapmjmhwj33ls5eo4qv.jpg,
https://wx4.sinaimg.cn/large/005AUC75gy1hsdapzz0d0j35ro3lsb2f.jpg,
https://wx4.sinaimg.cn/large/005AUC75ly1hlotmgqco5j32og40okjo.jpg,
https://wx4.sinaimg.cn/large/005AUC75ly1hlottrbse6j32mp3y1b2c.jpg,
https://wx4.sinaimg.cn/large/005KfCnwly1hkb7rrhoojj31o0280e81.jpg,
https://wx4.sinaimg.cn/large/005TStU4ly1hmt3b4iy0sj30du0acaah.jpg,
https://wx4.sinaimg.cn/large/005TStU4ly1hmt3b4ry1zj30ac0dudgv.jpg,
https://wx4.sinaimg.cn/large/005TStU4ly1hmt3b4z65yj30du0acq37.jpg,
https://wx4.sinaimg.cn/large/005ZboqZgy1hn3jvrrlc1j34mo3347wm.jpg,
https://wx4.sinaimg.cn/large/005ZboqZgy1hn3jw2x2oej34mo334e85.jpg,
https://wx4.sinaimg.cn/large/005ZboqZgy1hn3jwnfifxj34mo334b2b.jpg,
https://wx4.sinaimg.cn/large/005ZboqZgy1hn3jwurc2wj34mo334u10.jpg,
https://wx4.sinaimg.cn/large/0065aQefgy1hnmtufaf0mj30j60seak3.jpg,
https://wx4.sinaimg.cn/large/0065aQefgy1hnmtvtahjmj30j60crmxx.jpg,
https://wx4.sinaimg.cn/large/006QZngZgy1hp7kistovig30dw0k5npm.gif,
https://wx4.sinaimg.cn/large/006ixwxngy1hkx625x2avj335s7hekjo.jpg,
https://wx4.sinaimg.cn/large/006ixwxngy1hkxw17zqbqj32g8cn0qvb.jpg,
https://wx4.sinaimg.cn/large/006oC2Ypgy1ho91k4bggfj364w43ckjv.jpg,
https://wx4.sinaimg.cn/large/006oC2Ypgy1ho91karhrsj364w43ckjw.jpg,
https://wx4.sinaimg.cn/large/007ESdVkly1hpuy5lttj0j30u00riq6f.jpg,
https://wx4.sinaimg.cn/large/007esuQcgy1hledhu1je4j334022phdt.jpg,
https://wx4.sinaimg.cn/large/007esuQcgy1hledhv16ytj356o2x0x6p.jpg,
https://wx4.sinaimg.cn/large/007esuQcgy1hledhvpjdcj33k02de4qp.jpg,
https://wx4.sinaimg.cn/large/008AkJuwly1ho3dqg8824j3638426b2i.jpg,
https://wx4.sinaimg.cn/large/008AkJuwly1ho3dqmckpnj36zk4npkjw.jpg,
https://wx4.sinaimg.cn/large/008AkJuwly1ho3dqrvocbj3638426x6w.jpg,
https://wx4.sinaimg.cn/large/008scBiWly1hjjwyu8a3hj31ww2pgb2g.jpg,
https://wx4.sinaimg.cn/large/49de0cd1gy1hm8e25q5yij20m80tmdme.jpg,
https://wx4.sinaimg.cn/large/49de0cd1gy1hm8e28lfpyj20xc1dxtkt.jpg,
https://wx4.sinaimg.cn/large/49de0cd1gy1hm8e293d75j20xc1ccaha.jpg,
https://wx4.sinaimg.cn/large/62ff67c7gy1hpa8ayjs5fj24mo2lrx6v.jpg,
https://wx4.sinaimg.cn/large/62ff67c7gy1hpa8b94s5gj24mo2lr1l3.jpg,
https://wx4.sinaimg.cn/large/62ff67c7gy1hpa8bd18rej24mo2lrb2e.jpg,
https://wx4.sinaimg.cn/large/62ff67c7gy1hpa8bhnaeqj24mo2lre87.jpg,
https://wx4.sinaimg.cn/large/62ff67c7gy1hpa8bynskrj23344moqvd.jpg,
https://wx4.sinaimg.cn/large/64591da7ly1hk5cwlpabrj20o01hc0yf.jpg,
https://wx4.sinaimg.cn/large/64591da7ly1hk5cwm2bffj20o01hc0vo.jpg,
https://wx4.sinaimg.cn/large/68f0c806gy1hlffl9vv5fj224j36tu0y.jpg,
https://wx4.sinaimg.cn/large/68f0c806gy1hlffltq93yj22tc480u11.jpg,
https://wx4.sinaimg.cn/large/70d7f9eagy1hkm5xkrq8oj217f0t1gxn.jpg,
https://wx4.sinaimg.cn/large/70d7f9eagy1hkm5xkwdkyj217g0t27jw.jpg,
https://wx4.sinaimg.cn/large/70d7f9eagy1hkm5xl6p5uj21cr1wye7u.jpg,
https://wx4.sinaimg.cn/large/7a68ec91gy1huf02wkxb4j20u035lkjl.jpg,
https://wx4.sinaimg.cn/large/7a68ec91gy1huf02wl0ajj20u031lhdt.jpg,
https://wx4.sinaimg.cn/large/83ce1055gy1hlmemmaj8ej22aw3gce82.jpg,
https://wx4.sinaimg.cn/large/83ce1055gy1hmg6no1vfdj23344mox6z.jpg,
https://wx4.sinaimg.cn/large/87aec204gy1hnjcppw3p9j20u0263492.jpg,
https://wx4.sinaimg.cn/large/885bec93gy1hrhpgbdyp4j20sg1g5toy.jpg,
https://wx4.sinaimg.cn/large/982578b0gy1hlbtgitvc8j21o02801ky.jpg,
https://wx4.sinaimg.cn/large/982578b0gy1hof19m1bp7j21id1idkjl.jpg,
https://wx4.sinaimg.cn/large/982578b0gy1hoqluzhk8aj21o02801ky.jpg,
https://wx4.sinaimg.cn/large/982578b0gy1hoqlw4be4yj24eo3b0npk.jpg,
https://wx4.sinaimg.cn/large/982578b0gy1hqyeehkxkkj21o0280b2c.jpg,
https://wx4.sinaimg.cn/large/982578b0gy1hqyeej0kjtj21jm226b29.jpg,
https://wx4.sinaimg.cn/large/982578b0gy1hreofvy51sj21z00wrdpd.jpg,
https://wx4.sinaimg.cn/large/982578b0gy1hrlbpkn09hj21o0280u0x.jpg,
https://wx4.sinaimg.cn/large/982578b0gy1hrnqds088aj240g29a4qu.jpg,
https://wx4.sinaimg.cn/large/982578b0gy1hrnqeec11oj240f298kjp.jpg,
https://wx4.sinaimg.cn/large/982578b0gy1hrnqfv240ej240g29ae85.jpg,
https://wx4.sinaimg.cn/large/982578b0gy1hrqupemu4dj22oa40fhdv.jpg,
https://wx4.sinaimg.cn/large/982578b0gy1hrwpb8hb4lj22c0340e83.jpg,
https://wx4.sinaimg.cn/large/982578b0gy1hrwpbbyrztj21o02yo1ky.jpg,
https://wx4.sinaimg.cn/large/982578b0gy1hrwpberti0j21o02yo1kx.jpg,
https://wx4.sinaimg.cn/large/982578b0gy1hrwpbj121kj21o02yohdt.jpg,
https://wx4.sinaimg.cn/large/982578b0gy1hrz7od9woxj206o06ot8q.jpg,
https://wx4.sinaimg.cn/large/982578b0gy1hs8jg6ueotj21q82lc7wh.jpg,
https://wx4.sinaimg.cn/large/982578b0gy1hs9ht5blb4j20u00qoq5z.jpg,
https://wx4.sinaimg.cn/large/982578b0gy1htosssc3ksj23b04eou10.jpg,
https://wx4.sinaimg.cn/large/982578b0gy1hudyrofowoj240e298x6t.jpg,
https://wx4.sinaimg.cn/large/982578b0gy1hudyry8bq1j240g29a4qu.jpg,
https://wx4.sinaimg.cn/large/982578b0gy1hudysadiyrj240f2981l0.jpg,
https://wx4.sinaimg.cn/large/982578b0gy1hulr0z8iypj22oc40fu11.jpg,
https://wx4.sinaimg.cn/large/982578b0gy1hulr11ujzmj22cl40fe85.jpg,
https://wx4.sinaimg.cn/large/982578b0gy1hulr14kcvnj22oc40fnph.jpg,
https://wx4.sinaimg.cn/large/982578b0gy1hv4aran2mbj223u35sb2b.jpg,
https://wx4.sinaimg.cn/large/982578b0gy1hv4armjkyjj22oa40fb2d.jpg,
https://wx4.sinaimg.cn/large/982578b0ly1hjlqsnbrhtj21y12lc4qs.jpg,
https://wx4.sinaimg.cn/large/982578b0ly1hk7rr8u3nwj21gi2bjx6p.jpg,
https://wx4.sinaimg.cn/large/982578b0ly1hkbweyat26j20r50gignm.jpg,
https://wx4.sinaimg.cn/large/982578b0ly1hkkdniv3mpj21bq1zk7sm.jpg,
https://wx4.sinaimg.cn/large/982578b0ly1hkkdo55w9bj21pa2lckjl.jpg,
https://wx4.sinaimg.cn/large/982578b0ly1hkkdontu26j2222334x6r.jpg,
https://wx4.sinaimg.cn/large/982578b0ly1hkkdou6pbhj21hc280kjl.jpg,
https://wx4.sinaimg.cn/large/982578b0ly1hkkdpfpwqaj20u019013n.jpg,
https://wx4.sinaimg.cn/large/982578b0ly1hl1jx8dk48j23l720oe84.jpg,
https://wx4.sinaimg.cn/large/982578b0ly1hl1jxmdscqj223w35snpg.jpg,
https://wx4.sinaimg.cn/large/982578b0ly1hl1jxsvqdhj23ge1xz4qs.jpg,
https://wx4.sinaimg.cn/large/982578b0ly1hl1jy5jwbfj235s1rzu0y.jpg,
https://wx4.sinaimg.cn/large/982578b0ly1hlglosu2omj235s1s07wi.jpg,
https://wx4.sinaimg.cn/large/982578b0ly1hlglpfxzrej223w35sb2b.jpg,
https://wx4.sinaimg.cn/large/982578b0ly1hlhq5s2v7qj223w35s4qr.jpg,
https://wx4.sinaimg.cn/large/982578b0ly1hlhq6r28y4j235s23wkjm.jpg,
https://wx4.sinaimg.cn/large/982578b0ly1hlnhtwso2uj223u35re82.jpg,
https://wx4.sinaimg.cn/large/982578b0ly1hlnhuxcw3uj223u35shdu.jpg,
https://wx4.sinaimg.cn/large/982578b0ly1hlnhviodyoj223u35rb2a.jpg,
https://wx4.sinaimg.cn/large/982578b0ly1hlnhvkw8t6j223t35rnpd.jpg,
https://wx4.sinaimg.cn/large/982578b0ly1hm9ednq5z6j223w35skjp.jpg,
https://wx4.sinaimg.cn/large/982578b0ly1hm9eead5jyj235s1rzx6r.jpg,
https://wx4.sinaimg.cn/large/982578b0ly1hm9eedowyjj223w35s1l1.jpg,
https://wx4.sinaimg.cn/large/982578b0ly1hm9eejl8l7j235s3m9b2g.jpg,
https://wx4.sinaimg.cn/large/982578b0ly1hm9ef39chgj223w35rhdw.jpg,
https://wx4.sinaimg.cn/large/982578b0ly1hmbjb0raokj21f724se81.jpg,
https://wx4.sinaimg.cn/large/982578b0ly1hmmyyxcv6xj21o0280b2a.jpg,
https://wx4.sinaimg.cn/large/982578b0ly1hmolryn9v1j23b04eonpm.jpg,
https://wx4.sinaimg.cn/large/982578b0ly1hmolsgq8upj22801o0kjm.jpg,
https://wx4.sinaimg.cn/large/982578b0ly1hmpbmm73mej23402c04qs.jpg,
https://wx4.sinaimg.cn/large/982578b0ly1hmpbn2xuoxj24eo3b0e85.jpg,
https://wx4.sinaimg.cn/large/982578b0ly1hmpbn9k5w5j21o0280qv6.jpg,
https://wx4.sinaimg.cn/large/982578b0ly1hmrrgqwkhoj23402c0x6s.jpg,
https://wx4.sinaimg.cn/large/982578b0ly1hmrrgxoihuj22dc35sx6s.jpg,
https://wx4.sinaimg.cn/large/982578b0ly1hmv403a453j223v35sb2b.jpg,
https://wx4.sinaimg.cn/large/982578b0ly1hn5q2nzp0jj21z82yw1l4.jpg,
https://wx4.sinaimg.cn/large/982578b0ly1hn5q3jn3v9j20u0190u0x.jpg,
https://wx4.sinaimg.cn/large/982578b0ly1hn5q42aadnj20u0190x6p.jpg,
https://wx4.sinaimg.cn/large/982578b0ly1hn6qqsq2z6j21o0280hdu.jpg,
https://wx4.sinaimg.cn/large/982578b0ly1hnvkiuuc0qj20zm1hcka5.jpg,
https://wx4.sinaimg.cn/large/982578b0ly1hnvkiz8wkbj21hc0zmtnw.jpg,
https://wx4.sinaimg.cn/large/982578b0ly1ho2846qes6j21o0280e82.jpg,
https://wx4.sinaimg.cn/large/982578b0ly1ho284rfsl2j20u0140ald.jpg,
https://wx4.sinaimg.cn/large/982578b0ly1hodmva4w7ij20qo0q6tfm.jpg,
https://wx4.sinaimg.cn/large/982578b0ly1hpdfcqjqygj21o027yhdu.jpg,
https://wx4.sinaimg.cn/large/982578b0ly1hpje4z2msgj23vc2kw7wi.jpg,
https://wx4.sinaimg.cn/large/982578b0ly1hpje52d03qj22kw3vcnpf.jpg,
https://wx4.sinaimg.cn/large/982578b0ly1hpje56aoizj22kv3vbhdv.jpg,
https://wx4.sinaimg.cn/large/982578b0ly1hppg2vq0g0j22c0340kjm.jpg,
https://wx4.sinaimg.cn/large/982578b0ly1hpuvqs6vitj21o02804qq.jpg,
https://wx4.sinaimg.cn/large/982578b0ly1hqbzlqrk2lj21o0280b2a.jpg,
https://wx4.sinaimg.cn/large/982578b0ly1hqbzlu01wqj22ii1vw7wh.jpg,
https://wx4.sinaimg.cn/large/982578b0ly1hqk9j4k1c2j22kx3vbe85.jpg,
https://wx4.sinaimg.cn/large/982578b0ly1hqk9juzpncj22kx3vbhdx.jpg,
https://wx4.sinaimg.cn/large/a46db53bly1hprrfsslqij228y2ishdu.jpg,
https://wx4.sinaimg.cn/large/a46db53bly1hprrfxplasj20xc4bwkjl.jpg,
https://wx4.sinaimg.cn/large/a46db53bly1hpsrh2k8bzj20we2ipe7n.jpg,
https://wx4.sinaimg.cn/large/a46db53bly1hpsrh47sbej20uk56xu0x.jpg,
https://wx4.sinaimg.cn/large/a46db53bly1hpsrh4y0fuj228y2iwkjl.jpg,
https://wx4.sinaimg.cn/large/a760c6a9gy1hlmb6kjghtj24mo334qvb.jpg,
https://wx4.sinaimg.cn/large/a760c6a9gy1hlmb8u8vsij23344mo7wn.jpg,
https://wx4.sinaimg.cn/large/a760c6a9gy1hlmb93p3flj23344mou12.jpg,
https://wx4.sinaimg.cn/large/a760c6a9gy1hlmbalsnrpj23344mox6u.jpg,
https://wx4.sinaimg.cn/large/c6300a3agy1hmosmub79fj219i35naru.jpg,
https://wx4.sinaimg.cn/large/c6300a3agy1hmosmy52yej21jk2bcnpd.jpg,
https://wx4.sinaimg.cn/large/c6300a3aly1hm61l0x96dj23344moe89.jpg,
https://wx4.sinaimg.cn/large/c6300a3aly1hm61lo5z1xj23344monpi.jpg,
https://wx4.sinaimg.cn/large/c6300a3aly1hm61lw61mbj23344moqvb.jpg,
https://wx4.sinaimg.cn/large/c6300a3aly1hm61mtpsavj23344moe86.jpg,
https://wx4.sinaimg.cn/large/c6300a3aly1hmbu5teaezj244f668qvd.jpg,
https://wx4.sinaimg.cn/large/c6300a3aly1hmbu5z4ufyj244f668he2.jpg,
https://wx4.sinaimg.cn/large/c6300a3aly1hmxudbvom5j243c64wnpl.jpg,
https://wx4.sinaimg.cn/large/c6300a3aly1hmxuf7epqqj22ns470kjp.jpg,
https://wx4.sinaimg.cn/large/c6300a3aly1hmxugmsbadj243c64wkjv.jpg,
https://wx4.sinaimg.cn/large/c6300a3aly1hmxumxqm45j243c64w7ws.jpg,
https://wx4.sinaimg.cn/large/c6300a3aly1hmxuo08qu9j243c64wu14.jpg,
https://wx4.sinaimg.cn/large/c6300a3aly1hng67rjddxj243c64w7wp.jpg,
https://wx4.sinaimg.cn/large/c6300a3aly1hng68fjbffj264w43che2.jpg,
https://wx4.sinaimg.cn/large/c6300a3aly1hng68sbei0j243c64w1l6.jpg,
https://wx4.sinaimg.cn/large/c6300a3aly1hng6avh22vj243c64wu15.jpg,
https://wx4.sinaimg.cn/large/c6300a3aly1hng6b6olprj23xc5vwqvc.jpg,
https://wx4.sinaimg.cn/large/ea44527bgy1huf70le8ttj22di2tz7wn.jpg,
https://wx4.sinaimg.cn/large/ea44527bgy1huf70p2eymj21nw2uuu0y.jpg,
https://wx4.sinaimg.cn/large/ea44527bgy1huf70r9wosj22yo1o04qs.jpg,
https://wx4.sinaimg.cn/large/ea44527bgy1huf70rr7aaj20qo0mt0w4.jpg,
https://wx4.sinaimg.cn/large/eb691e2egy1hkao4mnjbqj20lq0cqjsn.jpg,
https://wx4.sinaimg.cn/large/eb691e2egy1hkao52mylyj21ficmxx6r.jpg,
https://wx4.sinaimg.cn/large/eb691e2egy1hkao5bxyhuj21gicmw4qv.jpg,
https://wx4.sinaimg.cn/large/eb6e1f26gy1ho73hi8yz3j22cc45ykjn.jpg,
https://wx4.sinaimg.cn/orj480/005F1trVly1hkm5j4utklj30zk0k0tkz.jpg,
https://wx4.sinaimg.cn/orj480/007esuQcgy1hlgjm2ipejj30xc0ir7ss.jpg,
https://wx4.sinaimg.cn/orj480/008awllvgy1hkmqhkpn1gj31hc0u0qv5.jpg,
https://wx4.sinaimg.cn/orj480/70745653ly1hjiealvu0gj21hc0u0hd3.jpg,
https://wx4.sinaimg.cn/orj480/982578b0ly1hkt86dz007j20u0140tmg.jpg,
https://wx4.sinaimg.cn/orj480/982578b0ly1hlwj7nny3sj21o0280qv5.jpg,
https://wx4.sinaimg.cn/orj480/982578b0ly1hmcpatvkg3j20u00gxtef.jpg