https://wx1.sinaimg.cn/large/008E2brHgy1hs1crkmo5tj32tk3re4qs.jpg,
https://wx1.sinaimg.cn/large/008E2brHgy1hs1cs5fj4pj327c1ninpd.jpg,
https://wx1.sinaimg.cn/large/008E2brHgy1hs1cspgqruj32xs3x1kjo.jpg,
https://wx1.sinaimg.cn/large/008E2brHgy1hs1csrdk2gj32772xme82.jpg,
https://wx1.sinaimg.cn/large/008E2brHgy1hs1csvkih4j333h44nx6t.jpg,
https://wx1.sinaimg.cn/large/bf2e66bagy1ha3bfkcf80j22eo37ib2a.jpg,
https://wx1.sinaimg.cn/large/bf2e66bagy1ha3bg2e0pzj22eo37iqv6.jpg,
https://wx2.sinaimg.cn/large/008E2brHgy1hs1crmazhqj31s72dmnpd.jpg,
https://wx2.sinaimg.cn/large/bf2e66bagy1ha3bffl1k9j22dd35sqv5.jpg,
https://wx2.sinaimg.cn/large/bf2e66bagy1ha3bfq22sxj22dd35sb2b.jpg,
https://wx2.sinaimg.cn/large/bf2e66bagy1hs4mwmbn9sj23a24dfu0y.jpg,
https://wx2.sinaimg.cn/large/bf2e66bagy1hs4mwq0c3gj21nm29dnpe.jpg,
https://wx2.sinaimg.cn/large/bf2e66bagy1hs4t3c323aj22xs4eo1l1.jpg,
https://wx3.sinaimg.cn/large/008E2brHgy1hs1creii0qj32s23pfnpf.jpg,
https://wx3.sinaimg.cn/large/008E2brHgy1hs1cryfj2rj33x12xse85.jpg,
https://wx3.sinaimg.cn/large/008E2brHgy1hs1cs3ymvkj32lc1y04qq.jpg,
https://wx3.sinaimg.cn/large/bf2e66bagy1hs4mwlczalj22a331ge84.jpg,
https://wx3.sinaimg.cn/large/bf2e66bagy1hs4mwnwjpxj23a24dfkjn.jpg,
https://wx4.sinaimg.cn/large/008E2brHgy1hs1crhaepaj32xs3x1e84.jpg,
https://wx4.sinaimg.cn/large/008E2brHgy1hs1crpqm0dj347p35s1l1.jpg,
https://wx4.sinaimg.cn/large/008E2brHgy1hs1crulg30j3334446u11.jpg,
https://wx4.sinaimg.cn/large/008E2brHgy1hs1cs17ch2j3334446npg.jpg,
https://wx4.sinaimg.cn/large/008E2brHgy1hs1cs8k9ulj32xs3x1kjo.jpg,
https://wx4.sinaimg.cn/large/008E2brHgy1hs1csmj0p4j335s47p7wm.jpg,
https://wx4.sinaimg.cn/large/008E2brHgy1hs1cta2beqj32gy3al7wk.jpg,
https://wx4.sinaimg.cn/large/bf2e66bagy1hs4t3djng6j216y0u048w.jpg