https://ww2.sinaimg.cn/orj480/736f0c7ejw1f1stsrgv11j20dc0hyq5f.jpg,
https://ww3.sinaimg.cn/orj480/7bf2aec7jw1fc44p370z8j20dc0hymxb.jpg,
https://wx1.sinaimg.cn/large/001lb2Prgy1ho6raeiiffj62c0340u0y02.jpg,
https://wx1.sinaimg.cn/large/001lb2Prgy1ho6ran8536j63zk2nsu0y02.jpg,
https://wx1.sinaimg.cn/large/001lb2Prgy1ho6raz59soj63zk2nse8202.jpg,
https://wx1.sinaimg.cn/large/005NJNlBgy1hspv6060f7j30u0140gui.jpg,
https://wx1.sinaimg.cn/large/005NJNlBgy1hspv611o3sj30u0140woa.jpg,
https://wx1.sinaimg.cn/large/005NJNlBgy1hspv61sg0pj30u0140guo.jpg,
https://wx1.sinaimg.cn/large/005NJNlBgy1hspynd7jv9j30u0140n7c.jpg,
https://wx1.sinaimg.cn/large/005NJNlBgy1hspyng6x9mj30u0140tht.jpg,
https://wx1.sinaimg.cn/large/005NJNlBgy1hspynh9cvzj30u0140n68.jpg,
https://wx1.sinaimg.cn/large/005sq2Yvly1hj78qa1pi4j617h2donpd02.jpg,
https://wx1.sinaimg.cn/large/005sq2Yvly1hj78qwpcnmj617g2do7wi02.jpg,
https://wx1.sinaimg.cn/large/005sq2Yvly1hj78ri2ozij617g2do4qq02.jpg,
https://wx1.sinaimg.cn/large/005wEnUTgy1hozhh647igj31oy30cu0y.jpg,
https://wx1.sinaimg.cn/large/005wEnUTgy1hozhh95t04j32003k0e83.jpg,
https://wx1.sinaimg.cn/large/0062vxOTgy1hq464zhxxij30sg11xk14.jpg,
https://wx1.sinaimg.cn/large/0062vxOTgy1hq465saf6zj34g06o0npl.jpg,
https://wx1.sinaimg.cn/large/0069Cdb8gy1hrr3hxp96pj30m83934qp.jpg,
https://wx1.sinaimg.cn/large/0069Cdb8gy1hrr3hztblnj30m83937wh.jpg,
https://wx1.sinaimg.cn/large/006KN4Iggy1hpcj9mw80dj31ww831b2e.jpg,
https://wx1.sinaimg.cn/large/006L6zHFly1ho95oyy43pj30rh3yjx6p.jpg,
https://wx1.sinaimg.cn/large/006L6zHFly1hu043d6sx1j317r6qbu0y.jpg,
https://wx1.sinaimg.cn/large/006L6zHFly1hu043eyv9gj317r9ul7wk.jpg,
https://wx1.sinaimg.cn/large/007eTZSkgy1hqsysh2w37j33cf2ibhdu.jpg,
https://wx1.sinaimg.cn/large/007eTZSkgy1hqsysjgawxj30jw13kn2f.jpg,
https://wx1.sinaimg.cn/large/007esuQcgy1hrllef6v11j31jk2bc4qq.jpg,
https://wx1.sinaimg.cn/large/007esuQcgy1hrllefgdx9j32bc1jkhdu.jpg,
https://wx1.sinaimg.cn/large/007esuQcgy1hrllefyyl0j32bc1jkqv7.jpg,
https://wx1.sinaimg.cn/large/008CG0LZly1hoylgsgv2cj30yq1ab4qp.jpg,
https://wx1.sinaimg.cn/large/008CG0LZly1hpeuhlri4dj30yq1ux4h9.jpg,
https://wx1.sinaimg.cn/large/008CG0LZly1hpeui193k1j30yq2ud4qq.jpg,
https://wx1.sinaimg.cn/large/008CG0LZly1hpeuif1969j30yq2udnpd.jpg,
https://wx1.sinaimg.cn/large/008CG0LZly1hpluavlf3bj30nm25p1kx.jpg,
https://wx1.sinaimg.cn/large/008CG0LZly1hplufkwgv3j315o6uex6r.jpg,
https://wx1.sinaimg.cn/large/008CG0LZly1hplug7ebf6j315o84dqv9.jpg,
https://wx1.sinaimg.cn/large/008CG0LZly1hpluhbazhpj30nm3t1npd.jpg,
https://wx1.sinaimg.cn/large/008E5lT3gy1hrp5b0tslnj33344mo7wp.jpg,
https://wx1.sinaimg.cn/large/008E5lT3gy1hrp5bggwp3j330z50whdy.jpg,
https://wx1.sinaimg.cn/large/008lBn3yly1hr1tjgci62j30ku0u043o.jpg,
https://wx1.sinaimg.cn/large/008lBn3yly1hr1tjhfpfkj30ku0u078s.jpg,
https://wx1.sinaimg.cn/large/008lBn3yly1hr1tji6srzj30ku0u0n2y.jpg,
https://wx1.sinaimg.cn/large/008pjkSJly1hn0gzbjh5pj32dc3k0hdu.jpg,
https://wx1.sinaimg.cn/large/008pjkSJly1hn0gzhu180j32dc3k01kz.jpg,
https://wx1.sinaimg.cn/large/008pjkSJly1hn0hb1eg60j32dc3k0hdu.jpg,
https://wx1.sinaimg.cn/large/008v9Qjoly1hu25isuw9wj30f00f0ac3.jpg,
https://wx1.sinaimg.cn/large/008yZud0ly1hpmmclqaa5j318g8vgqv8.jpg,
https://wx1.sinaimg.cn/large/008yZud0ly1hpmmcyimqcj318g8n4kjo.jpg,
https://wx1.sinaimg.cn/large/3e054e1ely1hlgm6s05p7j20u0140wvb.jpg,
https://wx1.sinaimg.cn/large/4d3b3ef6gy1hjealihip8j215o8yfb2e.jpg,
https://wx1.sinaimg.cn/large/4d3b3ef6gy1hjeals84skj23k02001l0.jpg,
https://wx1.sinaimg.cn/large/4d3b3ef6gy1hjealwiiioj23k0200hdw.jpg,
https://wx1.sinaimg.cn/large/4d3b3ef6gy1hjeamqt1tpj23kw6dc4r0.jpg,
https://wx1.sinaimg.cn/large/4d3b3ef6gy1hjean973s0j23kw6dce8b.jpg,
https://wx1.sinaimg.cn/large/4d3b3ef6gy1hjeann7ludj23k01zykjn.jpg,
https://wx1.sinaimg.cn/large/6e7ad70fgy1hs1iy9my9wj20xc2g9npe.jpg,
https://wx1.sinaimg.cn/large/6e7ad70fgy1hs1iyeq45aj22a02a1u0x.jpg,
https://wx1.sinaimg.cn/large/6e7ad70fgy1hs1iygeft2j22a02a1x6q.jpg,
https://wx1.sinaimg.cn/large/6f5f4997gy1hlxpc3nwy3j23uw2janph.jpg,
https://wx1.sinaimg.cn/large/6f5f4997gy1hlxpck6hhlj278v4fyqvn.jpg,
https://wx1.sinaimg.cn/large/6f5f4997gy1hlxpd2c93jj22tc480kjr.jpg,
https://wx1.sinaimg.cn/large/6f5f4997gy1hlxpe4vq5yj27c04eve8m.jpg,
https://wx1.sinaimg.cn/large/7bf2aec7gy1hircrud5x1j23uw2gukjs.jpg,
https://wx1.sinaimg.cn/large/7bf2aec7gy1hircrzjz85j23uw2kl4qv.jpg,
https://wx1.sinaimg.cn/large/7bf2aec7gy1hircsh8d6qj22kl3uw4qt.jpg,
https://wx1.sinaimg.cn/large/7bf2aec7gy1hird8xxrjbj22kl3uwqvb.jpg,
https://wx1.sinaimg.cn/large/7bf2aec7gy1hird9be6b1j22kl3uwb2f.jpg,
https://wx1.sinaimg.cn/large/7bf2aec7gy1hird9fy5svj23uw23ab2e.jpg,
https://wx1.sinaimg.cn/large/7bf2aec7gy1hird9kzz84j23uw2511l1.jpg,
https://wx1.sinaimg.cn/large/7bf2aec7gy1hird9r117tj22km3uwqv9.jpg,
https://wx1.sinaimg.cn/large/7bf2aec7gy1hismrmlk0bj239c268qv6.jpg,
https://wx1.sinaimg.cn/large/7bf2aec7gy1hisopeezjnj235s23ux6q.jpg,
https://wx1.sinaimg.cn/large/7bf2aec7gy1hisoppppdhj239c268qv8.jpg,
https://wx1.sinaimg.cn/large/7bf2aec7gy1hj314pp7d7j21qz33z1kx.jpg,
https://wx1.sinaimg.cn/large/7bf2aec7gy1hjechwle4bj21zz3k04qs.jpg,
https://wx1.sinaimg.cn/large/7bf2aec7gy1hjeci5tn22j23k02054qt.jpg,
https://wx1.sinaimg.cn/large/7bf2aec7gy1hjecijdfxaj22053k01kz.jpg,
https://wx1.sinaimg.cn/large/7bf2aec7gy1hjh0ref4hcj22c0340npf.jpg,
https://wx1.sinaimg.cn/large/7bf2aec7gy1hjh0rr34spj22c0340hdv.jpg,
https://wx1.sinaimg.cn/large/7bf2aec7gy1hjx8u8wq95j22003k01kz.jpg,
https://wx1.sinaimg.cn/large/7bf2aec7gy1hjx8vpkoqij21wl3dxkjm.jpg,
https://wx1.sinaimg.cn/large/7bf2aec7gy1hk2z6q3j0aj221z32yhdu.jpg,
https://wx1.sinaimg.cn/large/7bf2aec7gy1hk2z6rp75ej23g92aue82.jpg,
https://wx1.sinaimg.cn/large/7bf2aec7gy1hkj2pgtz0aj22c03401kz.jpg,
https://wx1.sinaimg.cn/large/7bf2aec7gy1hklh5kdpmtj23y827zkjo.jpg,
https://wx1.sinaimg.cn/large/7bf2aec7gy1hklh5tjpezj23y8280kjn.jpg,
https://wx1.sinaimg.cn/large/7bf2aec7gy1hkolnaduo5j21sc2ds7wj.jpg,
https://wx1.sinaimg.cn/large/7bf2aec7gy1hkolngdtjwj22c03401kz.jpg,
https://wx1.sinaimg.cn/large/7bf2aec7gy1hl58pmn0wbj22mt3y8kjq.jpg,
https://wx1.sinaimg.cn/large/7bf2aec7gy1hl58pxuij0j22mt3y8e86.jpg,
https://wx1.sinaimg.cn/large/7bf2aec7gy1hlpsqd28e0j21sc2ds1ky.jpg,
https://wx1.sinaimg.cn/large/7bf2aec7gy1hlwwruzg1sj22kl3uwnpf.jpg,
https://wx1.sinaimg.cn/large/7bf2aec7gy1hlxu0djx9zj22mt3y84qs.jpg,
https://wx1.sinaimg.cn/large/7bf2aec7gy1hlxu0syuuxj23jy29pu0y.jpg,
https://wx1.sinaimg.cn/large/7bf2aec7gy1hm52n3n8scj20dw0ks0vp.jpg,
https://wx1.sinaimg.cn/large/7bf2aec7gy1hm7bw7taa6j20zu1og7wh.jpg,
https://wx1.sinaimg.cn/large/7bf2aec7gy1hmfd1m6a66j20zu25o1ky.jpg,
https://wx1.sinaimg.cn/large/7bf2aec7gy1hmfd1o66x4j20zu25ob2a.jpg,
https://wx1.sinaimg.cn/large/7bf2aec7gy1hmxsubfycxj22xs4eohdx.jpg,
https://wx1.sinaimg.cn/large/7bf2aec7gy1hmxueriir1j22xs4eohdw.jpg,
https://wx1.sinaimg.cn/large/7bf2aec7gy1hmz3oba9z9j21sc2ds4qq.jpg,
https://wx1.sinaimg.cn/large/7bf2aec7gy1hnxr06vkdbj22c0340hdw.jpg,
https://wx1.sinaimg.cn/large/7bf2aec7gy1holw7szh7hj22xs4eou10.jpg,
https://wx1.sinaimg.cn/large/7bf2aec7gy1hon0c0wm28j22xs4eokjp.jpg,
https://wx1.sinaimg.cn/large/7bf2aec7gy1hpw7mcy7c9j23uw1tze83.jpg,
https://wx1.sinaimg.cn/large/7bf2aec7gy1hpw7mxul76j24eo2ephdw.jpg,
https://wx1.sinaimg.cn/large/7bf2aec7gy1hqw1cm95wnj22xu4eo4qw.jpg,
https://wx1.sinaimg.cn/large/7bf2aec7gy1hqw1db0nzvj22xu4eox6u.jpg,
https://wx1.sinaimg.cn/large/7bf2aec7gy1hrenf39mshj24c02w0qvc.jpg,
https://wx1.sinaimg.cn/large/7bf2aec7gy1hrr8nqhf7lj22kl3uw1l1.jpg,
https://wx1.sinaimg.cn/large/7bf2aec7gy1hrvpjxh79zj22c03404qs.jpg,
https://wx1.sinaimg.cn/large/7bf2aec7gy1hrvpjyuxwvj22c0340e81.jpg,
https://wx1.sinaimg.cn/large/7bf2aec7gy1hs3yw8o99nj22c0340e82.jpg,
https://wx1.sinaimg.cn/large/7bf2aec7gy1hs3ywdsd1aj22c0340kjm.jpg,
https://wx1.sinaimg.cn/large/7bf2aec7gy1hs3ywfe17vj23342bckjm.jpg,
https://wx1.sinaimg.cn/large/7bf2aec7gy1hs7nw1hx2tj212w1fe1kx.jpg,
https://wx1.sinaimg.cn/large/7bf2aec7gy1hsi4hn690dj22c0340npd.jpg,
https://wx1.sinaimg.cn/large/7bf2aec7gy1hska0l652tj23402c0kjn.jpg,
https://wx1.sinaimg.cn/large/7bf2aec7gy1hska4vm9xfj23402c0b2c.jpg,
https://wx1.sinaimg.cn/large/7bf2aec7gy1hswu2y1c12j22xs4eoqv7.jpg,
https://wx1.sinaimg.cn/large/7bf2aec7gy1hswu39ra1qj22xs4eo1l0.jpg,
https://wx1.sinaimg.cn/large/7bf2aec7gy1ht3v3s9zplj22xn4eoqv8.jpg,
https://wx1.sinaimg.cn/large/7bf2aec7gy1hty1u4w06gj21sc2ds1kx.jpg,
https://wx1.sinaimg.cn/large/7bf2aec7gy1hu39izyof3j20u0140n32.jpg,
https://wx1.sinaimg.cn/large/7bf2aec7ly1hk7qdeewc9j224o18skhx.jpg,
https://wx1.sinaimg.cn/large/7bf2aec7ly1ht2pnw3ri9j20zu25onpf.jpg,
https://wx1.sinaimg.cn/large/7bf2aec7ly1ht2po2u4noj20zt27r7wi.jpg,
https://wx1.sinaimg.cn/large/93b2d7e8ly1hkm8ocl98wj20ku1t0wxz.jpg,
https://wx1.sinaimg.cn/large/93b2d7e8ly1hkm8p7kmybj20ku1t01ed.jpg,
https://wx1.sinaimg.cn/large/96dd1495ly1hndwp95rufj20qe2joe11.jpg,
https://wx1.sinaimg.cn/large/96dd1495ly1hndwpds9omj20qe3pw1kx.jpg,
https://wx1.sinaimg.cn/large/96dd1495ly1ho4iov7aawj20u00u0abw.jpg,
https://wx1.sinaimg.cn/large/96dd1495ly1ho4iov8apfj20u00u0411.jpg,
https://wx1.sinaimg.cn/large/96dd1495ly1ho4iov8bqjj20u00u0dif.jpg,
https://wx1.sinaimg.cn/large/96dd1495ly1ho4iov96utj20u00u0ab5.jpg,
https://wx1.sinaimg.cn/large/96dd1495ly1ho4iov9a10j20u00u0ad1.jpg,
https://wx1.sinaimg.cn/large/a9d238e9gy1hqetixneflj22bc4mou10.jpg,
https://wx1.sinaimg.cn/large/a9d238e9gy1hqetjba4lyj22bc4monpg.jpg,
https://wx1.sinaimg.cn/large/a9d238e9gy1hqetjhrvdlj22bc4mo1l2.jpg,
https://wx1.sinaimg.cn/large/bae18adbgy1hnkvxtj575j20rs3lsqv5.jpg,
https://wx1.sinaimg.cn/large/bae18adbgy1hnkvxtly84j20rs3agnpd.jpg,
https://wx1.sinaimg.cn/large/bae18adbgy1hnkvxw5og7j20rs3alx6p.jpg,
https://wx1.sinaimg.cn/large/c02b9d0bly1hqlp4inrblj215c33x4qq.jpg,
https://wx1.sinaimg.cn/large/c02b9d0bly1hqlp4mi7b0j215c3cq7wi.jpg,
https://wx1.sinaimg.cn/orj480/0061indlgy1hptj3hl92sj30mh0u0dim.jpg,
https://wx1.sinaimg.cn/orj480/7bf2aec7gy1h1okfzpwe9j20u01hc76s.jpg,
https://wx1.sinaimg.cn/orj480/7bf2aec7gy1h1qrzj7pmpj20u01hcju5.jpg,
https://wx1.sinaimg.cn/orj480/7bf2aec7gy1h2p97xjqu6j20u01hcte0.jpg,
https://wx1.sinaimg.cn/orj480/7bf2aec7gy1h2sybucjj7j20u0141qd1.jpg,
https://wx1.sinaimg.cn/orj480/7bf2aec7gy1h4jey9nqaoj20u01hcn0t.jpg,
https://wx1.sinaimg.cn/orj480/7bf2aec7gy1h4khtrkeg0j20u0140kal.jpg,
https://wx1.sinaimg.cn/orj480/7bf2aec7gy1h4mvdpz9vxj20u01hcdnv.jpg,
https://wx1.sinaimg.cn/orj480/7bf2aec7gy1h5eac2j3paj20u0140k5r.jpg,
https://wx1.sinaimg.cn/orj480/7bf2aec7gy1h6oi24s8j5j21hc0u04bu.jpg,
https://wx1.sinaimg.cn/orj480/7bf2aec7gy1h703wb1tw8j20u0141dqb.jpg,
https://wx1.sinaimg.cn/orj480/7bf2aec7gy1h73iuoa38mj20u014175o.jpg,
https://wx1.sinaimg.cn/orj480/7bf2aec7gy1h76ze5mp24j20u0141gzl.jpg,
https://wx1.sinaimg.cn/orj480/7bf2aec7gy1h7ahmyenrfj20u01hc0xz.jpg,
https://wx1.sinaimg.cn/orj480/7bf2aec7gy1h7ooc9fmmyj20u01hcwon.jpg,
https://wx1.sinaimg.cn/orj480/7bf2aec7gy1h7x30befdhj21hc0u0don.jpg,
https://wx1.sinaimg.cn/orj480/7bf2aec7gy1h8bgez6i87j20u0141473.jpg,
https://wx1.sinaimg.cn/orj480/7bf2aec7gy1h8ge5jxv4ej20u0141tnl.jpg,
https://wx1.sinaimg.cn/orj480/7bf2aec7gy1h8qr38gjnaj20u0141gym.jpg,
https://wx1.sinaimg.cn/orj480/7bf2aec7gy1h8vdqv8th2j20u0141476.jpg,
https://wx1.sinaimg.cn/orj480/7bf2aec7gy1h9aek51c73j20sk124wlo.jpg,
https://wx1.sinaimg.cn/orj480/7bf2aec7gy1h9jo7wkbuzj20u01410vc.jpg,
https://wx1.sinaimg.cn/orj480/7bf2aec7gy1hacl7ufq8xj20u0141tks.jpg,
https://wx1.sinaimg.cn/orj480/7bf2aec7gy1hb36scdt0uj20u0141aiz.jpg,
https://wx1.sinaimg.cn/orj480/7bf2aec7gy1hbb9uzq2znj20rg10mdk5.jpg,
https://wx1.sinaimg.cn/orj480/7bf2aec7gy1hbdmanfvenj20u0141qdu.jpg,
https://wx1.sinaimg.cn/orj480/7bf2aec7gy1hbwxz9brssj20u0141tia.jpg,
https://wx1.sinaimg.cn/orj480/7bf2aec7gy1hc0eyc6b9yj21400mjafo.jpg,
https://wx1.sinaimg.cn/orj480/7bf2aec7gy1hc2qvnf1vnj20u0141wmj.jpg,
https://wx1.sinaimg.cn/orj480/7bf2aec7gy1hcfqm4a3xxj21hc0u0ap1.jpg,
https://wx1.sinaimg.cn/orj480/7bf2aec7gy1hck2cnstc4j20u0141anl.jpg,
https://wx1.sinaimg.cn/orj480/7bf2aec7gy1hcxy7ig77oj20u0141af1.jpg,
https://wx1.sinaimg.cn/orj480/7bf2aec7gy1he4pti40syj20u0141wob.jpg,
https://wx1.sinaimg.cn/orj480/7bf2aec7gy1heqonnrejrj20u0141aga.jpg,
https://wx1.sinaimg.cn/orj480/7bf2aec7gy1hewgm4q2l8j20u0141n4g.jpg,
https://wx1.sinaimg.cn/orj480/7bf2aec7gy1hf15vytywmj20u0141dqv.jpg,
https://wx1.sinaimg.cn/orj480/7bf2aec7gy1hfadzumacfj20u0141tjd.jpg,
https://wx1.sinaimg.cn/orj480/7bf2aec7gy1hfhrmcmxftj20u014110r.jpg,
https://wx1.sinaimg.cn/orj480/7bf2aec7gy1hgw532y72zj20u0141136.jpg,
https://wx1.sinaimg.cn/orj480/7bf2aec7gy1hh3fjmsbe4j21hc0u0dq6.jpg,
https://wx1.sinaimg.cn/orj480/7bf2aec7gy1hh5e4j1tpgj21o02814qp.jpg,
https://wx1.sinaimg.cn/orj480/7bf2aec7gy1hh8vzkp31jj20u0141467.jpg,
https://wx1.sinaimg.cn/orj480/7bf2aec7gy1hhb79hrm3kj20u01hc7gd.jpg,
https://wx1.sinaimg.cn/orj480/7bf2aec7gy1hi3bpefkn9j20u01417e4.jpg,
https://wx1.sinaimg.cn/orj480/7bf2aec7gy1hig0georl1j20u0141gul.jpg,
https://wx1.sinaimg.cn/orj480/7bf2aec7gy1hilt7pcoyuj22yo1o0dw3.jpg,
https://wx1.sinaimg.cn/orj480/7bf2aec7gy1himzy5m817j20u0141gxa.jpg,
https://wx1.sinaimg.cn/orj480/7bf2aec7gy1hio8w9qbdvj20u01hcjy7.jpg,
https://wx1.sinaimg.cn/orj480/7bf2aec7gy1hipdvfxom3j21o0281tyh.jpg,
https://wx1.sinaimg.cn/orj480/7bf2aec7gy1hjb9t6mnpaj21o02811i0.jpg,
https://wx1.sinaimg.cn/orj480/7bf2aec7gy1hjcgpy45x1j20u0141wpw.jpg,
https://wx1.sinaimg.cn/orj480/7bf2aec7gy1hjjbvgxx8mj21o0281tw9.jpg,
https://wx1.sinaimg.cn/orj480/7bf2aec7gy1hjw1q0vyk1j21o02811kx.jpg,
https://wx1.sinaimg.cn/orj480/7bf2aec7gy1hjzj332kijj21o0281kjl.jpg,
https://wx1.sinaimg.cn/orj480/7bf2aec7gy1hk8t9q1lykj21o0281npd.jpg,
https://wx1.sinaimg.cn/orj480/7bf2aec7gy1hkb9g476gyj20u01hcdrs.jpg,
https://wx1.sinaimg.cn/orj480/7bf2aec7gy1hkdhbv1n6hj21o0281b29.jpg,
https://wx1.sinaimg.cn/orj480/7bf2aec7gy1hkvw9pdmn2j20u0141wpy.jpg,
https://wx1.sinaimg.cn/orj480/7bf2aec7gy1hkzeh6a08rj21o02811kx.jpg,
https://wx1.sinaimg.cn/orj480/7bf2aec7gy1hl0ijvmv3ij21o0281b29.jpg,
https://wx1.sinaimg.cn/orj480/7bf2aec7gy1hlpyu7gjvpj20u0141tjr.jpg,
https://wx1.sinaimg.cn/orj480/7bf2aec7gy1hlqtidhu6yj20u0141tlj.jpg,
https://wx1.sinaimg.cn/orj480/7bf2aec7gy1hlsad0cgbaj21o02814qp.jpg,
https://wx1.sinaimg.cn/orj480/7bf2aec7gy1hm0ckfmp1nj21o02811kx.jpg,
https://wx1.sinaimg.cn/orj480/7bf2aec7gy1hm2o3f8k86j21o0281kjl.jpg,
https://wx1.sinaimg.cn/orj480/7bf2aec7gy1hm8hg5il8kj21o0281b29.jpg,
https://wx1.sinaimg.cn/orj480/7bf2aec7gy1hml837ujtqj2280191khr.jpg,
https://wx1.sinaimg.cn/orj480/7bf2aec7gy1hmmcqufpkej21o0281b29.jpg,
https://wx1.sinaimg.cn/orj480/7bf2aec7gy1hmo8t5mlstj20u01hcgzk.jpg,
https://wx1.sinaimg.cn/orj480/7bf2aec7gy1hmql55s1i6j21o0281b29.jpg,
https://wx1.sinaimg.cn/orj480/7bf2aec7gy1hmugplgef5j21o02817wh.jpg,
https://wx1.sinaimg.cn/orj480/7bf2aec7gy1hn3qd1r7e3j21o0281b29.jpg,
https://wx1.sinaimg.cn/orj480/7bf2aec7gy1hnplivjdv6j21401hd4ev.jpg,
https://wx1.sinaimg.cn/orj480/7bf2aec7gy1hns02hk7lrj21o02817wh.jpg,
https://wx1.sinaimg.cn/orj480/7bf2aec7gy1hnt3x7k9cej21o02817wh.jpg,
https://wx1.sinaimg.cn/orj480/7bf2aec7gy1hoh08ckny4j21o02817wh.jpg,
https://wx1.sinaimg.cn/orj480/7bf2aec7gy1hoijjutnt0j21o02817wh.jpg,
https://wx1.sinaimg.cn/orj480/7bf2aec7gy1howea9s5vij20u0141n6s.jpg,
https://wx1.sinaimg.cn/orj480/7bf2aec7gy1hp6uoa7idnj20u0141gz6.jpg,
https://wx1.sinaimg.cn/orj480/7bf2aec7gy1hp7xo6rk9zj20u0141dpg.jpg,
https://wx1.sinaimg.cn/orj480/7bf2aec7gy1hpo3jly2urj21o02817wh.jpg,
https://wx1.sinaimg.cn/orj480/7bf2aec7gy1hpzwajdvhej21hc0u0k0n.jpg,
https://wx1.sinaimg.cn/orj480/7bf2aec7gy1hqa9025dw2j21o02807wh.jpg,
https://wx1.sinaimg.cn/orj480/7bf2aec7gy1hqfyfh2vv9j20u0141k0p.jpg,
https://wx1.sinaimg.cn/orj480/7bf2aec7gy1hqrlkpd733j21401hcwtb.jpg,
https://wx1.sinaimg.cn/orj480/7bf2aec7gy1hquwkdi71wj21o02814qp.jpg,
https://wx1.sinaimg.cn/orj480/7bf2aec7gy1hqygu77h2dj21o0281b29.jpg,
https://wx1.sinaimg.cn/orj480/7bf2aec7gy1hqzlkdblr1j20u01hcdri.jpg,
https://wx1.sinaimg.cn/orj480/7bf2aec7gy1hr45cd8iyjj21o02811kr.jpg,
https://wx1.sinaimg.cn/orj480/7bf2aec7gy1hr8yzm77bfj21hc0u0nc7.jpg,
https://wx1.sinaimg.cn/orj480/7bf2aec7gy1hregun16uaj21o02817wh.jpg,
https://wx1.sinaimg.cn/orj480/7bf2aec7gy1hs0kt7h8h7j20u01hc17f.jpg,
https://wx1.sinaimg.cn/orj480/7bf2aec7gy1hsc7klbjdqj20u01hc7cs.jpg,
https://wx1.sinaimg.cn/orj480/7bf2aec7gy1hsf6ox77qaj21401hd1bu.jpg,
https://wx1.sinaimg.cn/orj480/7bf2aec7gy1hsnkgu2urlj21o0280b29.jpg,
https://wx1.sinaimg.cn/orj480/7bf2aec7gy1hszzuuikrmj21hc0u0jz6.jpg,
https://wx1.sinaimg.cn/orj480/7bf2aec7gy1ht65ozoc0uj20u0141aje.jpg,
https://wx1.sinaimg.cn/orj480/7bf2aec7gy1hu0as3782kj21o02811kx.jpg,
https://wx1.sinaimg.cn/orj480/7bf2aec7gy1hufg8xocf1j21hc0u0doa.jpg,
https://wx1.sinaimg.cn/orj480/7bf2aec7ly1hdggir4kt3j20u01410zn.jpg,
https://wx1.sinaimg.cn/orj480/7bf2aec7ly1hfo7uou0q1j20u0141qfc.jpg,
https://wx1.sinaimg.cn/orj480/7bf2aec7ly1hgqdvk30wmj20u01417el.jpg,
https://wx1.sinaimg.cn/orj480/7bf2aec7ly1hgsomuhnj7j20u0141thz.jpg,
https://wx1.sinaimg.cn/orj480/7bf2aec7ly1hicg7cwatgj21o02814pd.jpg,
https://wx1.sinaimg.cn/orj480/7bf2aec7ly1hj5hrd360uj20u01hctic.jpg,
https://wx1.sinaimg.cn/orj480/7bf2aec7ly1hkmng6udt7j21o02814qp.jpg,
https://wx1.sinaimg.cn/orj480/7bf2aec7ly1hlc26bhffbj21400mj7e1.jpg,
https://wx1.sinaimg.cn/orj480/7bf2aec7ly1hlea5x17uaj20u00gxdla.jpg,
https://wx1.sinaimg.cn/orj480/7bf2aec7ly1hllcn4aoc8j20u014114b.jpg,
https://wx1.sinaimg.cn/orj480/7bf2aec7ly1hlulb7dr0ij21o0281b29.jpg,
https://wx1.sinaimg.cn/orj480/7bf2aec7ly1hmt90hzerxj21o02814qp.jpg,
https://wx1.sinaimg.cn/orj480/7bf2aec7ly1hmvmrgyelmj21o02817wh.jpg,
https://wx1.sinaimg.cn/orj480/7bf2aec7ly1hpcn7q74rrj21o0281kj8.jpg,
https://wx1.sinaimg.cn/orj480/7bf2aec7ly1hpdpvmskbpj20u01hcwr0.jpg,
https://wx1.sinaimg.cn/orj480/7bf2aec7ly1hph924kywuj21o02817wh.jpg,
https://wx1.sinaimg.cn/orj480/7bf2aec7ly1hqbgbivt2sj21hc0u0458.jpg,
https://wx1.sinaimg.cn/orj480/7bf2aec7ly1hqnp8w0uhaj21o02817wh.jpg,
https://wx1.sinaimg.cn/orj480/7bf2aec7ly1hucy2mhecjj21o02817wh.jpg,
https://wx2.sinaimg.cn/large/001lb2Prgy1ho6rak6jzdj63zk2nsu0y02.jpg,
https://wx2.sinaimg.cn/large/001lb2Prgy1ho6rb16r15j63c1280x6p02.jpg,
https://wx2.sinaimg.cn/large/005NJNlBgy1hspynb3obvj30u0140gv5.jpg,
https://wx2.sinaimg.cn/large/005NJNlBgy1hspync60bij30u014048d.jpg,
https://wx2.sinaimg.cn/large/005NJNlBgy1hspynfpt0tj30u0140dp5.jpg,
https://wx2.sinaimg.cn/large/005sq2Yvly1hj78pi0pgwj617f2do7wh02.jpg,
https://wx2.sinaimg.cn/large/005sq2Yvly1hj78pydu5cj617g2dohdt02.jpg,
https://wx2.sinaimg.cn/large/005sq2Yvly1hj78r8op33j617g2do4qp02.jpg,
https://wx2.sinaimg.cn/large/005sq2Yvly1hj78s2ykcxj617g2do4qq02.jpg,
https://wx2.sinaimg.cn/large/005sq2Yvly1hj78smbbzwj617f2dob2a02.jpg,
https://wx2.sinaimg.cn/large/005wEnUTgy1hozhh8dj61j33k02001kz.jpg,
https://wx2.sinaimg.cn/large/0062vxOTgy1hq46563cucj34g06o0qve.jpg,
https://wx2.sinaimg.cn/large/0062vxOTgy1hq465gruuoj345767snpl.jpg,
https://wx2.sinaimg.cn/large/0069Cdb8gy1hrr3hrhbzpj30m84xahdt.jpg,
https://wx2.sinaimg.cn/large/0069Cdb8gy1hrr3i3nysej30m82gb1kx.jpg,
https://wx2.sinaimg.cn/large/0069Cdb8gy1hrr3ijoqnhj30m827r4nj.jpg,
https://wx2.sinaimg.cn/large/006KN4Iggy1hpcj9kyhmmj31046kle81.jpg,
https://wx2.sinaimg.cn/large/006KN4Iggy1hpcj9l3ck4j31ficn4b2d.jpg,
https://wx2.sinaimg.cn/large/006KN4Iggy1hpcj9n6tpnj312wcmxkjp.jpg,
https://wx2.sinaimg.cn/large/006KN4Iggy1hpcj9q0g8zj31iacmyx6y.jpg,
https://wx2.sinaimg.cn/large/006L6zHFly1ho95oxump1j30rh44m4jj.jpg,
https://wx2.sinaimg.cn/large/006L6zHFly1ho95p2zpicj30rh3q6wz6.jpg,
https://wx2.sinaimg.cn/large/006L6zHFly1ho95p3oryzj30rh3q2nfw.jpg,
https://wx2.sinaimg.cn/large/006L6zHFly1hu0435g1k5j317rb2v4qs.jpg,
https://wx2.sinaimg.cn/large/006L6zHFly1hu0437qub9j317rarwu0z.jpg,
https://wx2.sinaimg.cn/large/007Y7SRMly1hiqgcp325ij30u00xsdjt.jpg,
https://wx2.sinaimg.cn/large/007eTZSkgy1hqsysiylpkj32c0340e83.jpg,
https://wx2.sinaimg.cn/large/007esuQcgy1hrllegxq99j32bc1jkb2c.jpg,
https://wx2.sinaimg.cn/large/008CG0LZly1hpeuhpmmboj30rs5gvb29.jpg,
https://wx2.sinaimg.cn/large/008CG0LZly1hpeuicro6gj30yq2udkg8.jpg,
https://wx2.sinaimg.cn/large/008CG0LZly1hplufvyackj30nm61a1ky.jpg,
https://wx2.sinaimg.cn/large/008E5lT3gy1hrp5b6awrsj33344uqqvc.jpg,
https://wx2.sinaimg.cn/large/008E5lT3gy1hrp5c2cxxxj32ys4g51l5.jpg,
https://wx2.sinaimg.cn/large/008cP5qlgy1hl4y8aidhpj30u03nkh25.jpg,
https://wx2.sinaimg.cn/large/008lBn3yly1hr1tjfz8v6j30ku0u0n2o.jpg,
https://wx2.sinaimg.cn/large/008lBn3yly1hr1tjgyt9ej30ku0u079l.jpg,
https://wx2.sinaimg.cn/large/008pjkSJly1hn0jj94r70j313b0qoqc6.jpg,
https://wx2.sinaimg.cn/large/008v9Qjoly1hu25ipwy6ej30f00f0wij.jpg,
https://wx2.sinaimg.cn/large/008v9Qjoly1hu25iw61pbj30f00f00wc.jpg,
https://wx2.sinaimg.cn/large/008v9Qjoly1hu25jog6c6j30u03h1x6p.jpg,
https://wx2.sinaimg.cn/large/008yZud0ly1hpmmd2eb1mj318g2p8e81.jpg,
https://wx2.sinaimg.cn/large/4d3b3ef6gy1hjealcxrhej23k0200u0z.jpg,
https://wx2.sinaimg.cn/large/4d3b3ef6gy1hjeamgn6a2j21zy3k07wk.jpg,
https://wx2.sinaimg.cn/large/4d3b3ef6gy1hjeamupl2xj23k0200x6r.jpg,
https://wx2.sinaimg.cn/large/63c83fa8ly1hk52j6mhpej22fc3n1npf.jpg,
https://wx2.sinaimg.cn/large/6e7ad70fgy1hs1iyaw65xj20xc175qv5.jpg,
https://wx2.sinaimg.cn/large/6e7ad70fgy1hs1iyee0rej22a22a1b2a.jpg,
https://wx2.sinaimg.cn/large/6f5f4997gy1hlxpcyho7hj24802tcb2d.jpg,
https://wx2.sinaimg.cn/large/6f5f4997gy1hlxpd70og0j24w07c0npq.jpg,
https://wx2.sinaimg.cn/large/6f5f4997gy1hlxpdi1ksdj27c04cy1l9.jpg,
https://wx2.sinaimg.cn/large/7bf2aec7gy1hircqk3h64j20rs6p3e84.jpg,
https://wx2.sinaimg.cn/large/7bf2aec7gy1hircrq1125j23uw2cgnpi.jpg,
https://wx2.sinaimg.cn/large/7bf2aec7gy1hircs8fpd8j216v2474qp.jpg,
https://wx2.sinaimg.cn/large/7bf2aec7gy1hircsl34tpj23uw277e87.jpg,
https://wx2.sinaimg.cn/large/7bf2aec7gy1hj314soquaj22803y8e81.jpg,
https://wx2.sinaimg.cn/large/7bf2aec7gy1hjechev6opj22003lgkjn.jpg,
https://wx2.sinaimg.cn/large/7bf2aec7gy1hjechn75uoj23k0200hdv.jpg,
https://wx2.sinaimg.cn/large/7bf2aec7gy1hjeci29pz7j22053k01l0.jpg,
https://wx2.sinaimg.cn/large/7bf2aec7gy1hjecie9p9xj22053k04qs.jpg,
https://wx2.sinaimg.cn/large/7bf2aec7gy1hjh0rl8nwxj21rt2dthdu.jpg,
https://wx2.sinaimg.cn/large/7bf2aec7gy1hk2z6yn5ebj222l33wx6p.jpg,
https://wx2.sinaimg.cn/large/7bf2aec7gy1hkj2pz2jb3j23402c04qr.jpg,
https://wx2.sinaimg.cn/large/7bf2aec7gy1hkom0lscbjj22p541phdy.jpg,
https://wx2.sinaimg.cn/large/7bf2aec7gy1hkwocwc2atj22c0340x6q.jpg,
https://wx2.sinaimg.cn/large/7bf2aec7gy1hkwod6fdcmj22c0340b2a.jpg,
https://wx2.sinaimg.cn/large/7bf2aec7gy1hl3zcfkj45j21z62yr1ky.jpg,
https://wx2.sinaimg.cn/large/7bf2aec7gy1hl3zcj415sj23uw2g0u11.jpg,
https://wx2.sinaimg.cn/large/7bf2aec7gy1hl3zd1293kj22c03407wi.jpg,
https://wx2.sinaimg.cn/large/7bf2aec7gy1hl3zde5107j23k02gckjp.jpg,
https://wx2.sinaimg.cn/large/7bf2aec7gy1hl58mhfvklj22mt3y8qva.jpg,
https://wx2.sinaimg.cn/large/7bf2aec7gy1hl58mx6kgdj22mt3y87wn.jpg,
https://wx2.sinaimg.cn/large/7bf2aec7gy1hl58okqsomj23y82mt1l2.jpg,
https://wx2.sinaimg.cn/large/7bf2aec7gy1hl58qdkxrzj22mt3y7u12.jpg,
https://wx2.sinaimg.cn/large/7bf2aec7gy1hlxu0apfylj22kf3uw4qt.jpg,
https://wx2.sinaimg.cn/large/7bf2aec7gy1hlxu0hw19pj22kl3xiu0z.jpg,
https://wx2.sinaimg.cn/large/7bf2aec7gy1hmfd1ja24oj23402c01l0.jpg,
https://wx2.sinaimg.cn/large/7bf2aec7gy1hmfd1kmiy6j23402c01kz.jpg,
https://wx2.sinaimg.cn/large/7bf2aec7gy1hmgiis31mpj21sc2dsx6q.jpg,
https://wx2.sinaimg.cn/large/7bf2aec7gy1hmxstz0gijj22xs4eonpg.jpg,
https://wx2.sinaimg.cn/large/7bf2aec7gy1hmxue2k0iij22xs4eox6t.jpg,
https://wx2.sinaimg.cn/large/7bf2aec7gy1hmxuemc07fj22xs4eou10.jpg,
https://wx2.sinaimg.cn/large/7bf2aec7gy1hnajizhjhqj22c02c01kz.jpg,
https://wx2.sinaimg.cn/large/7bf2aec7gy1hoagok2zrwj22c0340b2a.jpg,
https://wx2.sinaimg.cn/large/7bf2aec7gy1holw7hmq00j24eo2xsx6s.jpg,
https://wx2.sinaimg.cn/large/7bf2aec7gy1holwdw9nmnj22xs4eox6s.jpg,
https://wx2.sinaimg.cn/large/7bf2aec7gy1holwe608o3j22xs4eo4qt.jpg,
https://wx2.sinaimg.cn/large/7bf2aec7gy1hon0c7zy34j22xs4eou11.jpg,
https://wx2.sinaimg.cn/large/7bf2aec7gy1hp12gu54ivj22xz4eoqv9.jpg,
https://wx2.sinaimg.cn/large/7bf2aec7gy1hp6ytmfqxvj22xs4eoqv8.jpg,
https://wx2.sinaimg.cn/large/7bf2aec7gy1hpw7mkxi53j23uw264e84.jpg,
https://wx2.sinaimg.cn/large/7bf2aec7gy1hpw7n7ent2j22kn3uwx6s.jpg,
https://wx2.sinaimg.cn/large/7bf2aec7gy1hpw7naxmmsj23uw228hdv.jpg,
https://wx2.sinaimg.cn/large/7bf2aec7gy1hqi2ywq7puj23402c0qv6.jpg,
https://wx2.sinaimg.cn/large/7bf2aec7gy1hqjcbbj8e2j234022ae82.jpg,
https://wx2.sinaimg.cn/large/7bf2aec7gy1hqw1cc4lagj24eo2xukjr.jpg,
https://wx2.sinaimg.cn/large/7bf2aec7gy1hqw1cwefopj22xu4j1x6u.jpg,
https://wx2.sinaimg.cn/large/7bf2aec7gy1hqw1d614t3j24eo2xue87.jpg,
https://wx2.sinaimg.cn/large/7bf2aec7gy1hr7n3jqd66j20zu25okjl.jpg,
https://wx2.sinaimg.cn/large/7bf2aec7gy1hriuwkupwfj20sg0sgx18.jpg,
https://wx2.sinaimg.cn/large/7bf2aec7gy1hriuzqpcs0j22c0340u0z.jpg,
https://wx2.sinaimg.cn/large/7bf2aec7gy1hrr8nnzfw2j22kl3uwkjp.jpg,
https://wx2.sinaimg.cn/large/7bf2aec7gy1hrr8vs314zj23uw264u10.jpg,
https://wx2.sinaimg.cn/large/7bf2aec7gy1hrr8vusxq1j23uw2km7wo.jpg,
https://wx2.sinaimg.cn/large/7bf2aec7gy1hrr8vxwnfoj22kl3uwnpj.jpg,
https://wx2.sinaimg.cn/large/7bf2aec7gy1hsj224cck1j226o39skjn.jpg,
https://wx2.sinaimg.cn/large/7bf2aec7gy1hsj26tqpodj21i729akjl.jpg,
https://wx2.sinaimg.cn/large/7bf2aec7gy1hsqz93amh0j22we1xmkjm.jpg,
https://wx2.sinaimg.cn/large/7bf2aec7gy1hsqz95h05ij21z12yj1kz.jpg,
https://wx2.sinaimg.cn/large/7bf2aec7gy1hsqz99956rj21zx3fkb2b.jpg,
https://wx2.sinaimg.cn/large/7bf2aec7gy1hsrrsr1ebtj21sc2dsnpe.jpg,
https://wx2.sinaimg.cn/large/7bf2aec7gy1hsrrsrttufj21jy2dsu0x.jpg,
https://wx2.sinaimg.cn/large/7bf2aec7gy1hswu31btdkj22ty4eo7wj.jpg,
https://wx2.sinaimg.cn/large/7bf2aec7gy1hswu33tkj5j22xs4eo1kz.jpg,
https://wx2.sinaimg.cn/large/7bf2aec7gy1hswu36cvlgj22xs4eo4qr.jpg,
https://wx2.sinaimg.cn/large/7bf2aec7gy1hswu3b9boqj24ej2xpx6q.jpg,
https://wx2.sinaimg.cn/large/7bf2aec7gy1hszhrbihrkj20dr0g8q33.jpg,
https://wx2.sinaimg.cn/large/7bf2aec7gy1ht3v3a69l1j22uv4eohdx.jpg,
https://wx2.sinaimg.cn/large/7bf2aec7gy1ht3v3g1lh8j24eo2td4qt.jpg,
https://wx2.sinaimg.cn/large/7bf2aec7gy1ht3v3xducsj22xs4eob2d.jpg,
https://wx2.sinaimg.cn/large/7bf2aec7gy1hty1u2hrdnj21sc28g7vq.jpg,
https://wx2.sinaimg.cn/large/7bf2aec7gy1hty1u41q67j22yo1o0kjm.jpg,
https://wx2.sinaimg.cn/large/7bf2aec7ly1hk7qdoaxb3j21ry1aih9r.jpg,
https://wx2.sinaimg.cn/large/7bf2aec7ly1hmhn9n0lyvj21z00ws4ap.jpg,
https://wx2.sinaimg.cn/large/7bf2aec7ly1hmhna8kl56j22c0340e82.jpg,
https://wx2.sinaimg.cn/large/7bf2aec7ly1hmigjt0j9cj22kl3uwkjn.jpg,
https://wx2.sinaimg.cn/large/7bf2aec7ly1hmigk7my09j22kl3wvqv8.jpg,
https://wx2.sinaimg.cn/large/7bf2aec7ly1hmigkctq41j22kl3uwb2c.jpg,
https://wx2.sinaimg.cn/large/7bf2aec7ly1hmigkhpkm7j23uw2klb2b.jpg,
https://wx2.sinaimg.cn/large/7bf2aec7ly1hmigkn9ymlj22kl3uw7wk.jpg,
https://wx2.sinaimg.cn/large/7bf2aec7ly1ht2pnyffgmj22c0340kjn.jpg,
https://wx2.sinaimg.cn/large/7bf2aec7ly1hu9cdbq5v1j22c0340e82.jpg,
https://wx2.sinaimg.cn/large/8ad07252gy1hpq17aup01j21ke12shdu.jpg,
https://wx2.sinaimg.cn/large/93b2d7e8ly1hkm8p2j3u0j20ku1t07wh.jpg,
https://wx2.sinaimg.cn/large/96dd1495ly1hndwp6w20vj20p00xc7db.jpg,
https://wx2.sinaimg.cn/large/96dd1495ly1hndwp9n4b8j20qe0z7aip.jpg,
https://wx2.sinaimg.cn/large/96dd1495ly1hndwpb0k4rj20qe3o84qp.jpg,
https://wx2.sinaimg.cn/large/96dd1495ly1hndwpb0os7j20qe3pw4qp.jpg,
https://wx2.sinaimg.cn/large/96dd1495ly1hndwpbs8zhj20qe4z6hdt.jpg,
https://wx2.sinaimg.cn/large/96dd1495ly1hndwpethljj20qe4ii7wh.jpg,
https://wx2.sinaimg.cn/large/96dd1495ly1ho4iov9066j20u00u0418.jpg,
https://wx2.sinaimg.cn/large/a9d238e9gy1hqetje9pokj22bc4mokjo.jpg,
https://wx2.sinaimg.cn/large/a9d238e9gy1hqetjne2ibj22bc4mou0z.jpg,
https://wx2.sinaimg.cn/large/a9d238e9gy1hqfyyduz53j20u01o0wki.jpg,
https://wx2.sinaimg.cn/large/bae18adbgy1hnkvxvr8cmj20rs3nsqv5.jpg,
https://wx2.sinaimg.cn/large/c02b9d0bly1hqlp4k8u8hj21ww2pgx6q.jpg,
https://wx2.sinaimg.cn/large/c02b9d0bly1hqlp4rb55uj215c31s1ky.jpg,
https://wx2.sinaimg.cn/large/c02b9d0bly1hrxts8gy80j215c2ys7wh.jpg,
https://wx2.sinaimg.cn/orj480/002mDDAAly1hjr9eruehjj62yo1o07wh02.jpg,
https://wx2.sinaimg.cn/orj480/006iu57Xgy1hip8agl0glj32691807wj.jpg,
https://wx2.sinaimg.cn/orj480/008cP5qlly1hkz2hcq7yzj30k00zk0u7.jpg,
https://wx2.sinaimg.cn/orj480/6f5f4997gy1hjebvu6louj20mi0u0454.jpg,
https://wx2.sinaimg.cn/orj480/7bf2aec7gy1g8xe76km9jj21400mjkam.jpg,
https://wx2.sinaimg.cn/orj480/7bf2aec7gy1h07ci8kf7qj20k00qogq2.jpg,
https://wx2.sinaimg.cn/orj480/7bf2aec7gy1h0qxiyea75j20u01hc41l.jpg,
https://wx2.sinaimg.cn/orj480/7bf2aec7gy1h1stqztxp3j20u01hcdie.jpg,
https://wx2.sinaimg.cn/orj480/7bf2aec7gy1h1v3m2xfzdj20u0140n9v.jpg,
https://wx2.sinaimg.cn/orj480/7bf2aec7gy1h2ernfynm3j20u01hc0vg.jpg,
https://wx2.sinaimg.cn/orj480/7bf2aec7gy1h4uwe1wff6j20u01hcdi3.jpg,
https://wx2.sinaimg.cn/orj480/7bf2aec7gy1h50mcfs6k8j20u0140k4b.jpg,
https://wx2.sinaimg.cn/orj480/7bf2aec7gy1h5z8abinlzj20u01hc46u.jpg,
https://wx2.sinaimg.cn/orj480/7bf2aec7gy1h6fpvzs0vmj20g00sg77g.jpg,
https://wx2.sinaimg.cn/orj480/7bf2aec7gy1h7bm63rm6mj20u0141ajq.jpg,
https://wx2.sinaimg.cn/orj480/7bf2aec7gy1h7m3czw6f2j20k00qoju0.jpg,
https://wx2.sinaimg.cn/orj480/7bf2aec7gy1h7syfxfwgzj20u014112y.jpg,
https://wx2.sinaimg.cn/orj480/7bf2aec7gy1h8e1dm6rq6j20u0141tfv.jpg,
https://wx2.sinaimg.cn/orj480/7bf2aec7gy1h8m989jc7lj20u01hcdo1.jpg,
https://wx2.sinaimg.cn/orj480/7bf2aec7gy1h8rwqk3f6wj20u0141guu.jpg,
https://wx2.sinaimg.cn/orj480/7bf2aec7gy1h9he769ipgj20s41dw7cs.jpg,
https://wx2.sinaimg.cn/orj480/7bf2aec7gy1h9oa6eo8rsj20u01hckdl.jpg,
https://wx2.sinaimg.cn/orj480/7bf2aec7gy1h9rrljodo7j20u01hctmt.jpg,
https://wx2.sinaimg.cn/orj480/7bf2aec7gy1ha286tgdcvj20u01417b0.jpg,
https://wx2.sinaimg.cn/orj480/7bf2aec7gy1hapav3gri9j20u01hcjub.jpg,
https://wx2.sinaimg.cn/orj480/7bf2aec7gy1haxemipz0ij21hc0u00xy.jpg,
https://wx2.sinaimg.cn/orj480/7bf2aec7gy1hazpg38zm6j20u01410wj.jpg,
https://wx2.sinaimg.cn/orj480/7bf2aec7gy1hbtrxgkty0j20u0141wot.jpg,
https://wx2.sinaimg.cn/orj480/7bf2aec7gy1hc1kei4770j20u0141qbv.jpg,
https://wx2.sinaimg.cn/orj480/7bf2aec7gy1hc51ksezgcj20u0141woq.jpg,
https://wx2.sinaimg.cn/orj480/7bf2aec7gy1hcbz699gcnj20u0141afq.jpg,
https://wx2.sinaimg.cn/orj480/7bf2aec7gy1hcop7f6jldj20u0141dqr.jpg,
https://wx2.sinaimg.cn/orj480/7bf2aec7gy1hcpuadebsfj20u01hc7h8.jpg,
https://wx2.sinaimg.cn/orj480/7bf2aec7gy1hd0957edimj20u0140gwn.jpg,
https://wx2.sinaimg.cn/orj480/7bf2aec7gy1hdj1aot8x0j20u0141qbv.jpg,
https://wx2.sinaimg.cn/orj480/7bf2aec7gy1hdpolxdixnj20u0141toe.jpg,
https://wx2.sinaimg.cn/orj480/7bf2aec7gy1he6a9811hwj20u01hcgub.jpg,
https://wx2.sinaimg.cn/orj480/7bf2aec7gy1heahz1wfhbj20u01417h7.jpg,
https://wx2.sinaimg.cn/orj480/7bf2aec7gy1heilmr752rj20k00qpn2z.jpg,
https://wx2.sinaimg.cn/orj480/7bf2aec7gy1henglgn5t5j20u01hcq3c.jpg,
https://wx2.sinaimg.cn/orj480/7bf2aec7gy1hevbdx1m9yj20u01417ds.jpg,
https://wx2.sinaimg.cn/orj480/7bf2aec7gy1hf8j8mfn2gj20u01hcdy3.jpg,
https://wx2.sinaimg.cn/orj480/7bf2aec7gy1hfjln0cooxj20u0141qeq.jpg,
https://wx2.sinaimg.cn/orj480/7bf2aec7gy1hfu0adcoqjj21o0281npd.jpg,
https://wx2.sinaimg.cn/orj480/7bf2aec7gy1hfvgcemb8zj21o02814qp.jpg,
https://wx2.sinaimg.cn/orj480/7bf2aec7gy1hgo2pvwi24j20u014113p.jpg,
https://wx2.sinaimg.cn/orj480/7bf2aec7gy1hhduchgfwlj20u014113c.jpg,
https://wx2.sinaimg.cn/orj480/7bf2aec7gy1hhva49ulprj21o0281b29.jpg,
https://wx2.sinaimg.cn/orj480/7bf2aec7gy1hhylsyz10gj20u014113e.jpg,
https://wx2.sinaimg.cn/orj480/7bf2aec7gy1hih8mgtkx8j20u0141gxu.jpg,
https://wx2.sinaimg.cn/orj480/7bf2aec7gy1hijlwlny5oj21o0281b29.jpg,
https://wx2.sinaimg.cn/orj480/7bf2aec7gy1hiunjjls6qj21hc0u0gpl.jpg,
https://wx2.sinaimg.cn/orj480/7bf2aec7gy1hixe5vi3nfj20u0141n6u.jpg,
https://wx2.sinaimg.cn/orj480/7bf2aec7gy1hiym5tm7b9j21o02817wh.jpg,
https://wx2.sinaimg.cn/orj480/7bf2aec7gy1hj0u21633lj20u0141gto.jpg,
https://wx2.sinaimg.cn/orj480/7bf2aec7gy1hj1zj0f6qzj20u014148k.jpg,
https://wx2.sinaimg.cn/orj480/7bf2aec7gy1hjfxvwom9ej20u0141tlv.jpg,
https://wx2.sinaimg.cn/orj480/7bf2aec7gy1hjkhiuoya6j21o0281e81.jpg,
https://wx2.sinaimg.cn/orj480/7bf2aec7gy1hjlpd6wi29j20u0141q9l.jpg,
https://wx2.sinaimg.cn/orj480/7bf2aec7gy1hjrf3f8vbtj21o0281kjl.jpg,
https://wx2.sinaimg.cn/orj480/7bf2aec7gy1hjsmbjsp44j20u0141net.jpg,
https://wx2.sinaimg.cn/orj480/7bf2aec7gy1hki6gedju6j217k0oijyg.jpg,
https://wx2.sinaimg.cn/orj480/7bf2aec7gy1hkk1gbrhqcj20u01hc0y9.jpg,
https://wx2.sinaimg.cn/orj480/7bf2aec7gy1hkoy29j2xnj20u0141ws8.jpg,
https://wx2.sinaimg.cn/orj480/7bf2aec7gy1hl6ao3a2nej21o0281npd.jpg,
https://wx2.sinaimg.cn/orj480/7bf2aec7gy1hlzdd55d1nj21o0281kjl.jpg,
https://wx2.sinaimg.cn/orj480/7bf2aec7gy1hmd2nd31eij20om0wu7fg.jpg,
https://wx2.sinaimg.cn/orj480/7bf2aec7gy1hmn697k8plj20u014113y.jpg,
https://wx2.sinaimg.cn/orj480/7bf2aec7gy1hn1ba4a7h5j20u0141tn4.jpg,
https://wx2.sinaimg.cn/orj480/7bf2aec7gy1hn5z16bjqpj20u01hcdrh.jpg,
https://wx2.sinaimg.cn/orj480/7bf2aec7gy1hnbpfdmnngj21o0281b29.jpg,
https://wx2.sinaimg.cn/orj480/7bf2aec7gy1hnhjdpsmj0j21o0281e81.jpg,
https://wx2.sinaimg.cn/orj480/7bf2aec7gy1hnu9g996cij21o0281b29.jpg,
https://wx2.sinaimg.cn/orj480/7bf2aec7gy1hnwjwneinvj21o02817wh.jpg,
https://wx2.sinaimg.cn/orj480/7bf2aec7gy1ho1bclodhzj21o02804qm.jpg,
https://wx2.sinaimg.cn/orj480/7bf2aec7gy1ho4msu4jhwj21o0281e81.jpg,
https://wx2.sinaimg.cn/orj480/7bf2aec7gy1ho5gqv125zj21o02811kx.jpg,
https://wx2.sinaimg.cn/orj480/7bf2aec7gy1ho6y41lbsdj21hc0u0k1u.jpg,
https://wx2.sinaimg.cn/orj480/7bf2aec7gy1ho86p5pimjj21o02811kx.jpg,
https://wx2.sinaimg.cn/orj480/7bf2aec7gy1ho9cp8f1zjj21o0281tvl.jpg,
https://wx2.sinaimg.cn/orj480/7bf2aec7gy1hom13p1e5kj21o0281nms.jpg,
https://wx2.sinaimg.cn/orj480/7bf2aec7gy1hov8z1o6cej20u0141494.jpg,
https://wx2.sinaimg.cn/orj480/7bf2aec7gy1hp5o80toshj20u01hcwsn.jpg,
https://wx2.sinaimg.cn/orj480/7bf2aec7gy1hq3coh06bfj21400u0qa0.jpg,
https://wx2.sinaimg.cn/orj480/7bf2aec7gy1hqi7q13h0vj20u0141ajf.jpg,
https://wx2.sinaimg.cn/orj480/7bf2aec7gy1hrh0drpicwj21o0281tyx.jpg,
https://wx2.sinaimg.cn/orj480/7bf2aec7gy1hri1hgxapdj20u0141ahn.jpg,
https://wx2.sinaimg.cn/orj480/7bf2aec7gy1hrms60l030j21401hdaq7.jpg,
https://wx2.sinaimg.cn/orj480/7bf2aec7gy1hrsb2p3ihej20u01hcn6d.jpg,
https://wx2.sinaimg.cn/orj480/7bf2aec7gy1hs8rda17o4j21401hd4f4.jpg,
https://wx2.sinaimg.cn/orj480/7bf2aec7gy1hsj4ny77hrj21hc0u0tqe.jpg,
https://wx2.sinaimg.cn/orj480/7bf2aec7gy1ht7ark95t4j22yo1o0kjl.jpg,
https://wx2.sinaimg.cn/orj480/7bf2aec7gy1htxvj9mfwjj21o02811kx.jpg,
https://wx2.sinaimg.cn/orj480/7bf2aec7gy1hu4witbgupj21o0281b29.jpg,
https://wx2.sinaimg.cn/orj480/7bf2aec7ly1gxdkmlo6p5j20k00zk3zp.jpg,
https://wx2.sinaimg.cn/orj480/7bf2aec7ly1hdvh0bclyuj20u0141h1j.jpg,
https://wx2.sinaimg.cn/orj480/7bf2aec7ly1hgf379p4uoj20u01hcwm5.jpg,
https://wx2.sinaimg.cn/orj480/7bf2aec7ly1hhg66rhs9qj20u01hc1ai.jpg,
https://wx2.sinaimg.cn/orj480/7bf2aec7ly1hhoatzwzu9j20u0141n1w.jpg,
https://wx2.sinaimg.cn/orj480/7bf2aec7ly1hiet3lizqpj20u0141n7b.jpg,
https://wx2.sinaimg.cn/orj480/7bf2aec7ly1hj6nohbclzj20u0141n8m.jpg,
https://wx2.sinaimg.cn/orj480/7bf2aec7ly1hknt0zv4urj20u0141nbf.jpg,
https://wx2.sinaimg.cn/orj480/7bf2aec7ly1hlvmq0ofvjj22yo1o07wh.jpg,
https://wx2.sinaimg.cn/orj480/7bf2aec7ly1hmrzw7ezkhj22yo1o0kjl.jpg,
https://wx2.sinaimg.cn/orj480/7bf2aec7ly1hou22j5uajj22yo1o0qv5.jpg,
https://wx2.sinaimg.cn/orj480/7bf2aec7ly1hpfx068dscj21o02817wh.jpg,
https://wx2.sinaimg.cn/orj480/7bf2aec7ly1hrtc0a872fj20u01hcwh2.jpg,
https://wx2.sinaimg.cn/orj480/7bf2aec7ly1hruqzza4ecj22yo1o0kjl.jpg,
https://wx2.sinaimg.cn/orj480/7bf2aec7ly1hs557nrky3j21o02814qp.jpg,
https://wx2.sinaimg.cn/orj480/7bf2aec7ly1hue4yjigg3j21o02817wh.jpg,
https://wx2.sinaimg.cn/orj480/ec523a00gy1hs7h5f6u02j21o02817qd.jpg,
https://wx3.sinaimg.cn/large/001lb2Prgy1ho6raow3qej63zk2ns7wj02.jpg,
https://wx3.sinaimg.cn/large/001lb2Prgy1ho6rasv9o3j63zk2ns4qr02.jpg,
https://wx3.sinaimg.cn/large/001lb2Prgy1ho6raw56jkj63zk2ns4qr02.jpg,
https://wx3.sinaimg.cn/large/001lb2Prgy1ho6ryjucirj63zk2nsqv702.jpg,
https://wx3.sinaimg.cn/large/005NJNlBgy1hspynbk9yij30u0140ak0.jpg,
https://wx3.sinaimg.cn/large/005NJNlBgy1hspyncnqx4j30u0140dpl.jpg,
https://wx3.sinaimg.cn/large/005NJNlBgy1hspyndu983j30u014011w.jpg,
https://wx3.sinaimg.cn/large/005NJNlBgy1hspynewrl6j30u0140tjk.jpg,
https://wx3.sinaimg.cn/large/005NJNlBgy1hspynhuqebj30u014011i.jpg,
https://wx3.sinaimg.cn/large/005sq2Yvly1hj78rsby6fj617g2doe8202.jpg,
https://wx3.sinaimg.cn/large/005u6WWTly1hjk4l4wy2bj30xc12wgu0.jpg,
https://wx3.sinaimg.cn/large/005wEnUTgy1hozhh8ifajj32003k0u0y.jpg,
https://wx3.sinaimg.cn/large/0062vxOTgy1hq464xmylqj34g06o0he3.jpg,
https://wx3.sinaimg.cn/large/0062vxOTgy1hq464zytisj30sg1kvgzi.jpg,
https://wx3.sinaimg.cn/large/0062vxOTgy1hq465mf8n8j34g06o04r0.jpg,
https://wx3.sinaimg.cn/large/0069Cdb8gy1hrr3hltfxpj30m84kce81.jpg,
https://wx3.sinaimg.cn/large/0069Cdb8gy1hrr3hu33o3j30m83937wh.jpg,
https://wx3.sinaimg.cn/large/0069Cdb8gy1hrr3ie8mysj30m82gbx2s.jpg,
https://wx3.sinaimg.cn/large/006KN4Iggy1hpcj9jrqelj31k6cn3e84.jpg,
https://wx3.sinaimg.cn/large/006L6zHFly1ho95ox6xcxj30rh1x2k99.jpg,
https://wx3.sinaimg.cn/large/006L6zHFly1ho95p106ftj30rh4y3e63.jpg,
https://wx3.sinaimg.cn/large/006L6zHFly1ho95p1p6lcj30rh4zctym.jpg,
https://wx3.sinaimg.cn/large/006L6zHFly1hu043932q5j317r7j5npf.jpg,
https://wx3.sinaimg.cn/large/006rylcwly8hsuh0zz41vj30w60g6acx.jpg,
https://wx3.sinaimg.cn/large/007eTZSkgy1hqsyslmt8bj33k02o0b2b.jpg,
https://wx3.sinaimg.cn/large/007esuQcgy1hrlleeshhrj31hn2bcqv5.jpg,
https://wx3.sinaimg.cn/large/007esuQcgy1hrllef7jouj31jk2bc7wi.jpg,
https://wx3.sinaimg.cn/large/007esuQcgy1hrllefaqv9j32bc1jkb2a.jpg,
https://wx3.sinaimg.cn/large/007esuQcgy1hrllegvwulj32bc1jj1l0.jpg,
https://wx3.sinaimg.cn/large/008CG0LZly1hoylgh8w56j30yq1ab4qp.jpg,
https://wx3.sinaimg.cn/large/008CG0LZly1hoylgn909aj30yq1ab7wh.jpg,
https://wx3.sinaimg.cn/large/008CG0LZly1hpeuhvllkaj30rs4694qq.jpg,
https://wx3.sinaimg.cn/large/008CG0LZly1hpeui3q2l7j30yq1yvb29.jpg,
https://wx3.sinaimg.cn/large/008CG0LZly1hpeuibdedoj30yq2wv1ky.jpg,
https://wx3.sinaimg.cn/large/008CG0LZly1hplv2qqw0rj30nm2t7b29.jpg,
https://wx3.sinaimg.cn/large/008E5lT3gy1hrp5ble3g1j333455iqvc.jpg,
https://wx3.sinaimg.cn/large/008E5lT3gy1hrp5brzzw1j33c1501npm.jpg,
https://wx3.sinaimg.cn/large/008cP5qlgy1hl4ycz3i82j30sy1n8hdt.jpg,
https://wx3.sinaimg.cn/large/008cP5qlgy1hl4ydkbmvij311m1maqv5.jpg,
https://wx3.sinaimg.cn/large/008lBn3yly1hr1rui6fzvj30u0140k0k.jpg,
https://wx3.sinaimg.cn/large/008lBn3yly1hr1tjfm79qj30ku0u00y9.jpg,
https://wx3.sinaimg.cn/large/008lBn3yly1hr1tjgopk4j30ku0u079e.jpg,
https://wx3.sinaimg.cn/large/008pjkSJly1hn0gz7l4j2j32dc3k0b2a.jpg,
https://wx3.sinaimg.cn/large/008pjkSJly1hn0jia38h7j31tx2hs7wh.jpg,
https://wx3.sinaimg.cn/large/008v9Qjoly1hu25ir7e2gj30f00f0jvq.jpg,
https://wx3.sinaimg.cn/large/008v9Qjoly1hu25j9kp2uj30u03s9kjm.jpg,
https://wx3.sinaimg.cn/large/008v9Qjoly1hu25jomzykj30u04xc1kz.jpg,
https://wx3.sinaimg.cn/large/008yZud0ly1hpmmcdy1ruj318g1ok1kx.jpg,
https://wx3.sinaimg.cn/large/008yZud0ly1hpmmcf78gpj318g1ok4pf.jpg,
https://wx3.sinaimg.cn/large/008yZud0ly1hpmmcq1pfvj318g8y84qt.jpg,
https://wx3.sinaimg.cn/large/008yZud0ly1hpmmd0zp7pj318g3e8b2a.jpg,
https://wx3.sinaimg.cn/large/008yZud0ly1hpmmd564j6j318g4x8u0y.jpg,
https://wx3.sinaimg.cn/large/008yZud0ly1hpmmd7v7pvj318g3uw1ky.jpg,
https://wx3.sinaimg.cn/large/4d3b3ef6gy1hjeam0ihj9j23kw6dc7wp.jpg,
https://wx3.sinaimg.cn/large/6e7ad70fgy1hs1iy73vbsj20xc18p1kx.jpg,
https://wx3.sinaimg.cn/large/6e7ad70fgy1hs1iydndhjj22a02a1npe.jpg,
https://wx3.sinaimg.cn/large/6e7ad70fgy1hs1iydo5nmj22a22a1npe.jpg,
https://wx3.sinaimg.cn/large/6f5f4997gy1hlxpcer0mij24w07c0kk0.jpg,
https://wx3.sinaimg.cn/large/6f5f4997gy1hlxpdyssdij24w07c0qvm.jpg,
https://wx3.sinaimg.cn/large/71856dd5gy1hk7deyz2ivg20go0ea4qy.gif,
https://wx3.sinaimg.cn/large/7bf2aec7gy1hircs5w5cfj23uw2hbhe0.jpg,
https://wx3.sinaimg.cn/large/7bf2aec7gy1hircs7h16xj21qc32tb2a.jpg,
https://wx3.sinaimg.cn/large/7bf2aec7gy1hird9wc2xcj23uw285x6s.jpg,
https://wx3.sinaimg.cn/large/7bf2aec7gy1hismrdvqxfj235s23u7wk.jpg,
https://wx3.sinaimg.cn/large/7bf2aec7gy1hismrh5c0kj223t35qnpf.jpg,
https://wx3.sinaimg.cn/large/7bf2aec7gy1hismrp7wpfj235s23ukjn.jpg,
https://wx3.sinaimg.cn/large/7bf2aec7gy1hismrrpm5qj235s23ub2b.jpg,
https://wx3.sinaimg.cn/large/7bf2aec7gy1hismrvadzmj239c268kjo.jpg,
https://wx3.sinaimg.cn/large/7bf2aec7gy1hisopb90j6j226839c7wj.jpg,
https://wx3.sinaimg.cn/large/7bf2aec7gy1hisopun9frj226839c4qs.jpg,
https://wx3.sinaimg.cn/large/7bf2aec7gy1hjechhj0dgj21zz3k0qv7.jpg,
https://wx3.sinaimg.cn/large/7bf2aec7gy1hjechzpsgdj21zz3k01l2.jpg,
https://wx3.sinaimg.cn/large/7bf2aec7gy1hjeci8jrg6j21zz3k04qt.jpg,
https://wx3.sinaimg.cn/large/7bf2aec7gy1hjecib7b5jj23k02001l0.jpg,
https://wx3.sinaimg.cn/large/7bf2aec7gy1hjecih7kj7j22053k0b2c.jpg,
https://wx3.sinaimg.cn/large/7bf2aec7gy1hjh0rfwditj22c03401kz.jpg,
https://wx3.sinaimg.cn/large/7bf2aec7gy1hjx8wrjhphj21tj38hkjm.jpg,
https://wx3.sinaimg.cn/large/7bf2aec7gy1hk2z6tknhvj23fr2azqv6.jpg,
https://wx3.sinaimg.cn/large/7bf2aec7gy1hk2z703iq0j222l33we82.jpg,
https://wx3.sinaimg.cn/large/7bf2aec7gy1hklh5em929j22mv3y8qv8.jpg,
https://wx3.sinaimg.cn/large/7bf2aec7gy1hkom0jqdpij237k4tcu10.jpg,
https://wx3.sinaimg.cn/large/7bf2aec7gy1hkom0q9zwyj235c2q4u0y.jpg,
https://wx3.sinaimg.cn/large/7bf2aec7gy1hkom2xt6q8j20zu0jmaji.jpg,
https://wx3.sinaimg.cn/large/7bf2aec7gy1hkwoczqrvjj20y61fau0x.jpg,
https://wx3.sinaimg.cn/large/7bf2aec7gy1hl3zclx8vij222l34n4qq.jpg,
https://wx3.sinaimg.cn/large/7bf2aec7gy1hl3zcqe3t6j22dc35sqv7.jpg,
https://wx3.sinaimg.cn/large/7bf2aec7gy1hl3zd4p37cj226839cqv6.jpg,
https://wx3.sinaimg.cn/large/7bf2aec7gy1hl58fa6hdvj20u0140777.jpg,
https://wx3.sinaimg.cn/large/7bf2aec7gy1hl58fd6m1lj23402c04qq.jpg,
https://wx3.sinaimg.cn/large/7bf2aec7gy1hl58nxx9rjj22mt3y8e87.jpg,
https://wx3.sinaimg.cn/large/7bf2aec7gy1hl58p8f07xj22mt3y8hdy.jpg,
https://wx3.sinaimg.cn/large/7bf2aec7gy1hl58qsnhogj23y82mthdy.jpg,
https://wx3.sinaimg.cn/large/7bf2aec7gy1hlpsqh6uftj21sc2ds4qq.jpg,
https://wx3.sinaimg.cn/large/7bf2aec7gy1hlwwrrgv5gj22mt3y8e83.jpg,
https://wx3.sinaimg.cn/large/7bf2aec7gy1hlxu0qtfpsj22kl3uwqv9.jpg,
https://wx3.sinaimg.cn/large/7bf2aec7gy1hm7bw6mmo4j20zu25oqv5.jpg,
https://wx3.sinaimg.cn/large/7bf2aec7gy1hmxue99o7kj24eo2xs7wl.jpg,
https://wx3.sinaimg.cn/large/7bf2aec7gy1hnajitfd31j222o340u0z.jpg,
https://wx3.sinaimg.cn/large/7bf2aec7gy1hnklty17wjj22c0340qv6.jpg,
https://wx3.sinaimg.cn/large/7bf2aec7gy1hnxr0azou3j22c0340hdw.jpg,
https://wx3.sinaimg.cn/large/7bf2aec7gy1hnxr0cl9vtj21sc2ds4qq.jpg,
https://wx3.sinaimg.cn/large/7bf2aec7gy1hp12gbmouyj23344adu13.jpg,
https://wx3.sinaimg.cn/large/7bf2aec7gy1hp12gh1x60j22th4eox6t.jpg,
https://wx3.sinaimg.cn/large/7bf2aec7gy1hp12h4bgdej24eo2rmhdy.jpg,
https://wx3.sinaimg.cn/large/7bf2aec7gy1hp12hgkg31j22xz4eohdz.jpg,
https://wx3.sinaimg.cn/large/7bf2aec7gy1hp12ig3ev3j24eo2qsb2e.jpg,
https://wx3.sinaimg.cn/large/7bf2aec7gy1hpo2k9kx3xj22c03401l0.jpg,
https://wx3.sinaimg.cn/large/7bf2aec7gy1hpw7moz6hlj236b1sbkjn.jpg,
https://wx3.sinaimg.cn/large/7bf2aec7gy1hpw7n307vdj22n53uw4qs.jpg,
https://wx3.sinaimg.cn/large/7bf2aec7gy1hqi327ja8rj21400u012a.jpg,
https://wx3.sinaimg.cn/large/7bf2aec7gy1hqw1crj4x1j22xu4eou11.jpg,
https://wx3.sinaimg.cn/large/7bf2aec7gy1hqw1d0wfyyj22xu4eo7wm.jpg,
https://wx3.sinaimg.cn/large/7bf2aec7gy1hr7n3gll3hj22c03407wk.jpg,
https://wx3.sinaimg.cn/large/7bf2aec7gy1hrenf7bezpj22h51ih1ky.jpg,
https://wx3.sinaimg.cn/large/7bf2aec7gy1hrr8nveb82j23uw265qv8.jpg,
https://wx3.sinaimg.cn/large/7bf2aec7gy1hrr8vm9eh3j23uw264kjp.jpg,
https://wx3.sinaimg.cn/large/7bf2aec7gy1hs3yweleuvj21l41z04nb.jpg,
https://wx3.sinaimg.cn/large/7bf2aec7gy1hs3ywhpvmuj22c0340u0x.jpg,
https://wx3.sinaimg.cn/large/7bf2aec7gy1hsj25a79x7j226o39shdv.jpg,
https://wx3.sinaimg.cn/large/7bf2aec7gy1hsqz96o7huj21el23whdt.jpg,
https://wx3.sinaimg.cn/large/7bf2aec7gy1hszhpg8jwcj20mc0pv0v9.jpg,
https://wx3.sinaimg.cn/large/7bf2aec7gy1ht3v2ya415j24eo2zwhdx.jpg,
https://wx3.sinaimg.cn/large/7bf2aec7gy1ht3v33vjy5j22xs4eonph.jpg,
https://wx3.sinaimg.cn/large/7bf2aec7ly1hk7qayg7d8j20pa16ywpm.jpg,
https://wx3.sinaimg.cn/large/7bf2aec7ly1hk7qb8t0mqj2242154x3o.jpg,
https://wx3.sinaimg.cn/large/7bf2aec7ly1hlbx9hsx42j22c0340u0z.jpg,
https://wx3.sinaimg.cn/large/7bf2aec7ly1hlbxf1fl1ij23402c07wk.jpg,
https://wx3.sinaimg.cn/large/7bf2aec7ly1hmhn9mikxkj20zf1qy7wj.jpg,
https://wx3.sinaimg.cn/large/7bf2aec7ly1hmhn9ni65gj20yq1pqh2u.jpg,
https://wx3.sinaimg.cn/large/7bf2aec7ly1hmhy24ju6sj22kl3uwnpg.jpg,
https://wx3.sinaimg.cn/large/7bf2aec7ly1hmigk0d0f5j22kl3uwqv8.jpg,
https://wx3.sinaimg.cn/large/93b2d7e8ly1hkm8oub20hj20ku1t0au6.jpg,
https://wx3.sinaimg.cn/large/93b2d7e8ly1hkm8pel1loj20ku1t0tth.jpg,
https://wx3.sinaimg.cn/large/96dd1495ly1hndwp4w4wrj20qe0z746h.jpg,
https://wx3.sinaimg.cn/large/96dd1495ly1hndwp50qhcj20qe0z77cp.jpg,
https://wx3.sinaimg.cn/large/96dd1495ly1hndwpb1bcoj20qe37a1kx.jpg,
https://wx3.sinaimg.cn/large/96dd1495ly1ho4iov72l0j20u00u0ad0.jpg,
https://wx3.sinaimg.cn/large/bae18adbgy1hnkvxt2350j20rs3spkjl.jpg,
https://wx3.sinaimg.cn/large/bae18adbgy1hnkvxwboi8j20rs3m9000.jpg,
https://wx3.sinaimg.cn/large/c02b9d0bly1hqlp4gr34sj215c2xax6p.jpg,
https://wx3.sinaimg.cn/large/c02b9d0bly1hqlpguclmdj215c28se81.jpg,
https://wx3.sinaimg.cn/large/c02b9d0bly1hqv29z1kq6j20pu2564fa.jpg,
https://wx3.sinaimg.cn/large/c02b9d0bly1hqv29zje5rj20w4256wwo.jpg,
https://wx3.sinaimg.cn/orj480/7bf2aec7gy1h1dolfuvhhj20u01hcq5b.jpg,
https://wx3.sinaimg.cn/orj480/7bf2aec7gy1h20vk9d4esj20sw12kjtv.jpg,
https://wx3.sinaimg.cn/orj480/7bf2aec7gy1h24ns6sobcj20u0140wrv.jpg,
https://wx3.sinaimg.cn/orj480/7bf2aec7gy1h3rb8n9r7cj20g00lcmzs.jpg,
https://wx3.sinaimg.cn/orj480/7bf2aec7gy1h3wbtx1q7gj20g00lc78f.jpg,
https://wx3.sinaimg.cn/orj480/7bf2aec7gy1h49s8hkdwjj20u0140wpc.jpg,
https://wx3.sinaimg.cn/orj480/7bf2aec7gy1h4ouvf7t20j20u0140jy8.jpg,
https://wx3.sinaimg.cn/orj480/7bf2aec7gy1h6ua6ax5ltj20u01hcaje.jpg,
https://wx3.sinaimg.cn/orj480/7bf2aec7gy1h75vacu6mej20u0141q4i.jpg,
https://wx3.sinaimg.cn/orj480/7bf2aec7gy1h7ph4s231aj20u0141k2n.jpg,
https://wx3.sinaimg.cn/orj480/7bf2aec7gy1h83d5w2kqoj20tc1344al.jpg,
https://wx3.sinaimg.cn/orj480/7bf2aec7gy1h85nkg3anyj20u01hch3t.jpg,
https://wx3.sinaimg.cn/orj480/7bf2aec7gy1h88hnk0tjoj20u01hcwr9.jpg,
https://wx3.sinaimg.cn/orj480/7bf2aec7gy1h8jwy9zxgnj20u01hc74q.jpg,
https://wx3.sinaimg.cn/orj480/7bf2aec7gy1h8t2617t3lj20u014110q.jpg,
https://wx3.sinaimg.cn/orj480/7bf2aec7gy1h95sqvryvdj20u01417ad.jpg,
https://wx3.sinaimg.cn/orj480/7bf2aec7gy1h983w4iducj20u014141v.jpg,
https://wx3.sinaimg.cn/orj480/7bf2aec7gy1h9swl7im9tj20u014144p.jpg,
https://wx3.sinaimg.cn/orj480/7bf2aec7gy1h9yqaosjfjj20u01hc7jw.jpg,
https://wx3.sinaimg.cn/orj480/7bf2aec7gy1ha3dlce8fsj20u0141aid.jpg,
https://wx3.sinaimg.cn/orj480/7bf2aec7gy1halwnwlkpfj20u01410wu.jpg,
https://wx3.sinaimg.cn/orj480/7bf2aec7gy1hatxb4dv3oj21hc0u0dl6.jpg,
https://wx3.sinaimg.cn/orj480/7bf2aec7gy1hb7w3m7cb6j20u01hc7ey.jpg,
https://wx3.sinaimg.cn/orj480/7bf2aec7gy1hbeqkh8p79j20u0141qb0.jpg,
https://wx3.sinaimg.cn/orj480/7bf2aec7gy1hbi9crescsj20u0141465.jpg,
https://wx3.sinaimg.cn/orj480/7bf2aec7gy1hbsf5znh6aj20u0141zut.jpg,
https://wx3.sinaimg.cn/orj480/7bf2aec7gy1hchrdu4g0cj20u0141n6m.jpg,
https://wx3.sinaimg.cn/orj480/7bf2aec7gy1hcmqmlccttj20u01417av.jpg,
https://wx3.sinaimg.cn/orj480/7bf2aec7gy1hcr0zwqz1nj20u0141n6q.jpg,
https://wx3.sinaimg.cn/orj480/7bf2aec7gy1hdyxq8069cj20u0141qbr.jpg,
https://wx3.sinaimg.cn/orj480/7bf2aec7gy1he2ogk4058j20u0141wrs.jpg,
https://wx3.sinaimg.cn/orj480/7bf2aec7gy1he9ckshe6cj20rk10s7eq.jpg,
https://wx3.sinaimg.cn/orj480/7bf2aec7gy1hect3lb4p9j20u0141qgu.jpg,
https://wx3.sinaimg.cn/orj480/7bf2aec7gy1heodr7j0kdj20u01hcwg2.jpg,
https://wx3.sinaimg.cn/orj480/7bf2aec7gy1het0w2e87fj20u01417fa.jpg,
https://wx3.sinaimg.cn/orj480/7bf2aec7gy1hezxjsggslj20u0140aph.jpg,
https://wx3.sinaimg.cn/orj480/7bf2aec7gy1hfh9w3djtdj20u0141h0y.jpg,
https://wx3.sinaimg.cn/orj480/7bf2aec7gy1hfm7hv9ndhj20u0141wp6.jpg,
https://wx3.sinaimg.cn/orj480/7bf2aec7gy1hfrxd7sxzgj20u0141wru.jpg,
https://wx3.sinaimg.cn/orj480/7bf2aec7gy1hft7x5yx9xj20u0141gyc.jpg,
https://wx3.sinaimg.cn/orj480/7bf2aec7gy1hg0zo5xyh4j21o0281npd.jpg,
https://wx3.sinaimg.cn/orj480/7bf2aec7gy1hg230np5j4j20u01hck20.jpg,
https://wx3.sinaimg.cn/orj480/7bf2aec7gy1hg38cmpkxdj22yo1o0hdt.jpg,
https://wx3.sinaimg.cn/orj480/7bf2aec7gy1hhqkjjyg8yj20u01hcgvo.jpg,
https://wx3.sinaimg.cn/orj480/7bf2aec7gy1hht0ogyck9j20u0141dqd.jpg,
https://wx3.sinaimg.cn/orj480/7bf2aec7gy1hhzu3ahinqj21o02811kx.jpg,
https://wx3.sinaimg.cn/orj480/7bf2aec7gy1hiqeqbszq8j22yo1o0ty1.jpg,
https://wx3.sinaimg.cn/orj480/7bf2aec7gy1hj7rcccdzmj20u0141n60.jpg,
https://wx3.sinaimg.cn/orj480/7bf2aec7gy1hjmt3yahimj20u0141qah.jpg,
https://wx3.sinaimg.cn/orj480/7bf2aec7gy1hk1thfh9nij21o02807wh.jpg,
https://wx3.sinaimg.cn/orj480/7bf2aec7gy1hk9x8puvdtj21o0281b29.jpg,
https://wx3.sinaimg.cn/orj480/7bf2aec7gy1hkc90ng104j21o0281b29.jpg,
https://wx3.sinaimg.cn/orj480/7bf2aec7gy1hkejp6sdsoj21o0281e81.jpg,
https://wx3.sinaimg.cn/orj480/7bf2aec7gy1hki0bxhvchj20u01417ey.jpg,
https://wx3.sinaimg.cn/orj480/7bf2aec7gy1hkx5lc3ebdj20k00zk79m.jpg,
https://wx3.sinaimg.cn/orj480/7bf2aec7gy1hky7ojjkd2j21o02817wh.jpg,
https://wx3.sinaimg.cn/orj480/7bf2aec7gy1hl2u4pmhq0j20u01414bz.jpg,
https://wx3.sinaimg.cn/orj480/7bf2aec7gy1hl7du30419j20u01hcajs.jpg,
https://wx3.sinaimg.cn/orj480/7bf2aec7gy1hl9rihfucqj22yo1o0e81.jpg,
https://wx3.sinaimg.cn/orj480/7bf2aec7gy1hlfk234eokj20u014044z.jpg,
https://wx3.sinaimg.cn/orj480/7bf2aec7gy1hln7odwbu8j20u0141ai9.jpg,
https://wx3.sinaimg.cn/orj480/7bf2aec7gy1hlwgi2pww7j20u01hc7gd.jpg,
https://wx3.sinaimg.cn/orj480/7bf2aec7gy1hm9p5qzwijj21o02817wh.jpg,
https://wx3.sinaimg.cn/orj480/7bf2aec7gy1hmbx4gsrdbj21o0281b29.jpg,
https://wx3.sinaimg.cn/orj480/7bf2aec7gy1hme87ergi9j21o02817wh.jpg,
https://wx3.sinaimg.cn/orj480/7bf2aec7gy1hmiwr381w9j20u01414a1.jpg,
https://wx3.sinaimg.cn/orj480/7bf2aec7gy1hmjkj13jdej20u014149x.jpg,
https://wx3.sinaimg.cn/orj480/7bf2aec7gy1hn4w6s41a9j21o0281hdt.jpg,
https://wx3.sinaimg.cn/orj480/7bf2aec7gy1hne3p8vjh4j20u01hc0t4.jpg,
https://wx3.sinaimg.cn/orj480/7bf2aec7gy1hngdvepc2aj21o0281e81.jpg,
https://wx3.sinaimg.cn/orj480/7bf2aec7gy1hniry5ojocj21hc0u0n17.jpg,
https://wx3.sinaimg.cn/orj480/7bf2aec7gy1hnjua5d17sj21o0281e81.jpg,
https://wx3.sinaimg.cn/orj480/7bf2aec7gy1hnof1zilqcj21o0281b29.jpg,
https://wx3.sinaimg.cn/orj480/7bf2aec7gy1ho2cahj1y7j21o02817wh.jpg,
https://wx3.sinaimg.cn/orj480/7bf2aec7gy1hobnpy7av9j21hc0u0n83.jpg,
https://wx3.sinaimg.cn/orj480/7bf2aec7gy1hoob3jvp44j20u0141495.jpg,
https://wx3.sinaimg.cn/orj480/7bf2aec7gy1hoxk7z9hahj22yo1o0x6p.jpg,
https://wx3.sinaimg.cn/orj480/7bf2aec7gy1hp4lwbligkj21o0281hdt.jpg,
https://wx3.sinaimg.cn/orj480/7bf2aec7gy1hpjjcikw05j21o02811kx.jpg,
https://wx3.sinaimg.cn/orj480/7bf2aec7gy1hpyjbsuv3sj21hc0u017n.jpg,
https://wx3.sinaimg.cn/orj480/7bf2aec7gy1hqtqx2ivrwj21401hck3a.jpg,
https://wx3.sinaimg.cn/orj480/7bf2aec7gy1hr1u5sdfrij21401hcdxk.jpg,
https://wx3.sinaimg.cn/orj480/7bf2aec7gy1hrlilpjxydj21401hcwv8.jpg,
https://wx3.sinaimg.cn/orj480/7bf2aec7gy1hs6cvxag51j21o0281b29.jpg,
https://wx3.sinaimg.cn/orj480/7bf2aec7gy1hs9eh1fq3uj20u014113o.jpg,
https://wx3.sinaimg.cn/orj480/7bf2aec7gy1hse1owvc0sj21o02814qp.jpg,
https://wx3.sinaimg.cn/orj480/7bf2aec7gy1hsu856onpzj21o0281e81.jpg,
https://wx3.sinaimg.cn/orj480/7bf2aec7gy1hu5y15j11jj20u0141wog.jpg,
https://wx3.sinaimg.cn/orj480/7bf2aec7gy1hubru36b71j21o02817wh.jpg,
https://wx3.sinaimg.cn/orj480/7bf2aec7gy1hughi2885bj21o0281hdt.jpg,
https://wx3.sinaimg.cn/orj480/7bf2aec7ly1gsyy7fqmh9j20rs0kuq4a.jpg,
https://wx3.sinaimg.cn/orj480/7bf2aec7ly1h26vxsx6c1j20u0140jwg.jpg,
https://wx3.sinaimg.cn/orj480/7bf2aec7ly1hf3eifu6r1j20u014112k.jpg,
https://wx3.sinaimg.cn/orj480/7bf2aec7ly1hfn2jixhx1j20u01hc7ff.jpg,
https://wx3.sinaimg.cn/orj480/7bf2aec7ly1hg5xcyp1edj20u01417hz.jpg,
https://wx3.sinaimg.cn/orj480/7bf2aec7ly1hg90s7cvunj2280191kdj.jpg,
https://wx3.sinaimg.cn/orj480/7bf2aec7ly1hgbu9ok364j20u0141aki.jpg,
https://wx3.sinaimg.cn/orj480/7bf2aec7ly1hhn4yimrm5j21o0281b29.jpg,
https://wx3.sinaimg.cn/orj480/7bf2aec7ly1hi90bufqplj21o02814qp.jpg,
https://wx3.sinaimg.cn/orj480/7bf2aec7ly1hj4d7swe7dj20u01hck0h.jpg,
https://wx3.sinaimg.cn/orj480/7bf2aec7ly1hk6hg09ab2j21o02811ht.jpg,
https://wx3.sinaimg.cn/orj480/7bf2aec7ly1hktmaxcqigj20u01hcjx4.jpg,
https://wx3.sinaimg.cn/orj480/7bf2aec7ly1hlj0ndxu80j21o0281b29.jpg,
https://wx3.sinaimg.cn/orj480/7bf2aec7ly1hlk8o6t62pj21o02814qp.jpg,
https://wx3.sinaimg.cn/orj480/7bf2aec7ly1hltgie96tyj21o02814qp.jpg,
https://wx3.sinaimg.cn/orj480/7bf2aec7ly1hoqk3niusjj20u014111c.jpg,
https://wx3.sinaimg.cn/orj480/7bf2aec7ly1hsawuc0h22j20u0141gx6.jpg,
https://wx3.sinaimg.cn/orj480/7bf2aec7ly1ht2mj4i60bj20u014115c.jpg,
https://wx4.sinaimg.cn/crop.0.207.1080.600/69e6d677gy1hjebg6gop2j20u01hd0z1.jpg,
https://wx4.sinaimg.cn/large/001ZkB0lly1hilsafrrarj60u00ar75s02.jpg,
https://wx4.sinaimg.cn/large/001lb2Prgy1ho6racoi2gj63zk2nsb2a02.jpg,
https://wx4.sinaimg.cn/large/001lb2Prgy1ho6rafz5itj62x31y2e8102.jpg,
https://wx4.sinaimg.cn/large/001lb2Prgy1ho6raiehx3j63zk2nsnpf02.jpg,
https://wx4.sinaimg.cn/large/005NJNlBgy1hspv5z01sej30u0140n6q.jpg,
https://wx4.sinaimg.cn/large/005NJNlBgy1hspv5zk1l1j30u0140n6s.jpg,
https://wx4.sinaimg.cn/large/005NJNlBgy1hspynedtyxj30u0140thb.jpg,
https://wx4.sinaimg.cn/large/005NJNlBgy1hspyngsbucj30u0140k16.jpg,
https://wx4.sinaimg.cn/large/005sq2Yvly1hj78orb76sj617f2dohdu02.jpg,
https://wx4.sinaimg.cn/large/005sq2Yvly1hj78qli4tvj617f2donpe02.jpg,
https://wx4.sinaimg.cn/large/005sq2Yvly1hj78scy8eqj617f2doqv502.jpg,
https://wx4.sinaimg.cn/large/005wEnUTgy1hozhh0adz8j32yo1o0kjm.jpg,
https://wx4.sinaimg.cn/large/005wEnUTgy1hozhhd4z8zj356t2x51l1.jpg,
https://wx4.sinaimg.cn/large/0062vxOTgy1hq465bhwylj34g06o0he3.jpg,
https://wx4.sinaimg.cn/large/0062vxOTgy1hq465yzxw7j348k6cuqve.jpg,
https://wx4.sinaimg.cn/large/0069Cdb8gy1hrr3i8bm10j30m82rz7vq.jpg,
https://wx4.sinaimg.cn/large/006L6zHFly1ho95ow90wyj30rh3xex6p.jpg,
https://wx4.sinaimg.cn/large/006L6zHFly1ho95p02vwpj30rh3x8npd.jpg,
https://wx4.sinaimg.cn/large/006L6zHFly1hu0432cew6j317r6qbhdv.jpg,
https://wx4.sinaimg.cn/large/006L6zHFly1hu0433hse9j317r4o8b2a.jpg,
https://wx4.sinaimg.cn/large/006L6zHFly1hu043ar5zbj317r7j5e83.jpg,
https://wx4.sinaimg.cn/large/006L6zHFly1hu043byjwgj317r7j5x6q.jpg,
https://wx4.sinaimg.cn/large/006r2HqOgy1hnyut7l2nbj607003caam02.jpg,
https://wx4.sinaimg.cn/large/007esuQcgy1hrllegpn1hj32bc1jk1l0.jpg,
https://wx4.sinaimg.cn/large/008CG0LZly1hpeui6zglrj30yq2fehdt.jpg,
https://wx4.sinaimg.cn/large/008CG0LZly1hplugyyt1jj315o6f31l0.jpg,
https://wx4.sinaimg.cn/large/008CG0LZly1hpluhdg528j30nm33m1kx.jpg,
https://wx4.sinaimg.cn/large/008CG0LZly1hplv2wetqgj315o6tdkjn.jpg,
https://wx4.sinaimg.cn/large/008E5lT3gy1hrp5auzq32j33s94z54qy.jpg,
https://wx4.sinaimg.cn/large/008E5lT3gy1hrp5bbyz3yj333451g1l5.jpg,
https://wx4.sinaimg.cn/large/008E5lT3gy1hrp5bwq2udj34mo334he0.jpg,
https://wx4.sinaimg.cn/large/008cP5qlgy1hl4y8at7w8j30u01fo4qq.jpg,
https://wx4.sinaimg.cn/large/008lBn3yly1hr1tjextapj30u04mo4qp.jpg,
https://wx4.sinaimg.cn/large/008lBn3yly1hr1tjhs9q5j30ku0u0gqk.jpg,
https://wx4.sinaimg.cn/large/008lBn3yly1hr1tjijkbaj30ku0u0grt.jpg,
https://wx4.sinaimg.cn/large/008pjkSJly1hn0gzdd5wpj32c71k41kx.jpg,
https://wx4.sinaimg.cn/large/008pjkSJly1hn0hto4obnj324l2s0npd.jpg,
https://wx4.sinaimg.cn/large/008pjkSJly1hn0i64f9k9j30qo0piq5d.jpg,
https://wx4.sinaimg.cn/large/008v9Qjoly1hu25ium8qwj30f00f0q64.jpg,
https://wx4.sinaimg.cn/large/008v9Qjoly1hu25iy0ls2j30f00f0dhu.jpg,
https://wx4.sinaimg.cn/large/008yZud0ly1hpmmcgyz9lj318g3bg4qq.jpg,
https://wx4.sinaimg.cn/large/008yZud0ly1hpmmci9qqnj318g2ase81.jpg,
https://wx4.sinaimg.cn/large/008yZud0ly1hpmmcuk3ghj318g8pw7wl.jpg,
https://wx4.sinaimg.cn/large/4d3b3ef6gy1hjealmzr0aj215o8jehdx.jpg,
https://wx4.sinaimg.cn/large/4d3b3ef6gy1hjeam5ne2lj23k01zyx6r.jpg,
https://wx4.sinaimg.cn/large/4d3b3ef6gy1hjeamcrx1hj26dc3kwx6x.jpg,
https://wx4.sinaimg.cn/large/4d3b3ef6gy1hjeamin6noj23k0200e82.jpg,
https://wx4.sinaimg.cn/large/4d3b3ef6gy1hjean05losj223n3k0b2c.jpg,
https://wx4.sinaimg.cn/large/4d3b3ef6gy1hjeanffpnzj22wg55uu13.jpg,
https://wx4.sinaimg.cn/large/4d3b3ef6gy1hjeanjo4hyj23k0200nph.jpg,
https://wx4.sinaimg.cn/large/4d3b3ef6gy1hjeans42m8j23k020nx6r.jpg,
https://wx4.sinaimg.cn/large/6e7ad70fgy1hs1iygwuosj22a02a1npe.jpg,
https://wx4.sinaimg.cn/large/6f5f4997gy1hlxpc9937fj24w07c0b2o.jpg,
https://wx4.sinaimg.cn/large/6f5f4997gy1hlxpcnyplgj24802tckjo.jpg,
https://wx4.sinaimg.cn/large/6f5f4997gy1hlxpctqi8tj24w07c04r7.jpg,
https://wx4.sinaimg.cn/large/6f5f4997gy1hlxpdctn54j24lw6uge8k.jpg,
https://wx4.sinaimg.cn/large/6f5f4997gy1hlxpdn9nsdj24w07c01lb.jpg,
https://wx4.sinaimg.cn/large/6f5f4997gy1hlxpdstpf5j24w07c0kk4.jpg,
https://wx4.sinaimg.cn/large/7bf2aec7gy1hircscpo0wj23uw2g0u11.jpg,
https://wx4.sinaimg.cn/large/7bf2aec7gy1hircx01qi6j23uw27nb2f.jpg,
https://wx4.sinaimg.cn/large/7bf2aec7gy1hird95dawej22kl3uwu13.jpg,
https://wx4.sinaimg.cn/large/7bf2aec7gy1hismqtvetkj239c268e82.jpg,
https://wx4.sinaimg.cn/large/7bf2aec7gy1hismr22kuhj223s35pnpe.jpg,
https://wx4.sinaimg.cn/large/7bf2aec7gy1hismr62af8j226839c1l0.jpg,
https://wx4.sinaimg.cn/large/7bf2aec7gy1hismrakbfsj226839ckjo.jpg,
https://wx4.sinaimg.cn/large/7bf2aec7gy1hismrjvwwqj226839c7wj.jpg,
https://wx4.sinaimg.cn/large/7bf2aec7gy1hisopi2tyvj226839c7wj.jpg,
https://wx4.sinaimg.cn/large/7bf2aec7gy1hisopl4prsj226839cqv6.jpg,
https://wx4.sinaimg.cn/large/7bf2aec7gy1hisoq02oy8j239c268qv8.jpg,
https://wx4.sinaimg.cn/large/7bf2aec7gy1hj314qv547j21m42vb4qq.jpg,
https://wx4.sinaimg.cn/large/7bf2aec7gy1hj314rqo36j21j42pzx6p.jpg,
https://wx4.sinaimg.cn/large/7bf2aec7gy1hjechkbkp0j23k02001l0.jpg,
https://wx4.sinaimg.cn/large/7bf2aec7gy1hjechtkvhqj24by2fpx6w.jpg,
https://wx4.sinaimg.cn/large/7bf2aec7gy1hjh0rj6mkqj22c0340u0z.jpg,
https://wx4.sinaimg.cn/large/7bf2aec7gy1hjx8uv63kej22003k0u0y.jpg,
https://wx4.sinaimg.cn/large/7bf2aec7gy1hk2z6v8m1ej23ek29pkjm.jpg,
https://wx4.sinaimg.cn/large/7bf2aec7gy1hk2z6xc2jbj23ge2ax1kz.jpg,
https://wx4.sinaimg.cn/large/7bf2aec7gy1hk2z72bs5dj222l33wkjm.jpg,
https://wx4.sinaimg.cn/large/7bf2aec7gy1hk2z749fvnj23jz2dbx6q.jpg,
https://wx4.sinaimg.cn/large/7bf2aec7gy1hkj2pp26jkj21sc2ds1kz.jpg,
https://wx4.sinaimg.cn/large/7bf2aec7gy1hklh58w1drj22803yt1l0.jpg,
https://wx4.sinaimg.cn/large/7bf2aec7gy1hklh5pe4ghj23vy26q7wk.jpg,
https://wx4.sinaimg.cn/large/7bf2aec7gy1hklh5y11p3j21sb36be82.jpg,
https://wx4.sinaimg.cn/large/7bf2aec7gy1hkolncbvj9j22c0340u0y.jpg,
https://wx4.sinaimg.cn/large/7bf2aec7gy1hkolneg96hj22c0340kjm.jpg,
https://wx4.sinaimg.cn/large/7bf2aec7gy1hl3zcy94ajj22c03404qu.jpg,
https://wx4.sinaimg.cn/large/7bf2aec7gy1hl3zd9h7tpj23k02o3x6s.jpg,
https://wx4.sinaimg.cn/large/7bf2aec7gy1hlxu0n9ujij22mt3y8u10.jpg,
https://wx4.sinaimg.cn/large/7bf2aec7gy1hlxu0wm940j23uw2aoqv8.jpg,
https://wx4.sinaimg.cn/large/7bf2aec7gy1hmfd1n8ey9j20zu25o1ky.jpg,
https://wx4.sinaimg.cn/large/7bf2aec7gy1hmgiivzyu0j22c0340hdw.jpg,
https://wx4.sinaimg.cn/large/7bf2aec7gy1hmxstu0dc8j22xs4eoe84.jpg,
https://wx4.sinaimg.cn/large/7bf2aec7gy1hmxsu4c9mdj22xs4eou10.jpg,
https://wx4.sinaimg.cn/large/7bf2aec7gy1hmxuegt7urj24eo2xsnph.jpg,
https://wx4.sinaimg.cn/large/7bf2aec7gy1hmz3od1r2hj21sc2dsb2a.jpg,
https://wx4.sinaimg.cn/large/7bf2aec7gy1hnajinmo0aj222o3401l0.jpg,
https://wx4.sinaimg.cn/large/7bf2aec7gy1hnklu7tichj21sc2ds7wi.jpg,
https://wx4.sinaimg.cn/large/7bf2aec7gy1holw7dgpotj24eo2xsnph.jpg,
https://wx4.sinaimg.cn/large/7bf2aec7gy1holwe0xn1rj24eo2xskjp.jpg,
https://wx4.sinaimg.cn/large/7bf2aec7gy1holzq7jo1xj22xs4eo4qt.jpg,
https://wx4.sinaimg.cn/large/7bf2aec7gy1hoyt13ju9oj22gw3pcnpg.jpg,
https://wx4.sinaimg.cn/large/7bf2aec7gy1hp12hpj3vrj24eo2nkqv9.jpg,
https://wx4.sinaimg.cn/large/7bf2aec7gy1hp12i0k6luj24eo2j0e85.jpg,
https://wx4.sinaimg.cn/large/7bf2aec7gy1hp12i89morj22vx4eo4qu.jpg,
https://wx4.sinaimg.cn/large/7bf2aec7gy1hpo2k6incfj20wx1nj4qq.jpg,
https://wx4.sinaimg.cn/large/7bf2aec7gy1hpo2kb2o6fj22c0340hdu.jpg,
https://wx4.sinaimg.cn/large/7bf2aec7gy1hpw7mh0723j22kn3uw4qt.jpg,
https://wx4.sinaimg.cn/large/7bf2aec7gy1hpw7muawgfj24eo2h9x6t.jpg,
https://wx4.sinaimg.cn/large/7bf2aec7gy1hqw1c6kaszj22xu4eo1l3.jpg,
https://wx4.sinaimg.cn/large/7bf2aec7gy1hqw1cgbth4j23ep29t4qs.jpg,
https://wx4.sinaimg.cn/large/7bf2aec7gy1hr20bn4qo2j20u01904qp.jpg,
https://wx4.sinaimg.cn/large/7bf2aec7gy1hr7n3arq65j21sc2dshdu.jpg,
https://wx4.sinaimg.cn/large/7bf2aec7gy1hrr8nsyu8nj22kl3uwkjp.jpg,
https://wx4.sinaimg.cn/large/7bf2aec7gy1hrr8vpggnzj22kl3uw7wo.jpg,
https://wx4.sinaimg.cn/large/7bf2aec7gy1hrvpjv9oo3j22c0340qv8.jpg,
https://wx4.sinaimg.cn/large/7bf2aec7gy1hrvpk0szutj22c0340npf.jpg,
https://wx4.sinaimg.cn/large/7bf2aec7gy1hrvpk26d9vj22c0340kjl.jpg,
https://wx4.sinaimg.cn/large/7bf2aec7gy1hs3ywbdy37j227x2ylqv6.jpg,
https://wx4.sinaimg.cn/large/7bf2aec7gy1hsi4hlzm0ij20u01hcgvs.jpg,
https://wx4.sinaimg.cn/large/7bf2aec7gy1hsj27p1l4xj231v1qyhdw.jpg,
https://wx4.sinaimg.cn/large/7bf2aec7gy1hsrrssx80uj21sc2dsb2a.jpg,
https://wx4.sinaimg.cn/large/7bf2aec7gy1hswu2zgh8bj22xs4eoqv7.jpg,
https://wx4.sinaimg.cn/large/7bf2aec7gy1hswu34tmg3j24eo2xskjm.jpg,
https://wx4.sinaimg.cn/large/7bf2aec7gy1hswu37drovj24eo2xs4qr.jpg,
https://wx4.sinaimg.cn/large/7bf2aec7gy1hszhpftivfj20id0lrjte.jpg,
https://wx4.sinaimg.cn/large/7bf2aec7gy1ht0axu3v9qj20zu25ox31.jpg,
https://wx4.sinaimg.cn/large/7bf2aec7gy1ht3v2r7044j22x14eo4qt.jpg,
https://wx4.sinaimg.cn/large/7bf2aec7gy1ht3v3mq672j24eo2wakjp.jpg,
https://wx4.sinaimg.cn/large/7bf2aec7gy1ht3v42uo9kj24eo2xs7wl.jpg,
https://wx4.sinaimg.cn/large/7bf2aec7gy1htuhvfk9kvj20zu1rpu0x.jpg,
https://wx4.sinaimg.cn/large/7bf2aec7gy1hty1u19dcbj22c0340b2a.jpg,
https://wx4.sinaimg.cn/large/7bf2aec7ly1hk7qbfbz0bj22c0340x6p.jpg,
https://wx4.sinaimg.cn/large/7bf2aec7ly1hk7qbio3olj22c03407wi.jpg,
https://wx4.sinaimg.cn/large/7bf2aec7ly1hlbx9jkc21j23402c0qv6.jpg,
https://wx4.sinaimg.cn/large/7bf2aec7ly1hlbx9l6n2wj22c03404qq.jpg,
https://wx4.sinaimg.cn/large/7bf2aec7ly1hmhlg92ny5j20zu1qnn8a.jpg,
https://wx4.sinaimg.cn/large/7bf2aec7ly1hmhy278rc8j22kl3uwx6s.jpg,
https://wx4.sinaimg.cn/large/7bf2aec7ly1hmhy2ca6oaj22kl3uwe84.jpg,
https://wx4.sinaimg.cn/large/93b2d7e8ly1hkm8ol3v01j20ku1t0k07.jpg,
https://wx4.sinaimg.cn/large/93b2d7e8ly1hkm8or2bqaj20ku1t04i7.jpg,
https://wx4.sinaimg.cn/large/93b2d7e8ly1hkm8oxu1pjj20ku1t0b29.jpg,
https://wx4.sinaimg.cn/large/93b2d7e8ly1hkm8pi24wrj20ku1t0n67.jpg,
https://wx4.sinaimg.cn/large/96dd1495ly1hndwp4krnwj20qe0z7do9.jpg,
https://wx4.sinaimg.cn/large/96dd1495ly1hndwp592wvj20qe0z7gui.jpg,
https://wx4.sinaimg.cn/large/96dd1495ly1hndwpcjkr6j20u016gws3.jpg,
https://wx4.sinaimg.cn/large/96dd1495ly1hndwpeufufj20qe50kb29.jpg,
https://wx4.sinaimg.cn/large/96dd1495ly1ho4iov8n6vj20u00u0wgj.jpg,
https://wx4.sinaimg.cn/large/96dd1495ly1ho4iov9d3cj20u00u0n0q.jpg,
https://wx4.sinaimg.cn/large/a9d238e9gy1hqetj4ovz5j22bc4moe85.jpg,
https://wx4.sinaimg.cn/large/a9d238e9gy1hqetjko3quj22bc4mob2d.jpg,
https://wx4.sinaimg.cn/large/a9d238e9gy1hqetjr7o1hj22bc4mox6u.jpg,
https://wx4.sinaimg.cn/large/bae18adbgy1hnkvxub862j20rs3m9npd.jpg,
https://wx4.sinaimg.cn/large/bae18adbgy1hnkvxwc9qaj20rs3mz7wi.jpg,
https://wx4.sinaimg.cn/large/bae18adbgy1hnkvxwjqbxj20rs4eze82.jpg,
https://wx4.sinaimg.cn/large/c02b9d0bly1hqi0pl8oi1j21ww2pgnpe.jpg,
https://wx4.sinaimg.cn/large/c02b9d0bly1hqv29u28csj215c7csx6q.jpg,
https://wx4.sinaimg.cn/orj480/0026YIXUgy1hqnvvxe1lxj60u00gvq5j02.jpg,
https://wx4.sinaimg.cn/orj480/002gJntdgy1gut1kyhorlj60k00zk41502.jpg,
https://wx4.sinaimg.cn/orj480/7bf2aec7gy1gzk828ckyxj20u01hcdhb.jpg,
https://wx4.sinaimg.cn/orj480/7bf2aec7gy1gzoqw6j34cj20u01hcwgv.jpg,
https://wx4.sinaimg.cn/orj480/7bf2aec7gy1h067ipsm1sj21hc0u0gou.jpg,
https://wx4.sinaimg.cn/orj480/7bf2aec7gy1h0e73ikcs1j20u01hc0wx.jpg,
https://wx4.sinaimg.cn/orj480/7bf2aec7gy1h1gebcml4mj20u01hc7cs.jpg,
https://wx4.sinaimg.cn/orj480/7bf2aec7gy1h1jwj9jh44j20u0140n9n.jpg,
https://wx4.sinaimg.cn/orj480/7bf2aec7gy1h2bfdal595j20u0140dqh.jpg,
https://wx4.sinaimg.cn/orj480/7bf2aec7gy1h4zl44ctuxj20u014012d.jpg,
https://wx4.sinaimg.cn/orj480/7bf2aec7gy1h5475j4mo5j20u0140q87.jpg,
https://wx4.sinaimg.cn/orj480/7bf2aec7gy1h58s5th7uuj20u0140amh.jpg,
https://wx4.sinaimg.cn/orj480/7bf2aec7gy1h5i3iorfqkj20u0140gnr.jpg,
https://wx4.sinaimg.cn/orj480/7bf2aec7gy1h5xyjl2uh4j20u0141q4u.jpg,
https://wx4.sinaimg.cn/orj480/7bf2aec7gy1h62itds664j20u0141tj3.jpg,
https://wx4.sinaimg.cn/orj480/7bf2aec7gy1h6jw3133zkj20u01414ag.jpg,
https://wx4.sinaimg.cn/orj480/7bf2aec7gy1h79dibnt4uj20k00zkt8u.jpg,
https://wx4.sinaimg.cn/orj480/7bf2aec7gy1h7u41nqe80j20u01hc4bn.jpg,
https://wx4.sinaimg.cn/orj480/7bf2aec7gy1h806jc138sj20u0141112.jpg,
https://wx4.sinaimg.cn/orj480/7bf2aec7gy1h812bh6udzj20u01hcgx1.jpg,
https://wx4.sinaimg.cn/orj480/7bf2aec7gy1h8hrpc2j5xj20u01hc0t4.jpg,
https://wx4.sinaimg.cn/orj480/7bf2aec7gy1h8xp9hvd39j20u0141qdo.jpg,
https://wx4.sinaimg.cn/orj480/7bf2aec7gy1h900hxto0rj20sk124qb9.jpg,
https://wx4.sinaimg.cn/orj480/7bf2aec7gy1h9bro2zrlkj20u0141k2q.jpg,
https://wx4.sinaimg.cn/orj480/7bf2aec7gy1haa9wubzhqj20u0141na4.jpg,
https://wx4.sinaimg.cn/orj480/7bf2aec7gy1hah8bpsvp2j20u0141gse.jpg,
https://wx4.sinaimg.cn/orj480/7bf2aec7gy1hajjjqdnfnj20u0141h0i.jpg,
https://wx4.sinaimg.cn/orj480/7bf2aec7gy1harotneqlfj20u014143x.jpg,
https://wx4.sinaimg.cn/orj480/7bf2aec7gy1hasrb8v6h7j20u0141jue.jpg,
https://wx4.sinaimg.cn/orj480/7bf2aec7gy1hb20n563gnj20u0141qa8.jpg,
https://wx4.sinaimg.cn/orj480/7bf2aec7gy1hb5hzofrd7j20u0141dt8.jpg,
https://wx4.sinaimg.cn/orj480/7bf2aec7gy1hbloj0xjzyj20u0141498.jpg,
https://wx4.sinaimg.cn/orj480/7bf2aec7gy1hbp5pbfypej20u01417f7.jpg,
https://wx4.sinaimg.cn/orj480/7bf2aec7gy1hc68fan6b9j20u0141wmo.jpg,
https://wx4.sinaimg.cn/orj480/7bf2aec7gy1hc7r14vaf4j20u01hcth2.jpg,
https://wx4.sinaimg.cn/orj480/7bf2aec7gy1hc9ybz78adj20u014146f.jpg,
https://wx4.sinaimg.cn/orj480/7bf2aec7gy1hcekqg1jqbj20u0141dp1.jpg,
https://wx4.sinaimg.cn/orj480/7bf2aec7gy1hcgw1lq87oj20u01414ad.jpg,
https://wx4.sinaimg.cn/orj480/7bf2aec7gy1hcl9h4n3hvj20u0141gwg.jpg,
https://wx4.sinaimg.cn/orj480/7bf2aec7gy1hd6ir2qayyj20u0140n0q.jpg,
https://wx4.sinaimg.cn/orj480/7bf2aec7gy1hdd9tx6xj8j20om0wvtet.jpg,
https://wx4.sinaimg.cn/orj480/7bf2aec7gy1he8ckuabqsj20u01417dr.jpg,
https://wx4.sinaimg.cn/orj480/7bf2aec7gy1hehpsf3l7ej20u0141qbj.jpg,
https://wx4.sinaimg.cn/orj480/7bf2aec7gy1heu5gwph8aj20u0141tkh.jpg,
https://wx4.sinaimg.cn/orj480/7bf2aec7gy1hf287jgcuwj20u0141gx9.jpg,
https://wx4.sinaimg.cn/orj480/7bf2aec7gy1hf6vntsnlvj20u0141wos.jpg,
https://wx4.sinaimg.cn/orj480/7bf2aec7gy1hfbinyqiocj21o0281e81.jpg,
https://wx4.sinaimg.cn/orj480/7bf2aec7gy1hfeyuhqxqgj20u0141tgf.jpg,
https://wx4.sinaimg.cn/orj480/7bf2aec7gy1hffo4utga8j20u01hcjxr.jpg,
https://wx4.sinaimg.cn/orj480/7bf2aec7gy1hfqk0m2fywj21o02817wh.jpg,
https://wx4.sinaimg.cn/orj480/7bf2aec7gy1hgjgviyr7jj20u01417k0.jpg,
https://wx4.sinaimg.cn/orj480/7bf2aec7gy1hgmwlyi5i2j21o02817wh.jpg,
https://wx4.sinaimg.cn/orj480/7bf2aec7gy1hgwh0a6zmij20u01hcth8.jpg,
https://wx4.sinaimg.cn/orj480/7bf2aec7gy1hgxe7k9p5jj20u01hc7ic.jpg,
https://wx4.sinaimg.cn/orj480/7bf2aec7gy1hgyi07kbz0j22yo1o0e81.jpg,
https://wx4.sinaimg.cn/orj480/7bf2aec7gy1hhrqt62a42j20u0141qgp.jpg,
https://wx4.sinaimg.cn/orj480/7bf2aec7gy1hiicdp0n0oj21o02814qb.jpg,
https://wx4.sinaimg.cn/orj480/7bf2aec7gy1hitx4wvhj8j21o0281e31.jpg,
https://wx4.sinaimg.cn/orj480/7bf2aec7gy1hizl0r2xlkj20u01417d1.jpg,
https://wx4.sinaimg.cn/orj480/7bf2aec7gy1hja2qmqn6gj21401hck79.jpg,
https://wx4.sinaimg.cn/orj480/7bf2aec7gy1hji6v290lmj21o0281e81.jpg,
https://wx4.sinaimg.cn/orj480/7bf2aec7gy1hjnybw1mpkj21o0281b29.jpg,
https://wx4.sinaimg.cn/orj480/7bf2aec7gy1hjux0klaogj21o02811kx.jpg,
https://wx4.sinaimg.cn/orj480/7bf2aec7gy1hjyeupgmx7j20u0141qf3.jpg,
https://wx4.sinaimg.cn/orj480/7bf2aec7gy1hk4615tdhaj20u0140k0l.jpg,
https://wx4.sinaimg.cn/orj480/7bf2aec7gy1hkfpxfmlcgj21o0281b29.jpg,
https://wx4.sinaimg.cn/orj480/7bf2aec7gy1hkj6skhziij20u0141jyd.jpg,
https://wx4.sinaimg.cn/orj480/7bf2aec7gy1hkuhl7sky4j20u01hc7hn.jpg,
https://wx4.sinaimg.cn/orj480/7bf2aec7gy1hkzhlz4buhj20u0141wn8.jpg,
https://wx4.sinaimg.cn/orj480/7bf2aec7gy1hlgpo9gx94j21o02817wh.jpg,
https://wx4.sinaimg.cn/orj480/7bf2aec7gy1hlowxt5ncsj21o0281b29.jpg,
https://wx4.sinaimg.cn/orj480/7bf2aec7gy1hlwvsyqruaj20u0141ai5.jpg,
https://wx4.sinaimg.cn/orj480/7bf2aec7gy1hm3t5y63jdj21o02811kx.jpg,
https://wx4.sinaimg.cn/orj480/7bf2aec7gy1hm655yioxyj21o0281hdt.jpg,
https://wx4.sinaimg.cn/orj480/7bf2aec7gy1hmpe8q2ihhj21iw0uvqv5.jpg,
https://wx4.sinaimg.cn/orj480/7bf2aec7gy1hmzt1fv8erj20u014111r.jpg,
https://wx4.sinaimg.cn/orj480/7bf2aec7gy1hnkzmd13djj22yo1o07wh.jpg,
https://wx4.sinaimg.cn/orj480/7bf2aec7gy1hnvk6v5h5pj21hc0u0af1.jpg,
https://wx4.sinaimg.cn/orj480/7bf2aec7gy1hocujvyav5j21o0281e81.jpg,
https://wx4.sinaimg.cn/orj480/7bf2aec7gy1hp3fq5zh38j21hc0u0jx7.jpg,
https://wx4.sinaimg.cn/orj480/7bf2aec7gy1hp8r5c5k6uj20u01hcduh.jpg,
https://wx4.sinaimg.cn/orj480/7bf2aec7gy1hpltj955o7j21o02814qp.jpg,
https://wx4.sinaimg.cn/orj480/7bf2aec7gy1hpqhovfdsfj2280191tza.jpg,
https://wx4.sinaimg.cn/orj480/7bf2aec7gy1hpxit2eje5j21o02817wh.jpg,
https://wx4.sinaimg.cn/orj480/7bf2aec7gy1hq5kiema4yj21o02811kx.jpg,
https://wx4.sinaimg.cn/orj480/7bf2aec7gy1hqdmhopnb8j21o02814qp.jpg,
https://wx4.sinaimg.cn/orj480/7bf2aec7gy1hqkl79gqncj20u01hck28.jpg,
https://wx4.sinaimg.cn/orj480/7bf2aec7gy1hqmtkbrjggj21o0281e81.jpg,
https://wx4.sinaimg.cn/orj480/7bf2aec7gy1hqx99gpl21j21401hc15v.jpg,
https://wx4.sinaimg.cn/orj480/7bf2aec7gy1hr6iaonl7gj21o02817s4.jpg,
https://wx4.sinaimg.cn/orj480/7bf2aec7gy1hr9y1aj4epj21o02801kx.jpg,
https://wx4.sinaimg.cn/orj480/7bf2aec7gy1hrfvxvirprj20u014113s.jpg,
https://wx4.sinaimg.cn/orj480/7bf2aec7gy1hrnwnezp4wj22yo1o0hdt.jpg,
https://wx4.sinaimg.cn/orj480/7bf2aec7gy1hrqafar7roj21hc0u0qbk.jpg,
https://wx4.sinaimg.cn/orj480/7bf2aec7gy1hrx2gfv1u9j21o02814qp.jpg,
https://wx4.sinaimg.cn/orj480/7bf2aec7gy1hrzfd9njqdj21o02817wh.jpg,
https://wx4.sinaimg.cn/orj480/7bf2aec7gy1hs1qf7c3amj20u0141aka.jpg,
https://wx4.sinaimg.cn/orj480/7bf2aec7gy1hsd8wec41nj20u014111t.jpg,
https://wx4.sinaimg.cn/orj480/7bf2aec7gy1hslji64abrj21hc0u0qdu.jpg,
https://wx4.sinaimg.cn/orj480/7bf2aec7gy1hsmfs55h80j21o0281e81.jpg,
https://wx4.sinaimg.cn/orj480/7bf2aec7gy1hsr5liayc6j21o02811kx.jpg,
https://wx4.sinaimg.cn/orj480/7bf2aec7gy1hsscpsx935j21o0281hdt.jpg,
https://wx4.sinaimg.cn/orj480/7bf2aec7gy1hsvdqt1cstj21o0281hdt.jpg,
https://wx4.sinaimg.cn/orj480/7bf2aec7gy1hu3uid6dlrj21hc0u0wql.jpg,
https://wx4.sinaimg.cn/orj480/7bf2aec7ly1hdwmppr3bqj20u0141k61.jpg,
https://wx4.sinaimg.cn/orj480/7bf2aec7ly1hg4r57vyhwj21o02817wh.jpg,
https://wx4.sinaimg.cn/orj480/7bf2aec7ly1hg7w359mo5j21o0281b29.jpg,
https://wx4.sinaimg.cn/orj480/7bf2aec7ly1hi6u8kc6t3j21o02814qp.jpg,
https://wx4.sinaimg.cn/orj480/7bf2aec7ly1hk5b7s16hqj21o0281kjl.jpg,
https://wx4.sinaimg.cn/orj480/7bf2aec7ly1hldc4gxgjkj20u0141qfi.jpg,
https://wx4.sinaimg.cn/orj480/7bf2aec7ly1hmwqd662l4j20u0141n8m.jpg,
https://wx4.sinaimg.cn/orj480/7bf2aec7ly1hodz08x2duj21o0281kbo.jpg,
https://wx4.sinaimg.cn/orj480/7bf2aec7ly1hosl80oe56j20u0141qeh.jpg,
https://wx4.sinaimg.cn/orj480/7bf2aec7ly1hoswhgur1bj20u0141dpw.jpg,
https://wx4.sinaimg.cn/orj480/7bf2aec7ly1hpbiu3s0rvj21hc0u0jvq.jpg,
https://wx4.sinaimg.cn/orj480/7bf2aec7ly1hpeyhbosnhj21o02817wh.jpg,
https://wx4.sinaimg.cn/orj480/7bf2aec7ly1hpihsrwhemj21hc0u04gh.jpg,
https://wx4.sinaimg.cn/orj480/7bf2aec7ly1hptxpti3crj20u0140n5z.jpg,
https://wx4.sinaimg.cn/orj480/7bf2aec7ly1hpuzn5fv17j20u01hcap4.jpg,
https://wx4.sinaimg.cn/orj480/7bf2aec7ly1hq217zj9rsj21o0281e81.jpg,
https://wx4.sinaimg.cn/orj480/7bf2aec7ly1hq6mxz2u7mj20u014111x.jpg,
https://wx4.sinaimg.cn/orj480/7bf2aec7ly1hqcf950k97j21o02811kx.jpg,
https://wx4.sinaimg.cn/orj480/7bf2aec7ly1hs9uvp7o1ij20u0141tjr.jpg,
https://wx4.sinaimg.cn/orj480/7bf2aec7ly1hspihximr4j20u0141akr.jpg,
https://wx4.sinaimg.cn/orj480/7bf2aec7ly1ht1jztfpflj20u014149a.jpg,
https://wx4.sinaimg.cn/orj480/7bf2aec7ly1hu89ddcp0nj21z4140dvv.jpg,
https://wx4.sinaimg.cn/orj480/87d74178ly1hlxncb259pj22yo1o0kjl.jpg