https://wx1.sinaimg.cn/large/006187zHgy1hr7q00qpbdj36dc48w4qv.jpg,
https://wx1.sinaimg.cn/large/006187zHgy1hr7s7p1ns1j36dc3et4qv.jpg,
https://wx1.sinaimg.cn/large/006187zHgy1hr7sftenf3j30np0zkwis.jpg,
https://wx1.sinaimg.cn/large/006187zHgy1hrs1bd8e6xj34266387wq.jpg,
https://wx1.sinaimg.cn/large/006CoHs7ly1hpkg8733enj34eo2xsu0y.jpg,
https://wx1.sinaimg.cn/large/006CoHs7ly1hpkgj4uekfj34eo2xse83.jpg,
https://wx1.sinaimg.cn/large/006TIZIXgy1hgrucrfvazj326839cnpe.jpg,
https://wx1.sinaimg.cn/large/006TIZIXly1hp85jgdvpej31u22g31kz.jpg,
https://wx1.sinaimg.cn/large/006TIZIXly1hp85jgl2awj33402c0hdv.jpg,
https://wx1.sinaimg.cn/large/006TIZIXly1hp86ikns5gj31kv23th1o.jpg,
https://wx1.sinaimg.cn/large/006TIZIXly1hp86img4fwj325s2vphdt.jpg,
https://wx1.sinaimg.cn/large/006TIZIXly1hp86np4ds2j31t52pqnpd.jpg,
https://wx1.sinaimg.cn/large/006TIZIXly1hp86zo3n1vj31n02gib29.jpg,
https://wx1.sinaimg.cn/large/006TIZIXly1hp875wskxxj31w02ioe81.jpg,
https://wx1.sinaimg.cn/large/006TIZIXly1hpmvpsg80lj31ur2gz7wh.jpg,
https://wx1.sinaimg.cn/large/006TIZIXly1hpq8hs2w5sj31w02ioe82.jpg,
https://wx1.sinaimg.cn/large/006TIZIXly1hpw42qtld3j30zj1bejut.jpg,
https://wx1.sinaimg.cn/large/006TIZIXly1hpw42r0endj30zj1bek2t.jpg,
https://wx1.sinaimg.cn/large/006TIZIXly1hq43duxzdoj33402c0x6q.jpg,
https://wx1.sinaimg.cn/large/006TIZIXly1hqcoukpyb7j31r42c51kx.jpg,
https://wx1.sinaimg.cn/large/006TIZIXly1hqcov5wovzj31t22er1kx.jpg,
https://wx1.sinaimg.cn/large/006TIZIXly1hqgxadx0lyj30wj17g47j.jpg,
https://wx1.sinaimg.cn/large/006TIZIXly1hqgxaenq4pj31w02io4qq.jpg,
https://wx1.sinaimg.cn/large/006TIZIXly1hqkd029k40j31o02804qq.jpg,
https://wx1.sinaimg.cn/large/006TIZIXly1hqmxtoicjaj32hy3qx1kz.jpg,
https://wx1.sinaimg.cn/large/006TIZIXly1hqsgshkdgqj31401hbhdc.jpg,
https://wx1.sinaimg.cn/large/006TIZIXly1hr0qej8sg2j31jk2bc1kx.jpg,
https://wx1.sinaimg.cn/large/006TIZIXly1hr0qejayngj31jk2bc4qp.jpg,
https://wx1.sinaimg.cn/large/006TIZIXly1hr2rwkfh2tj31hc0u0nl7.jpg,
https://wx1.sinaimg.cn/large/006TIZIXly1hr2rwko69xj31hc0u0noy.jpg,
https://wx1.sinaimg.cn/large/006TIZIXly1hrealnlknaj33344mou10.jpg,
https://wx1.sinaimg.cn/large/006TIZIXly1hrealntoh9j33344mohdx.jpg,
https://wx1.sinaimg.cn/large/006TIZIXly1hruw3dcts6j30u01400wz.jpg,
https://wx1.sinaimg.cn/large/006TIZIXly1hruw5ef8aij30u014047v.jpg,
https://wx1.sinaimg.cn/large/006TIZIXly1hruw5efl3qj30u0140qax.jpg,
https://wx1.sinaimg.cn/large/006TIZIXly1hruw5egnxij30u0140n6w.jpg,
https://wx1.sinaimg.cn/large/006TIZIXly1hs091u9xkzj302u02s74e.jpg,
https://wx1.sinaimg.cn/large/006TIZIXly1hs3n37dakdj35o33s44qv.jpg,
https://wx1.sinaimg.cn/large/006TIZIXly1hs3n38qhqvj33s35o4u13.jpg,
https://wx1.sinaimg.cn/large/006TIZIXly1hs3n3a9iwqj33s45o3x6v.jpg,
https://wx1.sinaimg.cn/large/006TIZIXly1hs3nt84dllj33s45o3qvc.jpg,
https://wx1.sinaimg.cn/large/006TIZIXly1hs4z2zq6nuj31ew1vu4qp.jpg,
https://wx1.sinaimg.cn/large/006TIZIXly1hs4z2zzazej31w02iokjl.jpg,
https://wx1.sinaimg.cn/large/006TIZIXly1hs4z3752tpj32tc480kjn.jpg,
https://wx1.sinaimg.cn/large/006TIZIXly1hs4z3c6jwkj33s35o44qv.jpg,
https://wx1.sinaimg.cn/large/006TIZIXly1hs4z3ejogtj33s35o4b2f.jpg,
https://wx1.sinaimg.cn/large/006TIZIXly1hseoag7o9jj30u0140tfc.jpg,
https://wx1.sinaimg.cn/large/006TIZIXly1hu0bvlxisgj32c0340qv6.jpg,
https://wx1.sinaimg.cn/large/006TIZIXly1hud1b7tudsj31w02io7wi.jpg,
https://wx1.sinaimg.cn/large/006TIZIXly1hud1s32a3vj32bi44ge83.jpg,
https://wx1.sinaimg.cn/large/006TIZIXly1huh87d8stbj31w02iox6q.jpg,
https://wx1.sinaimg.cn/large/006TIZIXly1huh87dcxc5j31w02io4qr.jpg,
https://wx1.sinaimg.cn/large/006TIZIXly1hukt0fohtej32c0340qv8.jpg,
https://wx1.sinaimg.cn/large/006TIZIXly1hukt0fxi9cj32c0340npg.jpg,
https://wx1.sinaimg.cn/large/006TIZIXly1huxh05ed2tj31s12dd4qq.jpg,
https://wx1.sinaimg.cn/large/006TIZIXly1huxh05hr62j31tc2f47wi.jpg,
https://wx1.sinaimg.cn/large/006TIZIXly1huymv516g1j31jk2bcb2a.jpg,
https://wx1.sinaimg.cn/large/006TIZIXly1huymvhb853j31jk2bcqv6.jpg,
https://wx1.sinaimg.cn/large/006TIZIXly1huymvnfu1nj31jk2bcnpe.jpg,
https://wx1.sinaimg.cn/large/006TIZIXly1huymvycbauj31jk2bcu0y.jpg,
https://wx1.sinaimg.cn/large/006TIZIXly1huymvzuhjaj31jk2bchdu.jpg,
https://wx1.sinaimg.cn/large/006TIZIXly1huymw5vmxvj31jk2bcb2a.jpg,
https://wx1.sinaimg.cn/large/006TIZIXly1huymwvb2bdj32bc1jkhdv.jpg,
https://wx1.sinaimg.cn/large/006TIZIXly1huymx1rjipj31jk2bcx6q.jpg,
https://wx1.sinaimg.cn/large/006pyPFngy1hum7eygm9ij33uw5sa1la.jpg,
https://wx1.sinaimg.cn/large/006pyPFngy1hur33e5a7jj35zs9iy4r2.jpg,
https://wx1.sinaimg.cn/large/0070WgyBgy1huny37cfy6j31j00xnk5y.jpg,
https://wx1.sinaimg.cn/large/0070WgyBgy1hunyor4jbjj30zu25ou0x.jpg,
https://wx1.sinaimg.cn/large/007VUVAWgy1hqergx1fgij31vv0u0duf.jpg,
https://wx1.sinaimg.cn/large/007VUVAWgy1hqergxemvvj30u0104ajh.jpg,
https://wx1.sinaimg.cn/large/007VUVAWgy1hqergzce7fj318z0u0wmd.jpg,
https://wx1.sinaimg.cn/large/007VUVAWgy1hqerh4z3pqj31hc0u0h19.jpg,
https://wx1.sinaimg.cn/large/007v2HmQgy1hu4fyinfo2j30u0190acu.jpg,
https://wx1.sinaimg.cn/large/007v2HmQgy1hu4fyj0803j30u018ztcc.jpg,
https://wx1.sinaimg.cn/large/007v2HmQgy1hu4fyjbsiej30u018zad2.jpg,
https://wx1.sinaimg.cn/large/007v2HmQgy1hu4fyjmfxgj30u018ztbt.jpg,
https://wx1.sinaimg.cn/large/007v2HmQgy1hu4fyjywpkj30u018zgon.jpg,
https://wx1.sinaimg.cn/large/007v2HmQgy1hu4fz6otiwj30u018zacy.jpg,
https://wx1.sinaimg.cn/large/007v2HmQgy1huex1cipcdj30u0190jz9.jpg,
https://wx1.sinaimg.cn/large/007v2HmQgy1huex1djmttj30u0190gvj.jpg,
https://wx1.sinaimg.cn/large/007v2HmQly1hpeugy8js9j31hd0u07d2.jpg,
https://wx1.sinaimg.cn/large/007v2HmQly1hqhwb4wyawj30u018zjxz.jpg,
https://wx1.sinaimg.cn/large/007v2HmQly1hqhwb5rofkj318z0u044p.jpg,
https://wx1.sinaimg.cn/large/007v2HmQly1hqhwb61mv3j318z0u0afs.jpg,
https://wx1.sinaimg.cn/large/007v2HmQly1hqhwb6mncaj318z0u0tet.jpg,
https://wx1.sinaimg.cn/large/008BjMpJly8hotvhre2bhj30zk0k0415.jpg,
https://wx1.sinaimg.cn/large/3e054e1ely1hpj1vng8ggj20u018zn2e.jpg,
https://wx1.sinaimg.cn/large/3e054e1ely1hpj1w2dwehj20u018zn3f.jpg,
https://wx1.sinaimg.cn/large/3e054e1ely1hpj1w7dchdj20u018zgrr.jpg,
https://wx1.sinaimg.cn/large/61416830ly1hqjewuk2aoj20u0140n72.jpg,
https://wx1.sinaimg.cn/large/65f363a5gy1hs68m0hprej21n92gvhdu.jpg,
https://wx1.sinaimg.cn/large/65f363a5gy1hs68m6ofq8j21na2gwkjm.jpg,
https://wx1.sinaimg.cn/large/670aabb4gy1hr9t13ewhoj23394mohdv.jpg,
https://wx1.sinaimg.cn/large/670aabb4gy1hr9t1bqdkoj24mo339u0z.jpg,
https://wx1.sinaimg.cn/large/670aabb4gy1hr9t1qt1ihj23394mox6r.jpg,
https://wx1.sinaimg.cn/large/670aabb4gy1hr9t1w9yrzj23394mox6r.jpg,
https://wx1.sinaimg.cn/large/68638d11ly1huh117znfvj20u011iakd.jpg,
https://wx1.sinaimg.cn/large/68638d11ly1huh1196xxdj20u011i42z.jpg,
https://wx1.sinaimg.cn/large/7011f2d7ly1hrs93qo192j21jk0v9qv6.jpg,
https://wx1.sinaimg.cn/large/7011f2d7ly1hrs93s8oecj21jk0v9kjm.jpg,
https://wx1.sinaimg.cn/large/7011f2d7ly1hrs93thjepg21b80shkjp.gif,
https://wx1.sinaimg.cn/large/7011f2d7ly1hrsab4f93rj22bc1qhu0x.jpg,
https://wx1.sinaimg.cn/large/7011f2d7ly1hrsab6u2a2j21jk0v9kjm.jpg,
https://wx1.sinaimg.cn/large/81f937cegy1hrdirzgsbfj21jk0lxx5r.jpg,
https://wx1.sinaimg.cn/large/81f937cegy1hrdirzu0daj21jk0rr4qp.jpg,
https://wx1.sinaimg.cn/large/81f937cegy1hrdis19h2gj21jk0rl1kx.jpg,
https://wx1.sinaimg.cn/large/81f937cegy1hrdishott3j21jk0lhtz7.jpg,
https://wx1.sinaimg.cn/large/97ce4bf0gy1hpdbgtn952j243c64whe3.jpg,
https://wx1.sinaimg.cn/large/97ce4bf0gy1hpdbh8nu7ej279x43cb2h.jpg,
https://wx1.sinaimg.cn/large/97ce4bf0gy1hpw44j3k93j22c03401kz.jpg,
https://wx1.sinaimg.cn/large/97ce4bf0gy1hrz1iroj3zj22eo37ku0x.jpg,
https://wx1.sinaimg.cn/large/9da51f55gy1hppxgtu9opj27c04w07wy.jpg,
https://wx1.sinaimg.cn/large/9da51f55gy1hppxo5xayfj24w07c0x76.jpg,
https://wx1.sinaimg.cn/large/9da51f55gy1hppxocc6uxj27c04w0u1f.jpg,
https://wx1.sinaimg.cn/large/9da51f55gy1hppxojhj97j27c04w04r6.jpg,
https://wx1.sinaimg.cn/large/afad83d2gy1hqccbbtzhij22p81su7wj.jpg,
https://wx1.sinaimg.cn/large/afad83d2gy1hqccbgrpvjj21xg2w4npe.jpg,
https://wx1.sinaimg.cn/large/afad83d2gy1hr2pu19uw3j21jk2bie81.jpg,
https://wx1.sinaimg.cn/large/afad83d2gy1hr2pu5ryhyj22p81spqv5.jpg,
https://wx1.sinaimg.cn/large/e9437311ly1hp6ri669sij243c64w4qy.jpg,
https://wx1.sinaimg.cn/large/e9437311ly1hp6rilohzfj264w43cb2j.jpg,
https://wx1.sinaimg.cn/large/e9437311ly1hp6rioxpl0j215o1qhu0x.jpg,
https://wx1.sinaimg.cn/large/e9437311ly1hp6riyvqn8j243c64wx6w.jpg,
https://wx1.sinaimg.cn/large/e9437311ly1hp6rj4x2thj243c64whe2.jpg,
https://wx1.sinaimg.cn/large/e9437311ly1hp6rjh4n5jj264w43ckju.jpg,
https://wx1.sinaimg.cn/large/e9437311ly1hp6rjq5adkj22bc1jkqv7.jpg,
https://wx1.sinaimg.cn/large/e9437311ly1hp6rjuop1yj264w43cu17.jpg,
https://wx1.sinaimg.cn/large/e9437311ly1hp6rkau03bj243c64we89.jpg,
https://wx1.sinaimg.cn/large/e99817e9ly1hqp6h4a2scj22oh35n4qs.jpg,
https://wx1.sinaimg.cn/large/e99817e9ly1hqp6h73zpqj222436lnpf.jpg,
https://wx1.sinaimg.cn/large/e99817e9ly1hqp6ha83cbj222236y4qs.jpg,
https://wx1.sinaimg.cn/large/e99817e9ly1hqp6hu8vxgj22223881l0.jpg,
https://wx1.sinaimg.cn/large/e9fa3a98gy1hr1x2ozxnqj22c03407wl.jpg,
https://wx1.sinaimg.cn/large/e9fa3a98gy1hr1x35cegzj22c0340hdx.jpg,
https://wx1.sinaimg.cn/large/e9fa3a98gy1hr1x3u8kxhj22c0340u11.jpg,
https://wx1.sinaimg.cn/large/e9fa3a98gy1hr1x45ldunj22c03407wl.jpg,
https://wx1.sinaimg.cn/large/e9fa3a98gy1hr1x4hnpsej24df3a27wm.jpg,
https://wx1.sinaimg.cn/large/e9fa3a98gy1hrsc7bpusyj24df3a2qv7.jpg,
https://wx1.sinaimg.cn/large/e9fa3a98gy1hrsc7grxdwj21401hchan.jpg,
https://wx1.sinaimg.cn/large/e9fa3a98gy1hrsc7on732j24df3a2u0z.jpg,
https://wx1.sinaimg.cn/large/e9fa3a98gy1hrscfr9ls5j22c0340npf.jpg,
https://wx1.sinaimg.cn/large/e9fa3a98gy1hrscfvgbk9j22c0340b2b.jpg,
https://wx1.sinaimg.cn/large/e9fa3a98gy1hrscg46so6j22c0340hdv.jpg,
https://wx1.sinaimg.cn/large/e9fa3a98gy1hrscgc5y0vj22c0340kjm.jpg,
https://wx1.sinaimg.cn/large/e9fa3a98gy1hrsf5bmdeqj22c0340u0z.jpg,
https://wx1.sinaimg.cn/large/e9fa3a98gy1hrsf5d3o8uj20zk1bfgue.jpg,
https://wx1.sinaimg.cn/large/e9fa3a98gy1hrsf5dmzydj20zk1bfwy0.jpg,
https://wx1.sinaimg.cn/large/e9fa3a98gy1hrsf9tladtj22c03404qs.jpg,
https://wx1.sinaimg.cn/large/e9fa3a98gy1hrsf9vche3j22c0340x6r.jpg,
https://wx1.sinaimg.cn/large/e9fa3a98gy1hrsf9x43ghj22c0340kjn.jpg,
https://wx1.sinaimg.cn/large/e9fa3a98gy1hrsff7yqnvj21hc0u0wvg.jpg,
https://wx1.sinaimg.cn/large/e9fa3a98gy1hsz6dc3ztdj22c0340e83.jpg,
https://wx1.sinaimg.cn/large/e9fa3a98gy1hsz6drce3qj24df3a2npi.jpg,
https://wx1.sinaimg.cn/large/e9fa3a98gy1hsz6dtlnkij24df3a2x6u.jpg,
https://wx1.sinaimg.cn/large/e9fa3a98gy1hu2tll8p1oj24df3a2qv7.jpg,
https://wx1.sinaimg.cn/large/e9fa3a98gy1hu2tlq4saaj24df3a2x6q.jpg,
https://wx1.sinaimg.cn/large/e9fa3a98gy1hu2tlu5axzj23a24dfx6r.jpg,
https://wx1.sinaimg.cn/large/e9fa3a98gy1hu2tmc9z1xj21hc0u0azx.jpg,
https://wx1.sinaimg.cn/large/e9fa3a98gy1hu80g06pcpj22c03407wk.jpg,
https://wx1.sinaimg.cn/large/e9fa3a98gy1hu80g3ot4uj24df3a27wl.jpg,
https://wx1.sinaimg.cn/large/e9fa3a98gy1hu80glo1byj22c036h4qy.jpg,
https://wx1.sinaimg.cn/large/e9fa3a98gy1hu80gsahm8j22c0340hdw.jpg,
https://wx1.sinaimg.cn/large/e9fa3a98gy1hu80guh4unj22c0340hdw.jpg,
https://wx1.sinaimg.cn/orj480/0033ImPzly1hpmcthpe4tj61hc0u0x6p02.jpg,
https://wx1.sinaimg.cn/orj480/006TIZIXly1hqsgqgy4m6j30k00zk76a.jpg,
https://wx1.sinaimg.cn/orj480/006YYk9Rly1hs7hkn75qpj31hc0u0dh7.jpg,
https://wx1.sinaimg.cn/orj480/006vBGQkly1hrf6azflllj31hc0u0ac5.jpg,
https://wx1.sinaimg.cn/orj480/008E6rA8ly1hr51djg8rnj30zk0k0js0.jpg,
https://wx1.sinaimg.cn/orj480/9493cb3bgy1hqms06vdh1j20u01hc7be.jpg,
https://wx1.sinaimg.cn/orj480/e9fa3a98gy1hu6v6efkn2j20u01hctpr.jpg,
https://wx2.sinaimg.cn/crop.0.81.1500.834/65f363a5gy1huxdt51f0yj215o0rsk49.jpg,
https://wx2.sinaimg.cn/large/006187zHgy1hr7sa6nkftj36dc48wb2k.jpg,
https://wx2.sinaimg.cn/large/006187zHgy1hr7seqtatlj36dc48whe0.jpg,
https://wx2.sinaimg.cn/large/006187zHgy1hrs1ao6kijj37c04w01l8.jpg,
https://wx2.sinaimg.cn/large/006187zHgy1hrs1ay6y3hj34w07c0e8f.jpg,
https://wx2.sinaimg.cn/large/006187zHgy1hrs1bq2nulj35eb3ljhe0.jpg,
https://wx2.sinaimg.cn/large/006187zHgy1hrs1bulgnoj31s035shdv.jpg,
https://wx2.sinaimg.cn/large/006CoHs7ly1hpkg7y23gzj34eo2xskjm.jpg,
https://wx2.sinaimg.cn/large/006CoHs7ly1hpkg83gf2fj32xs4eob2b.jpg,
https://wx2.sinaimg.cn/large/006CoHs7ly1hpkg85bz5pj34eo2xshdv.jpg,
https://wx2.sinaimg.cn/large/006CoHs7ly1hpkgjo874oj35eo3ls7wq.jpg,
https://wx2.sinaimg.cn/large/006TIZIXgy1hgru8rd7g0j339c268qv6.jpg,
https://wx2.sinaimg.cn/large/006TIZIXly1hp85jfzkeuj32io1w0x6p.jpg,
https://wx2.sinaimg.cn/large/006TIZIXly1hp864uooeqj31r0340qv7.jpg,
https://wx2.sinaimg.cn/large/006TIZIXly1hp86imko1gj327s2ydhdt.jpg,
https://wx2.sinaimg.cn/large/006TIZIXly1hp86npbek3j31w02iox6p.jpg,
https://wx2.sinaimg.cn/large/006TIZIXly1hp875x10yoj31w02iokjl.jpg,
https://wx2.sinaimg.cn/large/006TIZIXly1hp875x8lokj31w02ioqv5.jpg,
https://wx2.sinaimg.cn/large/006TIZIXly1hp877h4kl4j31w02iou0x.jpg,
https://wx2.sinaimg.cn/large/006TIZIXly1hpmvpshq6yj31w02iob29.jpg,
https://wx2.sinaimg.cn/large/006TIZIXly1hpq8hquhloj31rh2cmb2a.jpg,
https://wx2.sinaimg.cn/large/006TIZIXly1hpq8hs0jeoj31w02ionpe.jpg,
https://wx2.sinaimg.cn/large/006TIZIXly1hpw42qxsvsj30zk1be4bl.jpg,
https://wx2.sinaimg.cn/large/006TIZIXly1hpw42qzwr8j30zj1bek6i.jpg,
https://wx2.sinaimg.cn/large/006TIZIXly1hq43dtprqdj31hc1z4e81.jpg,
https://wx2.sinaimg.cn/large/006TIZIXly1hq43dtsjxjj31hc1z4kjl.jpg,
https://wx2.sinaimg.cn/large/006TIZIXly1hq43du3ee4j31hc1z3e81.jpg,
https://wx2.sinaimg.cn/large/006TIZIXly1hqcouku52dj31w02io7wh.jpg,
https://wx2.sinaimg.cn/large/006TIZIXly1hqcow9diuqj31w02ioe81.jpg,
https://wx2.sinaimg.cn/large/006TIZIXly1hqgx9ew3q0j31w02io4qp.jpg,
https://wx2.sinaimg.cn/large/006TIZIXly1hqkc2o1m79j31rr2d0hdu.jpg,
https://wx2.sinaimg.cn/large/006TIZIXly1hqkcswxw91j316g0qm79a.jpg,
https://wx2.sinaimg.cn/large/006TIZIXly1hqkcswyob0j316o0pvn5l.jpg,
https://wx2.sinaimg.cn/large/006TIZIXly1hqkcsxgy13j31420rwk05.jpg,
https://wx2.sinaimg.cn/large/006TIZIXly1hqkcsxhzfjj318r0r5qci.jpg,
https://wx2.sinaimg.cn/large/006TIZIXly1hqmxtnuvinj31w02ioqv5.jpg,
https://wx2.sinaimg.cn/large/006TIZIXly1hqsgshmcxxj31401hc1kx.jpg,
https://wx2.sinaimg.cn/large/006TIZIXly1hr0qej6hnmj31jk2bc1kx.jpg,
https://wx2.sinaimg.cn/large/006TIZIXly1hr0qej877tj31jk2bc4qp.jpg,
https://wx2.sinaimg.cn/large/006TIZIXly1hr0qej8ubaj31jk2bc1kx.jpg,
https://wx2.sinaimg.cn/large/006TIZIXly1hr2rwl332oj31hc0u4e81.jpg,
https://wx2.sinaimg.cn/large/006TIZIXly1hreajnrptbj33344mokjn.jpg,
https://wx2.sinaimg.cn/large/006TIZIXly1hreajnw7alj33344mohdv.jpg,
https://wx2.sinaimg.cn/large/006TIZIXly1hrllrqe5yfj30u0140q9x.jpg,
https://wx2.sinaimg.cn/large/006TIZIXly1hruw3dbdj0j30u0140afj.jpg,
https://wx2.sinaimg.cn/large/006TIZIXly1hruw3dcliej30xc3p94hy.jpg,
https://wx2.sinaimg.cn/large/006TIZIXly1hs3n387ojuj35o33s4kjr.jpg,
https://wx2.sinaimg.cn/large/006TIZIXly1hs3n39lggnj33s45o3npi.jpg,
https://wx2.sinaimg.cn/large/006TIZIXly1hs4z31fpanj31o0280npd.jpg,
https://wx2.sinaimg.cn/large/006TIZIXly1hs4z3gaajej33s35o4e87.jpg,
https://wx2.sinaimg.cn/large/006TIZIXly1hsz065seefj32dc2dcx6p.jpg,
https://wx2.sinaimg.cn/large/006TIZIXly1ht78reqxxbj30zk0zkqdi.jpg,
https://wx2.sinaimg.cn/large/006TIZIXly1hu0bvn8qlkj31w02io7wj.jpg,
https://wx2.sinaimg.cn/large/006TIZIXly1hu5q4rpp5cj315o3gunpd.jpg,
https://wx2.sinaimg.cn/large/006TIZIXly1hu5q4tf8zej310b4db1ky.jpg,
https://wx2.sinaimg.cn/large/006TIZIXly1hu5q5asri5j33s35o4e85.jpg,
https://wx2.sinaimg.cn/large/006TIZIXly1hud1s5birxj32di4801l1.jpg,
https://wx2.sinaimg.cn/large/006TIZIXly1hud1s5s1i2j32di4801l3.jpg,
https://wx2.sinaimg.cn/large/006TIZIXly1huh87dkhx5j328r2zo7wj.jpg,
https://wx2.sinaimg.cn/large/006TIZIXly1hukt0e62n5j32c0340x6r.jpg,
https://wx2.sinaimg.cn/large/006TIZIXly1hukt0fyrs4j32c0340kjo.jpg,
https://wx2.sinaimg.cn/large/006TIZIXly1huxh03y1g4j31k02r4b29.jpg,
https://wx2.sinaimg.cn/large/006TIZIXly1huxh05dv8ij31r32c34qq.jpg,
https://wx2.sinaimg.cn/large/006TIZIXly1huymvln37jj32bc1jku0y.jpg,
https://wx2.sinaimg.cn/large/006TIZIXly1huymw8g3r0j31jk2bckjm.jpg,
https://wx2.sinaimg.cn/large/006pyPFngy1hum7cls96zj33z45you15.jpg,
https://wx2.sinaimg.cn/large/006pyPFngy1hum7shfwn6j35zs8zku1d.jpg,
https://wx2.sinaimg.cn/large/006pyPFngy1hur32knjwyj32c0340kjm.jpg,
https://wx2.sinaimg.cn/large/006pyPFngy1hur32pon7qj32c0340hdu.jpg,
https://wx2.sinaimg.cn/large/006pyPFngy1hur33ts38bj35zs9cye8g.jpg,
https://wx2.sinaimg.cn/large/006pyPFngy1hur340gne5j33344uahe3.jpg,
https://wx2.sinaimg.cn/large/006pyPFngy1hur348kewpj33h059n7wu.jpg,
https://wx2.sinaimg.cn/large/006pyPFngy1hur3hn5jxuj30u0140q9u.jpg,
https://wx2.sinaimg.cn/large/0070WgyBgy1huny378e7zj31j00xn17p.jpg,
https://wx2.sinaimg.cn/large/0070WgyBgy1hunyoltr23j30u01hc7kh.jpg,
https://wx2.sinaimg.cn/large/007VUVAWgy1hqergqwcx4j31hb0u07hk.jpg,
https://wx2.sinaimg.cn/large/007VUVAWgy1hqergqwe55j31hh0u046o.jpg,
https://wx2.sinaimg.cn/large/007VUVAWgy1hqergrr0pvj31ht0u0tg5.jpg,
https://wx2.sinaimg.cn/large/007VUVAWgy1hqergsoh9oj30p03qq1kx.jpg,
https://wx2.sinaimg.cn/large/007VUVAWgy1hqerh1mjepj31ev0u0dnz.jpg,
https://wx2.sinaimg.cn/large/007VUVAWgy1hqerh7dlikj31hc0u0k3j.jpg,
https://wx2.sinaimg.cn/large/007VUVAWgy1hqew6pj17ij33341qinpe.jpg,
https://wx2.sinaimg.cn/large/007v2HmQgy1hu4fykrp0gj30u018z0vz.jpg,
https://wx2.sinaimg.cn/large/007v2HmQgy1huex8t59a0j30u0190wn8.jpg,
https://wx2.sinaimg.cn/large/007v2HmQly1hpeugvfbfwj30u018zwj3.jpg,
https://wx2.sinaimg.cn/large/007v2HmQly1hpeugw95p7j31hc0u0gue.jpg,
https://wx2.sinaimg.cn/large/007v2HmQly1hpeugxa1a4j32yn0u0x1y.jpg,
https://wx2.sinaimg.cn/large/007v2HmQly1hqhwb2o1djj318z0u0gr9.jpg,
https://wx2.sinaimg.cn/large/007v2HmQly1hqhwb2xzaxj318z0u0tes.jpg,
https://wx2.sinaimg.cn/large/007v2HmQly1hqhwb4i469j318z0u0dma.jpg,
https://wx2.sinaimg.cn/large/007v2HmQly1hqhwb574uyj318z0u0dm6.jpg,
https://wx2.sinaimg.cn/large/007v2HmQly1hqhwb7rofuj30u018zwk3.jpg,
https://wx2.sinaimg.cn/large/008BGVEqly8hrhvnkddbzj30zk0k0q6b.jpg,
https://wx2.sinaimg.cn/large/008BjMpWly8hpy10qojgej30zk0k076x.jpg,
https://wx2.sinaimg.cn/large/008BjMpYly8hs4sq7ntoij30zk0k077f.jpg,
https://wx2.sinaimg.cn/large/3e054e1ely1hpj1vd3vk0j218z0u0afu.jpg,
https://wx2.sinaimg.cn/large/3e054e1ely1hpj1viw9jqj218z0u0agk.jpg,
https://wx2.sinaimg.cn/large/3e054e1ely1hpj1wc98wxj218z0u0q9c.jpg,
https://wx2.sinaimg.cn/large/3e054e1ely1hpr801uatfj20u0190q5v.jpg,
https://wx2.sinaimg.cn/large/3e054e1ely1hpr802n7e9j20u019043j.jpg,
https://wx2.sinaimg.cn/large/3e054e1ely1hpr803xp5yj21900u0tbw.jpg,
https://wx2.sinaimg.cn/large/65f363a5gy1hs68l69jz7j21n92gw7wi.jpg,
https://wx2.sinaimg.cn/large/65f363a5gy1hs68le8h2bj22gw1nab2b.jpg,
https://wx2.sinaimg.cn/large/670aabb4gy1hr9t0vhu8wj23394mohdv.jpg,
https://wx2.sinaimg.cn/large/670aabb4gy1hr9t17koqyj23394moe84.jpg,
https://wx2.sinaimg.cn/large/68638d11ly1huh117071aj20u011iajf.jpg,
https://wx2.sinaimg.cn/large/6b8c14f8gy1hsflulhac9j21jk0wc7a4.jpg,
https://wx2.sinaimg.cn/large/6b8c14f8gy1hsflux6n47j21jk0wcdk4.jpg,
https://wx2.sinaimg.cn/large/6b8c14f8gy1hsflv3ouztj21jk0vp41h.jpg,
https://wx2.sinaimg.cn/large/6b8c14f8gy1hsflvcty40j213g1jk0zm.jpg,
https://wx2.sinaimg.cn/large/6b8c14f8gy1hsflwrk0xij20vg1owtcq.jpg,
https://wx2.sinaimg.cn/large/7011f2d7ly1hrs93m5itqj21q80z04qr.jpg,
https://wx2.sinaimg.cn/large/7011f2d7ly1hrs93qnjnfj21jk0v9kjm.jpg,
https://wx2.sinaimg.cn/large/81f937cegy1hrdirykbjuj21jk0p31kx.jpg,
https://wx2.sinaimg.cn/large/81f937cegy1hrdirzo82pj21jk0pk4qp.jpg,
https://wx2.sinaimg.cn/large/81f937cegy1hrdis094gvj21jk0k07qg.jpg,
https://wx2.sinaimg.cn/large/81f937cegy1hrdis0ggdxj21jk0or7wh.jpg,
https://wx2.sinaimg.cn/large/81f937cegy1hrdis5wxgzj21jk0lr4ps.jpg,
https://wx2.sinaimg.cn/large/81f937cegy1hrdisbxiepj21jk0n81kx.jpg,
https://wx2.sinaimg.cn/large/81f937cegy1hrdisc7kh2j21jk0r44qp.jpg,
https://wx2.sinaimg.cn/large/97ce4bf0gy1hpcb9vc0ipj27g846whe1.jpg,
https://wx2.sinaimg.cn/large/97ce4bf0gy1hpdbfbwsilj24dc6bg4qx.jpg,
https://wx2.sinaimg.cn/large/97ce4bf0gy1hpdbhge48uj243c64w4r0.jpg,
https://wx2.sinaimg.cn/large/9da51f55gy1hppxh9t8cqj23a2402b2b.jpg,
https://wx2.sinaimg.cn/large/9da51f55gy1hppxnwz2vyj24hv6qs4r4.jpg,
https://wx2.sinaimg.cn/large/9da51f55gy1hppxp6q0iwj27c04w07x0.jpg,
https://wx2.sinaimg.cn/large/9da51f55gy1hppxpjseanj27c04w0heb.jpg,
https://wx2.sinaimg.cn/large/9da51f55gy1hppxpzy01vj220n4d8u0y.jpg,
https://wx2.sinaimg.cn/large/afad83d2gy1hqccb6g6oaj21xg2w4u0y.jpg,
https://wx2.sinaimg.cn/large/afad83d2gy1hqccbkcvdxj21xg2w4kjm.jpg,
https://wx2.sinaimg.cn/large/afad83d2gy1hqccbr1qdaj22p81sux6q.jpg,
https://wx2.sinaimg.cn/large/afad83d2gy1hqccce7z1nj21xg2w4x6q.jpg,
https://wx2.sinaimg.cn/large/afad83d2gy1hr2pu4crz1j22p81spnpd.jpg,
https://wx2.sinaimg.cn/large/afad83d2gy1hr2pu6v540j21jk2bi7wh.jpg,
https://wx2.sinaimg.cn/large/e9437311ly1hp6rib3bc7j243c64wqvd.jpg,
https://wx2.sinaimg.cn/large/e9437311ly1hp6rig3etaj243c64wqvd.jpg,
https://wx2.sinaimg.cn/large/e9437311ly1hp6rk4stwnj264w43che2.jpg,
https://wx2.sinaimg.cn/large/e99817e9ly1hqp6hg1r8bj222233rb2b.jpg,
https://wx2.sinaimg.cn/large/e99817e9ly1hqp6hnlcaxj228z3884qr.jpg,
https://wx2.sinaimg.cn/large/e9fa3a98gy1hr1x1cev4hj22c03404qt.jpg,
https://wx2.sinaimg.cn/large/e9fa3a98gy1hr1x1mknwwj22c03404qt.jpg,
https://wx2.sinaimg.cn/large/e9fa3a98gy1hr1x2x8r0ej22c0340kjp.jpg,
https://wx2.sinaimg.cn/large/e9fa3a98gy1hr1x4boy06j24df3a27wo.jpg,
https://wx2.sinaimg.cn/large/e9fa3a98gy1hr1x4ltmglj24df3a24qu.jpg,
https://wx2.sinaimg.cn/large/e9fa3a98gy1hr1x4q0kh0j24df3a2e87.jpg,
https://wx2.sinaimg.cn/large/e9fa3a98gy1hr1x4xjm2yj24df3a2hdz.jpg,
https://wx2.sinaimg.cn/large/e9fa3a98gy1hrsc7ehwfbj23a24dfe83.jpg,
https://wx2.sinaimg.cn/large/e9fa3a98gy1hrscffdnrjj22c0340hdv.jpg,
https://wx2.sinaimg.cn/large/e9fa3a98gy1hrscflbcfzj22c0340kjn.jpg,
https://wx2.sinaimg.cn/large/e9fa3a98gy1hrsf59l1i8j22c03401l0.jpg,
https://wx2.sinaimg.cn/large/e9fa3a98gy1hrsf9nbb0rj22c0340b2b.jpg,
https://wx2.sinaimg.cn/large/e9fa3a98gy1hrsf9os2qrj22c0340qv6.jpg,
https://wx2.sinaimg.cn/large/e9fa3a98gy1hsz6d65buij22c0340hdv.jpg,
https://wx2.sinaimg.cn/large/e9fa3a98gy1hsz6d951kdj22c0340e83.jpg,
https://wx2.sinaimg.cn/large/e9fa3a98gy1hsz6db0nnwj22c03407wk.jpg,
https://wx2.sinaimg.cn/large/e9fa3a98gy1hsz6dinnlhj24df3a2kjs.jpg,
https://wx2.sinaimg.cn/large/e9fa3a98gy1hu2tlk43hbj24df3a2b2c.jpg,
https://wx2.sinaimg.cn/large/e9fa3a98gy1hu2tlmc4qoj24df3a2x6r.jpg,
https://wx2.sinaimg.cn/large/e9fa3a98gy1hu2tlnit0nj24df3a2kjo.jpg,
https://wx2.sinaimg.cn/large/e9fa3a98gy1hu2tlrifjgj24df3a2kjp.jpg,
https://wx2.sinaimg.cn/large/e9fa3a98gy1hu2tlsurvfj24df3a27wl.jpg,
https://wx2.sinaimg.cn/large/e9fa3a98gy1hu2tlzo6b8j22c03407ws.jpg,
https://wx2.sinaimg.cn/large/e9fa3a98gy1hu2tm7nitbj22c0340he4.jpg,
https://wx2.sinaimg.cn/large/e9fa3a98gy1hu80g29o22j21bk0zo1jy.jpg,
https://wx2.sinaimg.cn/large/e9fa3a98gy1hu80g8rebij24df3a2x6s.jpg,
https://wx2.sinaimg.cn/large/e9fa3a98gy1hu80gavcinj23a24dfkjp.jpg,
https://wx2.sinaimg.cn/large/e9fa3a98gy1hu80gcupe4j22c0340qv8.jpg,
https://wx2.sinaimg.cn/large/e9fa3a98gy1hu80ge72ozj23a24df7wl.jpg,
https://wx2.sinaimg.cn/large/e9fa3a98gy1hu80ghfqg5j23402dkkjv.jpg,
https://wx2.sinaimg.cn/large/e9fa3a98gy1hu80gpm38cj22c0360npn.jpg,
https://wx2.sinaimg.cn/large/e9fa3a98gy1hu80gwb4ooj22c0340kjn.jpg,
https://wx2.sinaimg.cn/orj480/006THKAHly1hpa8scigauj30u00gw0zh.jpg,
https://wx2.sinaimg.cn/orj480/006f8wK2gy1hql90un1n2j61hc0u0b2a02.jpg,
https://wx2.sinaimg.cn/orj480/007v2HmQly1hpkd5g9luuj30u00gxn1b.jpg,
https://wx3.sinaimg.cn/large/006187zHgy1hr7py787w4j35vd3f4qv9.jpg,
https://wx3.sinaimg.cn/large/006187zHgy1hr7pzbjccqj348w6dcqvb.jpg,
https://wx3.sinaimg.cn/large/006187zHgy1hr7s9fz551j36dc48wkjt.jpg,
https://wx3.sinaimg.cn/large/006187zHgy1hr7sffek6nj323u35s7wi.jpg,
https://wx3.sinaimg.cn/large/006187zHgy1hrs1b66q9vj37c044k7wq.jpg,
https://wx3.sinaimg.cn/large/006187zHgy1hrs1bad29jj31s035se83.jpg,
https://wx3.sinaimg.cn/large/006187zHgy1hrs1birnk5j37c04w0kjy.jpg,
https://wx3.sinaimg.cn/large/006CoHs7ly1hpkgj89l9vj32xs4gpx6r.jpg,
https://wx3.sinaimg.cn/large/006CoHs7ly1hpkgja26ewj32xs4ptb2b.jpg,
https://wx3.sinaimg.cn/large/006TIZIXly1hgruc5x39sj326839c4qr.jpg,
https://wx3.sinaimg.cn/large/006TIZIXly1hgruci1l4fj32cs3j67wj.jpg,
https://wx3.sinaimg.cn/large/006TIZIXly1hp864uua2kj31r0340e83.jpg,
https://wx3.sinaimg.cn/large/006TIZIXly1hp86noy06ej31w02io7wi.jpg,
https://wx3.sinaimg.cn/large/006TIZIXly1hp86np99nej31w02ionpd.jpg,
https://wx3.sinaimg.cn/large/006TIZIXly1hp86npdlnbj31w02io7wi.jpg,
https://wx3.sinaimg.cn/large/006TIZIXly1hp86nphulzj31tr2qmu0x.jpg,
https://wx3.sinaimg.cn/large/006TIZIXly1hp86zrcsmgj31w02io1ky.jpg,
https://wx3.sinaimg.cn/large/006TIZIXly1hp86zrqoguj31w02iox6p.jpg,
https://wx3.sinaimg.cn/large/006TIZIXly1hp875wpq22j337k2eonpd.jpg,
https://wx3.sinaimg.cn/large/006TIZIXly1hpmvps9u67j31tz2fz4qp.jpg,
https://wx3.sinaimg.cn/large/006TIZIXly1hpmvpsg213j31na271e81.jpg,
https://wx3.sinaimg.cn/large/006TIZIXly1hpw42s7nl6j31w02iox6p.jpg,
https://wx3.sinaimg.cn/large/006TIZIXly1hq43dtqtspj31hc1z3hdt.jpg,
https://wx3.sinaimg.cn/large/006TIZIXly1hqcow9e8zhj31ry2d9kjl.jpg,
https://wx3.sinaimg.cn/large/006TIZIXly1hqkd02fysqj31w02io7wi.jpg,
https://wx3.sinaimg.cn/large/006TIZIXly1hqsgshj4ybj30zk1bfkfe.jpg,
https://wx3.sinaimg.cn/large/006TIZIXly1hqsgshlojuj31401hchdl.jpg,
https://wx3.sinaimg.cn/large/006TIZIXly1hr0qeiul6tj31jk2bce5l.jpg,
https://wx3.sinaimg.cn/large/006TIZIXly1hr0qejahzjj31jk2bc1kx.jpg,
https://wx3.sinaimg.cn/large/006TIZIXly1hr2rwktvnqj31jk0rs1kx.jpg,
https://wx3.sinaimg.cn/large/006TIZIXly1hr2rwkur9zj31hc0u11kx.jpg,
https://wx3.sinaimg.cn/large/006TIZIXly1hr2rwl3d6dj31hc0u1e81.jpg,
https://wx3.sinaimg.cn/large/006TIZIXly1hreajork8dj33344mo1l0.jpg,
https://wx3.sinaimg.cn/large/006TIZIXly1hruw3db37aj30u014043z.jpg,
https://wx3.sinaimg.cn/large/006TIZIXly1hs3n2x70h3j33s35o4b2f.jpg,
https://wx3.sinaimg.cn/large/006TIZIXly1hs4z3549lgj31w02iob2a.jpg,
https://wx3.sinaimg.cn/large/006TIZIXly1hs4z36ssq9j32tc4807wj.jpg,
https://wx3.sinaimg.cn/large/006TIZIXly1hs4z50ylmlj31w02iox6p.jpg,
https://wx3.sinaimg.cn/large/006TIZIXly1hseoag73vej30u0140jxq.jpg,
https://wx3.sinaimg.cn/large/006TIZIXly1hseobldp1jj30u0140dms.jpg,
https://wx3.sinaimg.cn/large/006TIZIXly1hsz0687p7xj32as32dx6p.jpg,
https://wx3.sinaimg.cn/large/006TIZIXly1hu0bvl3o0bj31w02iokjl.jpg,
https://wx3.sinaimg.cn/large/006TIZIXly1hu0bvlc9odj32c0340b2a.jpg,
https://wx3.sinaimg.cn/large/006TIZIXly1hu5q4opv1sj33s35o4nph.jpg,
https://wx3.sinaimg.cn/large/006TIZIXly1hu5q4xmhf5j33s35o4e87.jpg,
https://wx3.sinaimg.cn/large/006TIZIXly1hu5q4zjx87j33s35o44qu.jpg,
https://wx3.sinaimg.cn/large/006TIZIXly1hud1b94qsyj31sr2ec1ky.jpg,
https://wx3.sinaimg.cn/large/006TIZIXly1hud1b95axrj31w02io4qq.jpg,
https://wx3.sinaimg.cn/large/006TIZIXly1hud1b9vqsjj329d30h7wi.jpg,
https://wx3.sinaimg.cn/large/006TIZIXly1hud1ba2f4gj31w02iohdu.jpg,
https://wx3.sinaimg.cn/large/006TIZIXly1huh87dlhbvj32dc35s7wj.jpg,
https://wx3.sinaimg.cn/large/006TIZIXly1huxh03u17cj31k02r47wh.jpg,
https://wx3.sinaimg.cn/large/006TIZIXly1huxh04mu39j31k02r8hdt.jpg,
https://wx3.sinaimg.cn/large/006TIZIXly1huxh05j6zqj31sf2dwe82.jpg,
https://wx3.sinaimg.cn/large/006TIZIXly1huymv7y1qlj31jk2bc4qr.jpg,
https://wx3.sinaimg.cn/large/006TIZIXly1huymwpt90dj32bc1jkqv6.jpg,
https://wx3.sinaimg.cn/large/006pyPFngy1hum7gay7vcj33z45yob2k.jpg,
https://wx3.sinaimg.cn/large/006pyPFngy1hum7p7qv3pj35zs8zkqvj.jpg,
https://wx3.sinaimg.cn/large/006pyPFngy1hur32ohip8j32c0340b2b.jpg,
https://wx3.sinaimg.cn/large/006pyPFngy1hur334ecpqj33h057gqvg.jpg,
https://wx3.sinaimg.cn/large/0070WgyBgy1huny377kb0j31j00xngx4.jpg,
https://wx3.sinaimg.cn/large/0070WgyBgy1huny378myqj31j00xnap1.jpg,
https://wx3.sinaimg.cn/large/0070WgyBgy1huny379541j31j00xn7o2.jpg,
https://wx3.sinaimg.cn/large/007VUVAWgy1hqergqyqbij31d90u00y8.jpg,
https://wx3.sinaimg.cn/large/007VUVAWgy1hqergrehx3j31hc0u07dt.jpg,
https://wx3.sinaimg.cn/large/007VUVAWgy1hqerguh7vzj31900u0qbp.jpg,
https://wx3.sinaimg.cn/large/007VUVAWgy1hqerh5ixssj31hc0u07e4.jpg,
https://wx3.sinaimg.cn/large/007VUVAWgy1hqerh7y1yrj318z0u0ahm.jpg,
https://wx3.sinaimg.cn/large/007v2HmQgy1hu4fyk89zjj30u018zad0.jpg,
https://wx3.sinaimg.cn/large/007v2HmQgy1huex81cgrcj31900u0qbs.jpg,
https://wx3.sinaimg.cn/large/007v2HmQly1hpeugvquerj31hc0u0wj4.jpg,
https://wx3.sinaimg.cn/large/007v2HmQly1hpeugvy5rlj30u018zadi.jpg,
https://wx3.sinaimg.cn/large/007v2HmQly1hpeugxos56j31hb0u010y.jpg,
https://wx3.sinaimg.cn/large/007v2HmQly1hqhwb5hn70j30u018zjy4.jpg,
https://wx3.sinaimg.cn/large/007v2HmQly1hqhwb6bdfpj30u018zdl9.jpg,
https://wx3.sinaimg.cn/large/007v2HmQly1hqhwb6yqkej30u018zdls.jpg,
https://wx3.sinaimg.cn/large/007v2HmQly1hqhwb7dzr0j318z0u0wlh.jpg,
https://wx3.sinaimg.cn/large/007v2HmQly1hqhwb8djnej318z0u0jyj.jpg,
https://wx3.sinaimg.cn/large/008C74eVly8hpnwhwkghuj30zk0k00vi.jpg,
https://wx3.sinaimg.cn/large/3e054e1ely1hpj1v6upizj20u018zjwv.jpg,
https://wx3.sinaimg.cn/large/3e054e1ely1hpr80275trj21900u042t.jpg,
https://wx3.sinaimg.cn/large/3e054e1ely1hpr802f8h3j20u019042a.jpg,
https://wx3.sinaimg.cn/large/61416830ly1hqjewtq9j2j20u01407ct.jpg,
https://wx3.sinaimg.cn/large/61416830ly1hqjey7symtj20u0140dnw.jpg,
https://wx3.sinaimg.cn/large/65f363a5gy1hs68l8whp9j22gw3pchdw.jpg,
https://wx3.sinaimg.cn/large/65f363a5gy1hs68l9u5nsj21na2gw7wi.jpg,
https://wx3.sinaimg.cn/large/65f363a5gy1hs68lhb6h5j22gw1n9npd.jpg,
https://wx3.sinaimg.cn/large/670aabb4gy1hr9t0zkjiuj24mo3394qs.jpg,
https://wx3.sinaimg.cn/large/6b8c14f8gy1hsflurzk5fj21jk0regq1.jpg,
https://wx3.sinaimg.cn/large/6b8c14f8gy1hsflv5tnbsj21jk0vpjux.jpg,
https://wx3.sinaimg.cn/large/6b8c14f8gy1hsflv7uzlkj21ow10hn4h.jpg,
https://wx3.sinaimg.cn/large/7011f2d7ly1hrs93rrywoj21jk0v9npe.jpg,
https://wx3.sinaimg.cn/large/7011f2d7ly1hrs93t2q8vj21q80z0x6q.jpg,
https://wx3.sinaimg.cn/large/7011f2d7ly1hrsabowb6bj20v91vo7wh.jpg,
https://wx3.sinaimg.cn/large/81f937cegy1hrdi65amlyj20zc0l0qbu.jpg,
https://wx3.sinaimg.cn/large/81f937cegy1hrdihk6fwtj21jk17xnpd.jpg,
https://wx3.sinaimg.cn/large/81f937cegy1hrdirq914qj21jk0pm1hu.jpg,
https://wx3.sinaimg.cn/large/81f937cegy1hrdirzhyejj21jk0l61kx.jpg,
https://wx3.sinaimg.cn/large/81f937cegy1hrdisscet6j21jk2ddu0x.jpg,
https://wx3.sinaimg.cn/large/97ce4bf0gy1hpdbfjfkquj243c64wb2j.jpg,
https://wx3.sinaimg.cn/large/97ce4bf0gy1hpdbgg55txj279x43cqvd.jpg,
https://wx3.sinaimg.cn/large/97ce4bf0gy1hpdbh01hubj279x43cnpl.jpg,
https://wx3.sinaimg.cn/large/97ce4bf0gy1hpdbhpirlmj243c64wnpq.jpg,
https://wx3.sinaimg.cn/large/97ce4bf0gy1hrz1iqvgz6j20u01hcajp.jpg,
https://wx3.sinaimg.cn/large/9da51f55gy1hppxnhvnitj27c04w0b2r.jpg,
https://wx3.sinaimg.cn/large/9da51f55gy1hppxnyzn0kj220n4d84qq.jpg,
https://wx3.sinaimg.cn/large/9da51f55gy1hppxpqs1gxj27et4xvhea.jpg,
https://wx3.sinaimg.cn/large/afad83d2gy1hqccbxorsej22p81sub2a.jpg,
https://wx3.sinaimg.cn/large/afad83d2gy1hqccc57i76j22p81suu0y.jpg,
https://wx3.sinaimg.cn/large/e9437311ly1hp6ri1557fj243c64w7wp.jpg,
https://wx3.sinaimg.cn/large/e9437311ly1hp6ritqi9pj264w43cnpl.jpg,
https://wx3.sinaimg.cn/large/e9437311ly1hp6rjz0plhj243c64w7wp.jpg,
https://wx3.sinaimg.cn/large/e9fa3a98gy1hr1x3178ovj22c03407wl.jpg,
https://wx3.sinaimg.cn/large/e9fa3a98gy1hr1x3gvwu2j22c03401l1.jpg,
https://wx3.sinaimg.cn/large/e9fa3a98gy1hrsc7jh1zjj24df3a2x6q.jpg,
https://wx3.sinaimg.cn/large/e9fa3a98gy1hrsc7m96xbj24df3a2npf.jpg,
https://wx3.sinaimg.cn/large/e9fa3a98gy1hrscfz8ucaj22c03401kz.jpg,
https://wx3.sinaimg.cn/large/e9fa3a98gy1hrsf9renaaj22c0340b2c.jpg,
https://wx3.sinaimg.cn/large/e9fa3a98gy1hsz6d502mdj22c0340qv7.jpg,
https://wx3.sinaimg.cn/large/e9fa3a98gy1hsz6deruqlj22c0340e83.jpg,
https://wx3.sinaimg.cn/large/e9fa3a98gy1hsz6dginenj23a24dfx6t.jpg,
https://wx3.sinaimg.cn/large/e9fa3a98gy1hsz6dpbt57j24df3a2nph.jpg,
https://wx3.sinaimg.cn/large/e9fa3a98gy1hu2tloy0tnj24df3a2e85.jpg,
https://wx3.sinaimg.cn/large/e9fa3a98gy1hu2toswurqj23402c0qvg.jpg,
https://wx3.sinaimg.cn/large/e9fa3a98gy1hu80g59kiqj24df3a27wl.jpg,
https://wx3.sinaimg.cn/large/e9fa3a98gy1hu80gyg122j22c03407wk.jpg,
https://wx3.sinaimg.cn/orj480/006TIZIXly1hra65dgyvyj30u01hcdiq.jpg,
https://wx3.sinaimg.cn/orj480/006TIZIXly1hseo8p9at6j30u01hcgop.jpg,
https://wx3.sinaimg.cn/orj480/717e3b0dgy1hqr7he1536j20k00zkq8b.jpg,
https://wx3.sinaimg.cn/orj480/7707abb6gy1hu6odwerfmj20u01hd43l.jpg,
https://wx4.sinaimg.cn/large/006187zHgy1hr7sf0k3v7j36dc48wkjr.jpg,
https://wx4.sinaimg.cn/large/006187zHgy1hr7sf9n1i9j36dc3h87wm.jpg,
https://wx4.sinaimg.cn/large/006187zHgy1hr7sfqoxn3j36dc3iou13.jpg,
https://wx4.sinaimg.cn/large/006187zHgy1hrs10n2fyej37c044k7ws.jpg,
https://wx4.sinaimg.cn/large/006CoHs7ly1hpkgj6degjj34eo2xsx6q.jpg,
https://wx4.sinaimg.cn/large/006TIZIXly1hgruccsgsgj326839c7wk.jpg,
https://wx4.sinaimg.cn/large/006TIZIXly1hgruclesoxj326839cqv5.jpg,
https://wx4.sinaimg.cn/large/006TIZIXly1hgrucx8bmgj326839ckjn.jpg,
https://wx4.sinaimg.cn/large/006TIZIXly1hgrud365ztj326839c1kz.jpg,
https://wx4.sinaimg.cn/large/006TIZIXly1hgruda79i1j326839ckjn.jpg,
https://wx4.sinaimg.cn/large/006TIZIXly1hp864uk3lmj31r0340qv7.jpg,
https://wx4.sinaimg.cn/large/006TIZIXly1hp86il06tlj31z32mu7wh.jpg,
https://wx4.sinaimg.cn/large/006TIZIXly1hp86imh45bj32a031chdt.jpg,
https://wx4.sinaimg.cn/large/006TIZIXly1hp86imkp8lj32792xohdt.jpg,
https://wx4.sinaimg.cn/large/006TIZIXly1hp86nmgv5hj31pz2kye81.jpg,
https://wx4.sinaimg.cn/large/006TIZIXly1hp86nphdvuj31w02io1ky.jpg,
https://wx4.sinaimg.cn/large/006TIZIXly1hp86npia80j31ui2rrx6p.jpg,
https://wx4.sinaimg.cn/large/006TIZIXly1hp86zn8ir6j31m72fb7wh.jpg,
https://wx4.sinaimg.cn/large/006TIZIXly1hp86zrfbvlj31ru2d5x6p.jpg,
https://wx4.sinaimg.cn/large/006TIZIXly1hp877h237zj31w02ionpd.jpg,
https://wx4.sinaimg.cn/large/006TIZIXly1hp877n8m9lj31w02iohdt.jpg,
https://wx4.sinaimg.cn/large/006TIZIXly1hpmvps7huvj31p529j1kx.jpg,
https://wx4.sinaimg.cn/large/006TIZIXly1hpmvpsrgzpj31w02io1ky.jpg,
https://wx4.sinaimg.cn/large/006TIZIXly1hpq8hrd1z7j31me25wb2a.jpg,
https://wx4.sinaimg.cn/large/006TIZIXly1hpw42qu3mqj30zj1beq6v.jpg,
https://wx4.sinaimg.cn/large/006TIZIXly1hpw42qvad7j30zj1begx4.jpg,
https://wx4.sinaimg.cn/large/006TIZIXly1hpw42saw30j31w02ioe82.jpg,
https://wx4.sinaimg.cn/large/006TIZIXly1hqcoukp2m4j31o027zb13.jpg,
https://wx4.sinaimg.cn/large/006TIZIXly1hqcov5z3v5j31w02io7wh.jpg,
https://wx4.sinaimg.cn/large/006TIZIXly1hqcov61s87j31qx2bwe81.jpg,
https://wx4.sinaimg.cn/large/006TIZIXly1hqkc2nrz90j335s2dchdu.jpg,
https://wx4.sinaimg.cn/large/006TIZIXly1hqkc2o7ejij32eo37k4qq.jpg,
https://wx4.sinaimg.cn/large/006TIZIXly1hqkcswy07lj316n0pdgpc.jpg,
https://wx4.sinaimg.cn/large/006TIZIXly1hqkcswymjnj318g0qyjza.jpg,
https://wx4.sinaimg.cn/large/006TIZIXly1hqkd0eidkoj316o0q8n54.jpg,
https://wx4.sinaimg.cn/large/006TIZIXly1hqmxtme0m4j30u0190grf.jpg,
https://wx4.sinaimg.cn/large/006TIZIXly1hqmxtnqgpdj31qh2bbkjl.jpg,
https://wx4.sinaimg.cn/large/006TIZIXly1hr0qej2yb8j31jk2bc1kx.jpg,
https://wx4.sinaimg.cn/large/006TIZIXly1hr0qej88hrj31jk2bc4qp.jpg,
https://wx4.sinaimg.cn/large/006TIZIXly1hr2rwkn7t7j31mc0rve6i.jpg,
https://wx4.sinaimg.cn/large/006TIZIXly1hr2rwktkqhj31hc0u0hck.jpg,
https://wx4.sinaimg.cn/large/006TIZIXly1hr2rwkvrpij31hc0u04qp.jpg,
https://wx4.sinaimg.cn/large/006TIZIXly1hreajinazgj329s3eoqv5.jpg,
https://wx4.sinaimg.cn/large/006TIZIXly1hrealncxuwj33344mo4qs.jpg,
https://wx4.sinaimg.cn/large/006TIZIXly1hrealnnzquj33344moqv8.jpg,
https://wx4.sinaimg.cn/large/006TIZIXly1hrllqm9rupj30u0140ae8.jpg,
https://wx4.sinaimg.cn/large/006TIZIXly1hrllqmbfhsj30u0140tec.jpg,
https://wx4.sinaimg.cn/large/006TIZIXly1hruw3dbap6j30u0140wjg.jpg,
https://wx4.sinaimg.cn/large/006TIZIXly1hs3n2wgrm8j33s45o37wm.jpg,
https://wx4.sinaimg.cn/large/006TIZIXly1hs3n38jmv9j33s35o4qva.jpg,
https://wx4.sinaimg.cn/large/006TIZIXly1hs4z31xhx9j32gw3pc1l0.jpg,
https://wx4.sinaimg.cn/large/006TIZIXly1hs4z3ajfcsj33pc2gwe84.jpg,
https://wx4.sinaimg.cn/large/006TIZIXly1hs4z3gd9arj32dc35se82.jpg,
https://wx4.sinaimg.cn/large/006TIZIXly1hs4z3gfmgpj33s35o4kjr.jpg,
https://wx4.sinaimg.cn/large/006TIZIXly1hs4z3gxozsj33s35o4qvb.jpg,
https://wx4.sinaimg.cn/large/006TIZIXly1hseoagahjuj30xc3p9nou.jpg,
https://wx4.sinaimg.cn/large/006TIZIXly1hseobld9ucj30u0140472.jpg,
https://wx4.sinaimg.cn/large/006TIZIXly1hsz06858vzj32dc35s1ky.jpg,
https://wx4.sinaimg.cn/large/006TIZIXly1ht78revzikj30zj1be48m.jpg,
https://wx4.sinaimg.cn/large/006TIZIXly1ht78reymz1j30zj1begwh.jpg,
https://wx4.sinaimg.cn/large/006TIZIXly1hu0bvm0nyzj31w02ionpd.jpg,
https://wx4.sinaimg.cn/large/006TIZIXly1hu0bvmo8nqj31w02iox6p.jpg,
https://wx4.sinaimg.cn/large/006TIZIXly1hu5q4cmoymj32xs4eo7wl.jpg,
https://wx4.sinaimg.cn/large/006TIZIXly1hu5q4qybm7j33s35o47wn.jpg,
https://wx4.sinaimg.cn/large/006TIZIXly1hu5q56vin4j325c380u0x.jpg,
https://wx4.sinaimg.cn/large/006TIZIXly1hud1b6w5koj31w02iou0x.jpg,
https://wx4.sinaimg.cn/large/006TIZIXly1hud1s83e5yj32di480x6u.jpg,
https://wx4.sinaimg.cn/large/006TIZIXly1huh87dibbej32bj33d1kz.jpg,
https://wx4.sinaimg.cn/large/006TIZIXly1huh89p534oj32dc35se82.jpg,
https://wx4.sinaimg.cn/large/006TIZIXly1hukt0ecmi4j31w02iob2a.jpg,
https://wx4.sinaimg.cn/large/006TIZIXly1huxh05h0mrj31ss2ed7wi.jpg,
https://wx4.sinaimg.cn/large/006TIZIXly1huxh05jtsgj31tv2fte82.jpg,
https://wx4.sinaimg.cn/large/006TIZIXly1huymwn3mzvj31jk2bce83.jpg,
https://wx4.sinaimg.cn/large/006TIZIXly1huymwt103xj31jk2bce83.jpg,
https://wx4.sinaimg.cn/large/006TIZIXly1huymx4lsp1j32bc1jkqv6.jpg,
https://wx4.sinaimg.cn/large/006pyPFngy1hum7hervodj33344mme88.jpg,
https://wx4.sinaimg.cn/large/006pyPFngy1hum7hgaqucj30u019sn1y.jpg,
https://wx4.sinaimg.cn/large/006pyPFngy1hum7mj0xdgj35zs9as4r7.jpg,
https://wx4.sinaimg.cn/large/006pyPFngy1hum7qtvxl4j35zs8zk4rh.jpg,
https://wx4.sinaimg.cn/large/006pyPFngy1hur33lhmlnj33uw5sa4r1.jpg,
https://wx4.sinaimg.cn/large/0070WgyBgy1huny377f6pj31j00xnaoi.jpg,
https://wx4.sinaimg.cn/large/007VUVAWgy1hqergsl8wij31eh0u04dm.jpg,
https://wx4.sinaimg.cn/large/007VUVAWgy1hqew6p4y3vj31lc0tsqld.jpg,
https://wx4.sinaimg.cn/large/007v2HmQgy1hu4fyki738j30u018z771.jpg,
https://wx4.sinaimg.cn/large/007v2HmQgy1huex1d1jr5j31900u0k02.jpg,
https://wx4.sinaimg.cn/large/007v2HmQgy1huex64hpscj31900u0thd.jpg,
https://wx4.sinaimg.cn/large/007v2HmQgy1huex706a0qj30u0190ti5.jpg,
https://wx4.sinaimg.cn/large/007v2HmQgy1huex8nxgdsj30u0190thh.jpg,
https://wx4.sinaimg.cn/large/007v2HmQgy1huexa9nszfj31900u0n8v.jpg,
https://wx4.sinaimg.cn/large/007v2HmQly1hpeugwl0r3j31hc0u010n.jpg,
https://wx4.sinaimg.cn/large/007v2HmQly1hpeugyit4jj31hc0u0qa7.jpg,
https://wx4.sinaimg.cn/large/007v2HmQly1hqhwb82q3rj30u018zafv.jpg,
https://wx4.sinaimg.cn/large/3e054e1ely1hpj1vse6ttj20u018zjx6.jpg,
https://wx4.sinaimg.cn/large/3e054e1ely1hpj1vx2vptj218z0u0tdy.jpg,
https://wx4.sinaimg.cn/large/3e054e1ely1hpr80304duj20u019079c.jpg,
https://wx4.sinaimg.cn/large/3e054e1ely1hpr803ea70j21900u0dlb.jpg,
https://wx4.sinaimg.cn/large/61416830ly1hqjew5bgwyj20u01907bq.jpg,
https://wx4.sinaimg.cn/large/61416830ly1hqjewu25l2j20u0190gs4.jpg,
https://wx4.sinaimg.cn/large/61416830ly1hqjewvlhh7j20u018lwly.jpg,
https://wx4.sinaimg.cn/large/61416830ly1hqjewvzg7oj20u0190wpa.jpg,
https://wx4.sinaimg.cn/large/61416830ly1hqjeyph3bkj20u0140woa.jpg,
https://wx4.sinaimg.cn/large/61416830ly1hqjf0a8c08j20u0190tg7.jpg,
https://wx4.sinaimg.cn/large/65f363a5gy1hry2o8zdz5j20ku3zae81.jpg,
https://wx4.sinaimg.cn/large/65f363a5gy1hs68lfkmxaj22gw1nae82.jpg,
https://wx4.sinaimg.cn/large/65f363a5gy1hs6916a28tj22gv1n9b2a.jpg,
https://wx4.sinaimg.cn/large/670aabb4gy1hr9t1hjhpuj24mo339npf.jpg,
https://wx4.sinaimg.cn/large/670aabb4gy1hr9t1m4mvej23394moqv7.jpg,
https://wx4.sinaimg.cn/large/68638d11ly1huh118hvaxj20u011i462.jpg,
https://wx4.sinaimg.cn/large/6b8c14f8gy1hsflv0ffmpj21jk0lsdiq.jpg,
https://wx4.sinaimg.cn/large/7011f2d7ly1hrs93evsgcj22bc1e81ky.jpg,
https://wx4.sinaimg.cn/large/7011f2d7ly1hrs93qpgrej21jk0v9npe.jpg,
https://wx4.sinaimg.cn/large/81f937cegy1hrdis5dzmuj21jk0rj1kx.jpg,
https://wx4.sinaimg.cn/large/81f937cegy1hrdisfheofj21jk0r2b29.jpg,
https://wx4.sinaimg.cn/large/97ce4bf0gy1hpdbfpwt6zj279y43c1l5.jpg,
https://wx4.sinaimg.cn/large/97ce4bf0gy1hpdbfvjyjlj27g846whe1.jpg,
https://wx4.sinaimg.cn/large/97ce4bf0gy1hpdbg1g1t4j243c64wqve.jpg,
https://wx4.sinaimg.cn/large/97ce4bf0gy1hpdbg8ngkwj279x43cb2k.jpg,
https://wx4.sinaimg.cn/large/97ce4bf0gy1hpdbgm0tglj243c64we8a.jpg,
https://wx4.sinaimg.cn/large/97ce4bf0gy1hpw44ke4tpj21c92dse81.jpg,
https://wx4.sinaimg.cn/large/9da51f55gy1hppxnpteimj27c04w0e8j.jpg,
https://wx4.sinaimg.cn/large/9da51f55gy1hppxoqkea4j27c04w0kjx.jpg,
https://wx4.sinaimg.cn/large/9da51f55gy1hppxoz4kt9j27c04w0b2r.jpg,
https://wx4.sinaimg.cn/large/9da51f55gy1hppxpcqx3xj23ul5rw4r2.jpg,
https://wx4.sinaimg.cn/large/9da51f55gy1hppxpx26waj24w07c0kk4.jpg,
https://wx4.sinaimg.cn/large/9da51f55gy1hppxq5o6hxj24df3a21l0.jpg,
https://wx4.sinaimg.cn/large/afad83d2gy1hqccbnoalaj21xg2w41kz.jpg,
https://wx4.sinaimg.cn/large/afad83d2gy1hqccbu9jduj21xg2w41kz.jpg,
https://wx4.sinaimg.cn/large/afad83d2gy1hqccc17yukj21xg2w4hdu.jpg,
https://wx4.sinaimg.cn/large/afad83d2gy1hqccc9fhd8j21xg2w4hdu.jpg,
https://wx4.sinaimg.cn/large/afad83d2gy1hr2ptsyo5qj21jk2bie81.jpg,
https://wx4.sinaimg.cn/large/afad83d2gy1hr2ptyvwtsj22p81spx6p.jpg,
https://wx4.sinaimg.cn/large/afad83d2gy1hr2pu02f4xj21jk2bihdt.jpg,
https://wx4.sinaimg.cn/large/afad83d2gy1hr2pu2mhj3j22p81spqv5.jpg,
https://wx4.sinaimg.cn/large/afad83d2gy1hr2pu832aij21jk2bie81.jpg,
https://wx4.sinaimg.cn/large/e9437311ly1hp6rjbxg5fj243c64w4qz.jpg,
https://wx4.sinaimg.cn/large/e9437311ly1hp6rjlxsh3j264w43cx6x.jpg,
https://wx4.sinaimg.cn/large/e99817e9ly1hqp6hl1f6zj222234p7wj.jpg,
https://wx4.sinaimg.cn/large/e99817e9ly1hqp6hpzodgj233424gnpe.jpg,
https://wx4.sinaimg.cn/large/e99817e9ly1hqp6hwilw7j23341rue82.jpg,
https://wx4.sinaimg.cn/large/e9fa3a98gy1hr1x2fzsd3j22c0340b2d.jpg,
https://wx4.sinaimg.cn/large/e9fa3a98gy1hr1x4t25lzj24df3a24qu.jpg,
https://wx4.sinaimg.cn/large/e9fa3a98gy1hrscfg80wvj21jk0pnao3.jpg,
https://wx4.sinaimg.cn/large/e9fa3a98gy1hrscg89gavj22c0340b2b.jpg,
https://wx4.sinaimg.cn/large/e9fa3a98gy1hrsf5fa0s6j22c03407wk.jpg,
https://wx4.sinaimg.cn/large/e9fa3a98gy1hrsf9yu1nfj23402c0npf.jpg,
https://wx4.sinaimg.cn/large/e9fa3a98gy1hrsfa0c39xj23a24dfkjo.jpg,
https://wx4.sinaimg.cn/large/e9fa3a98gy1hsz6d7nxm1j22c03404qr.jpg,
https://wx4.sinaimg.cn/large/e9fa3a98gy1hsz6dd8xeij22c0340e83.jpg,
https://wx4.sinaimg.cn/large/e9fa3a98gy1hsz6dkg6qfj24df3a2qva.jpg,
https://wx4.sinaimg.cn/large/e9fa3a98gy1hsz6dn42udj24df3a2kjq.jpg,
https://wx4.sinaimg.cn/large/e9fa3a98gy1hu2tlidbmqj24df3a2hdv.jpg,
https://wx4.sinaimg.cn/large/e9fa3a98gy1hu2tlvkr1ij24df3a2qv9.jpg,
https://wx4.sinaimg.cn/large/e9fa3a98gy1hu2tmb007uj22c0340x6z.jpg,
https://wx4.sinaimg.cn/large/e9fa3a98gy1hu80g1ru37j21bk0zoqt8.jpg,
https://wx4.sinaimg.cn/large/e9fa3a98gy1hu80g6qxjzj24df3a2kjo.jpg,
https://wx4.sinaimg.cn/large/e9fa3a98gy1hu80i37gv6j22c0340nph.jpg,
https://wx4.sinaimg.cn/orj480/006TIZIXly1hra5tqrvr0j30k00zk411.jpg,
https://wx4.sinaimg.cn/orj480/006TIZIXly1hspsojqjlvj30u01hcn45.jpg,
https://wx4.sinaimg.cn/orj480/e9fa3a98gy1hrbrr9ojc9j20u0140h4w.jpg