https://wx1.sinaimg.cn/large/005LYchyly1hre6w49t9pj332w4monph.jpg,
https://wx1.sinaimg.cn/large/005LYchyly1hre6w8wvpzj34mo32wqv8.jpg,
https://wx1.sinaimg.cn/large/005LYchyly1hre6wjc261j34mo2lr4qs.jpg,
https://wx1.sinaimg.cn/large/005LYchyly1hre72bt877j34mo32we84.jpg,
https://wx1.sinaimg.cn/large/005PRBWpgy1hr595tjrsfj34mo334he8.jpg,
https://wx1.sinaimg.cn/large/005PRBWpgy1hr596wzgyej33344moqvi.jpg,
https://wx1.sinaimg.cn/large/0065mTHogy1hqt9tsm6qgj31hc280hbx.jpg,
https://wx1.sinaimg.cn/large/0065mTHogy1hqt9ttd2v5j31hc2807sf.jpg,
https://wx1.sinaimg.cn/large/0065mTHogy1hr86tzwzvbj337k4tcx6s.jpg,
https://wx1.sinaimg.cn/large/0067iEVdgy1hrc529p2rwj320x3lze83.jpg,
https://wx1.sinaimg.cn/large/0068DlpSgy1hqvn6qbpzhj30u018xq8t.jpg,
https://wx1.sinaimg.cn/large/0068Q14ygy1hqxgea4no7j32ds1scqv5.jpg,
https://wx1.sinaimg.cn/large/0068Q14ygy1hqxgec99mcj31rm2cthdt.jpg,
https://wx1.sinaimg.cn/large/006Codoagy1hqtc4dtzhmj30u0140qah.jpg,
https://wx1.sinaimg.cn/large/006Nqdh5gy1hr2yhlevugj32po480hdw.jpg,
https://wx1.sinaimg.cn/large/006Nqdh5gy1hr2yhsjqj7j32tc480hdw.jpg,
https://wx1.sinaimg.cn/large/006Nqdh5gy1hr2yhzkcp3j32tc4801l0.jpg,
https://wx1.sinaimg.cn/large/006Nqdh5gy1hr2yid2cq4j32tc480kjo.jpg,
https://wx1.sinaimg.cn/large/006bJqnIgy1hqzm1kcb2fj31910u0tje.jpg,
https://wx1.sinaimg.cn/large/006ycgyUgy1hqx71nf8coj336o4s07wp.jpg,
https://wx1.sinaimg.cn/large/0076dtWfgy1hrg5fi4fa4j318z0u00xk.jpg,
https://wx1.sinaimg.cn/large/0076dtWfgy1hrg5fir9eoj30u018zwhp.jpg,
https://wx1.sinaimg.cn/large/007gpAMwgy1hrc94cbil6j33ls5eonpo.jpg,
https://wx1.sinaimg.cn/large/0087SeeHgy1hre9m4tukvj31o02801ky.jpg,
https://wx1.sinaimg.cn/large/008DhhDngy1hq1wvdag2vj32h94eonpg.jpg,
https://wx1.sinaimg.cn/large/008DhhDngy1hq1wvdc30kj32h948onpg.jpg,
https://wx1.sinaimg.cn/large/008DhhDngy1hq1wvhga0nj30xc6y0e83.jpg,
https://wx1.sinaimg.cn/large/008cHI84gy1hosqee4h4rj32tc480e85.jpg,
https://wx1.sinaimg.cn/large/008cHI84gy1hosqemy5p7j32tc4801l1.jpg,
https://wx1.sinaimg.cn/large/008cHI84gy1hosqetytk0j32tc480u11.jpg,
https://wx1.sinaimg.cn/large/008cHI84gy1hosqf0tofjj34802tcx6s.jpg,
https://wx1.sinaimg.cn/large/008cHI84gy1hqmsmg45o8j32yo3y81kz.jpg,
https://wx1.sinaimg.cn/large/008cHI84gy1hqs2nnh3yaj32tc480x6s.jpg,
https://wx1.sinaimg.cn/large/008cHI84gy1hrqzc77c9aj32tc480e84.jpg,
https://wx1.sinaimg.cn/large/008cHI84gy1hrqzceqag7j34802tchdv.jpg,
https://wx1.sinaimg.cn/large/008cHI84gy1hrqzcrdxtpj34qp35t4qr.jpg,
https://wx1.sinaimg.cn/large/008cHI84gy1hrqzd4d4iyj32tc480kjo.jpg,
https://wx1.sinaimg.cn/large/008cHI84gy1hrvxa3gm0ij32yo3y8qv6.jpg,
https://wx1.sinaimg.cn/large/008cHI84gy1hthbc3azewj32yo3y8b2a.jpg,
https://wx1.sinaimg.cn/large/008cHI84gy1hthbc8ax2aj32yo3y87wi.jpg,
https://wx1.sinaimg.cn/large/008cHI84gy1hthbcb8oylj32yo3y81ky.jpg,
https://wx1.sinaimg.cn/large/008cHI84gy1htkn9faqxdj33344mox6s.jpg,
https://wx1.sinaimg.cn/large/008cHI84gy1htkn9gp68zj32j01w97wh.jpg,
https://wx1.sinaimg.cn/large/008cHI84gy1htkn9zb0u5j34mo334x6s.jpg,
https://wx1.sinaimg.cn/large/008cHI84gy1htknabsh4jj33344monpg.jpg,
https://wx1.sinaimg.cn/large/008cHI84gy1htn43qi9vlj33ls5eoe85.jpg,
https://wx1.sinaimg.cn/large/008cHI84gy1htn4ak0f9jj32j01w94ni.jpg,
https://wx1.sinaimg.cn/large/008cHI84gy1htn4apqvffj33ls5eo1l2.jpg,
https://wx1.sinaimg.cn/large/008cHI84gy1hujxyqstc1j315k17ck99.jpg,
https://wx1.sinaimg.cn/large/008dFhJggy1hqt8sjuz4xj30kt0vktd5.jpg,
https://wx1.sinaimg.cn/large/008iJcr0ly1hrarzcjbijj32gm3pcu10.jpg,
https://wx1.sinaimg.cn/large/008l44n0gy1hr8mm5bjvwj34g02yonpk.jpg,
https://wx1.sinaimg.cn/large/008l44n0gy1hr8mmv082rj34g02yohe2.jpg,
https://wx1.sinaimg.cn/large/008lcjiIgy1hqwxgqq0s0j30vc0vc10r.jpg,
https://wx1.sinaimg.cn/large/008lcjiIgy1hqwxgtns7tj30vc0vcn4m.jpg,
https://wx1.sinaimg.cn/large/008lcjiIgy1hqwxgtyb12j30vc0vcqaw.jpg,
https://wx1.sinaimg.cn/large/008ohtR4gy1hrd6a3p42cj335s1kwe82.jpg,
https://wx1.sinaimg.cn/large/008tWhGCgy1hotxdurlo7j304d04ddg3.jpg,
https://wx1.sinaimg.cn/large/6eedf0e5gy1hrdadr1ncwj20u01907bm.jpg,
https://wx1.sinaimg.cn/large/6f551839gy1hr1vk92q4yj222c37hqv8.jpg,
https://wx1.sinaimg.cn/large/861b1ebdgy1hr8eoabmgbj22on45ne88.jpg,
https://wx1.sinaimg.cn/large/861b1ebdgy1hr8eox4ddcj22tc493he1.jpg,
https://wx1.sinaimg.cn/large/883f1b6dgy1hqy4l1aabtj22bh3h5qv7.jpg,
https://wx1.sinaimg.cn/large/883f1b6dgy1hr69asotkwj21591pvaqc.jpg,
https://wx1.sinaimg.cn/large/883f1b6dgy1hr69dl1cj2j223w35shdv.jpg,
https://wx1.sinaimg.cn/large/883f1b6dgy1hr69sxmrl9j20kp0dtn00.jpg,
https://wx1.sinaimg.cn/large/a8b0491ely1hqufrl525hj21aa1xgkdw.jpg,
https://wx1.sinaimg.cn/large/a8b0491ely1hqufrpb7qwj21aa1xge43.jpg,
https://wx1.sinaimg.cn/large/a8b0491ely1hqufs6bi01j21aa1xg1ev.jpg,
https://wx1.sinaimg.cn/large/a8b0491ely1hqufsf3fnuj21aa1xg1gv.jpg,
https://wx1.sinaimg.cn/large/ae80308dly1hr445bnu3oj26ux4km7wn.jpg,
https://wx1.sinaimg.cn/large/ae80308dly1hr445wyjlkj27c04w0he2.jpg,
https://wx1.sinaimg.cn/large/ae80308dly1hr8sjit7lyj24w07c01l4.jpg,
https://wx1.sinaimg.cn/large/ae80308dly1hr8sjuqy14j27c04w0kjr.jpg,
https://wx1.sinaimg.cn/large/e925abcagy1hrdb638brej22gw3pcu10.jpg,
https://wx1.sinaimg.cn/large/e9d0bf27gy1hptrcqx4j7j21900u07bp.jpg,
https://wx1.sinaimg.cn/large/e9d0bf27gy1hptrcsbq6mj20u0190jyi.jpg,
https://wx1.sinaimg.cn/large/e9d0bf27gy1hptrcyp3nfj20u01907fd.jpg,
https://wx1.sinaimg.cn/large/e9d0bf27gy1hr444hmp0gj21c92dsnpd.jpg,
https://wx1.sinaimg.cn/large/e9d0bf27gy1hr444kq2f0j21c92dskjl.jpg,
https://wx1.sinaimg.cn/large/e9d0bf27gy1hr444ns4xnj21c92dsu0x.jpg,
https://wx1.sinaimg.cn/large/e9d0bf27gy1hr444px216j21c92dshdt.jpg,
https://wx1.sinaimg.cn/large/e9fa3a98gy1hra8je8jdsj23402c0he1.jpg,
https://wx1.sinaimg.cn/large/e9fa3a98gy1hra8jq1xg2j21hc1407wh.jpg,
https://wx1.sinaimg.cn/large/e9fa3a98gy1hra8jrm968j21hc140qv5.jpg,
https://wx1.sinaimg.cn/large/e9fa3a98gy1hra8jyyc6mj22c0340b2c.jpg,
https://wx1.sinaimg.cn/large/e9fa3a98gy1hra8k790hhj22c03404qs.jpg,
https://wx1.sinaimg.cn/large/e9fa3a98gy1hra8kbalvnj22c0340hdw.jpg,
https://wx1.sinaimg.cn/orj480/005L7Jvlgy1hqsdi86yadj30u0140gxw.jpg,
https://wx1.sinaimg.cn/orj480/0065mTHogy1hqrao2tnq8j30u01hc42d.jpg,
https://wx2.sinaimg.cn/large/005LYchyly1hre6wrhc8bj332w4mou10.jpg,
https://wx2.sinaimg.cn/large/005PRBWpgy1hr59639ub2j34mo3341ld.jpg,
https://wx2.sinaimg.cn/large/005PRBWpgy1hr5969z5jyj34mo3347wu.jpg,
https://wx2.sinaimg.cn/large/005PRBWpgy1hr596ixth6j34mo3344r5.jpg,
https://wx2.sinaimg.cn/large/0065mTHogy1hqt9tosu7bj31hc0zk4bs.jpg,
https://wx2.sinaimg.cn/large/0067iEVdgy1hrc52cbeiej32g83odqv7.jpg,
https://wx2.sinaimg.cn/large/0068DlpSgy1hqvn6nvvqqj30u018xdln.jpg,
https://wx2.sinaimg.cn/large/0068DlpSgy1hqvn6qxxp5j30u018x7ar.jpg,
https://wx2.sinaimg.cn/large/0068Q14ygy1hqxge5x9aij31sc2dshdt.jpg,
https://wx2.sinaimg.cn/large/0068Q14ygy1hqxge84ijsj31om25ykjl.jpg,
https://wx2.sinaimg.cn/large/0068Q14ygy1hqxgeda0o2j31sc2dsnpd.jpg,
https://wx2.sinaimg.cn/large/006Nqdh5gy1hr2yilbqerj32tc4807wk.jpg,
https://wx2.sinaimg.cn/large/006bJqnIgy1hqzm2bvubyj30u0191qbc.jpg,
https://wx2.sinaimg.cn/large/006bJqnIgy1hqzm2w1sjtj30u0191guy.jpg,
https://wx2.sinaimg.cn/large/006bJqnIly1hrftezfnykj30u01407ch.jpg,
https://wx2.sinaimg.cn/large/006ycgyUgy1hr9sol7dcfj33ls5eo4qz.jpg,
https://wx2.sinaimg.cn/large/0076dtWfgy1hrg5fbsw9mj318z0u0juu.jpg,
https://wx2.sinaimg.cn/large/0076dtWfgy1hrg5fd3kmkj30u018ztc4.jpg,
https://wx2.sinaimg.cn/large/0076dtWfgy1hrg5fh4s9pj318z0u0gq8.jpg,
https://wx2.sinaimg.cn/large/007gpAMwgy1hrc93pfapoj33ls5eo1la.jpg,
https://wx2.sinaimg.cn/large/0087SeeHgy1hreg83z43nj32c0340b2a.jpg,
https://wx2.sinaimg.cn/large/0087SeeHgy1hreg8d0rgaj32c0340e83.jpg,
https://wx2.sinaimg.cn/large/008DhhDngy1hq1wvaehvlj31jr2r2u0x.jpg,
https://wx2.sinaimg.cn/large/008DhhDngy1hq1wvc4ooej32h93qob2c.jpg,
https://wx2.sinaimg.cn/large/008DhhDngy1hq1wvceg17j32h94eou10.jpg,
https://wx2.sinaimg.cn/large/008DhhDngy1hs1ickc3xkj32h94eou0y.jpg,
https://wx2.sinaimg.cn/large/008cHI84gy1hosqeqfh0aj34802tcqv8.jpg,
https://wx2.sinaimg.cn/large/008cHI84gy1hputa4iymjj30u00s8adr.jpg,
https://wx2.sinaimg.cn/large/008cHI84gy1hq0v2kuia0j32tc480nph.jpg,
https://wx2.sinaimg.cn/large/008cHI84gy1hqmsmdyq9fj32yo3y8x6q.jpg,
https://wx2.sinaimg.cn/large/008cHI84gy1hqs2nbafw4j31o0280u0x.jpg,
https://wx2.sinaimg.cn/large/008cHI84gy1hqulx0xxtvj32tc480b2e.jpg,
https://wx2.sinaimg.cn/large/008cHI84gy1hqvp8u7yw2j32tc480hdw.jpg,
https://wx2.sinaimg.cn/large/008cHI84gy1hrqzcxn8djj34ct2wj4qr.jpg,
https://wx2.sinaimg.cn/large/008cHI84gy1hrvxazgw92j32yo3y8qv6.jpg,
https://wx2.sinaimg.cn/large/008cHI84gy1hrwr8nczdhj32xo3y8qv5.jpg,
https://wx2.sinaimg.cn/large/008cHI84gy1hthcutt9g7j32tc480x6r.jpg,
https://wx2.sinaimg.cn/large/008cHI84gy1htkn9hm9ksj32j01w97wh.jpg,
https://wx2.sinaimg.cn/large/008cHI84gy1htkn9v4sa6j33344mou10.jpg,
https://wx2.sinaimg.cn/large/008cHI84gy1htn44zdhwej33ls5eo7wl.jpg,
https://wx2.sinaimg.cn/large/008cHI84gy1hugob7g1flj34802tcb2c.jpg,
https://wx2.sinaimg.cn/large/008cHI84gy1hugoj4bouzj34802tcnpg.jpg,
https://wx2.sinaimg.cn/large/008cHI84gy1hujxyq84vaj31gt1fa1kx.jpg,
https://wx2.sinaimg.cn/large/008dFhJggy1hfta3x2xxvj32tc480qv9.jpg,
https://wx2.sinaimg.cn/large/008dFhJggy1hnvzl9w350j30kt0vkq76.jpg,
https://wx2.sinaimg.cn/large/008dFhJggy1hqt8sjafhvj30wi1n1q9w.jpg,
https://wx2.sinaimg.cn/large/008l44n0gy1hr8mmeg038j34g02yokjt.jpg,
https://wx2.sinaimg.cn/large/008l44n0gy1hr8mmmjtohj32yo4g0b2h.jpg,
https://wx2.sinaimg.cn/large/008l44n0gy1hr8mnsvsncj34g02yo1l5.jpg,
https://wx2.sinaimg.cn/large/008ohtR4gy1hraybpcykhj325c2xne82.jpg,
https://wx2.sinaimg.cn/large/008ohtR4gy1hrayc6h7jyj32c03404qr.jpg,
https://wx2.sinaimg.cn/large/008ohtR4gy1hrayc9wso5j32c0340b2b.jpg,
https://wx2.sinaimg.cn/large/008ohtR4gy1hraycdiqw9j32c0340x6q.jpg,
https://wx2.sinaimg.cn/large/008ohtR4gy1hraych47bwj32c03401kz.jpg,
https://wx2.sinaimg.cn/large/008ohtR4gy1hraz1g99pdj31o0280nmr.jpg,
https://wx2.sinaimg.cn/large/008ohtR4gy1hrd6aalflrj335s1kw1ky.jpg,
https://wx2.sinaimg.cn/large/008ohtR4gy1hrd6aj18pvj335s1kwnpe.jpg,
https://wx2.sinaimg.cn/large/008ohtR4gy1hrd6anm6h5j335s1kwkjm.jpg,
https://wx2.sinaimg.cn/large/008ohtR4gy1hrd6azpwlgj335s1kwkjm.jpg,
https://wx2.sinaimg.cn/large/008tWhGCgy1hotxduqfw5j304d04dwex.jpg,
https://wx2.sinaimg.cn/large/008tWhGCgy1hotxdus2ryj304d04d74q.jpg,
https://wx2.sinaimg.cn/large/008tWhGCgy1hotxdutolsj304d04dmxj.jpg,
https://wx2.sinaimg.cn/large/6f551839gy1hr62iolshwj20u014011e.jpg,
https://wx2.sinaimg.cn/large/861b1ebdgy1hr8emvo58hj24802sbkjs.jpg,
https://wx2.sinaimg.cn/large/861b1ebdgy1hr8ep6u9bpj24ag2tc1l5.jpg,
https://wx2.sinaimg.cn/large/883f1b6dgy1hr69as988mj21591pvaty.jpg,
https://wx2.sinaimg.cn/large/883f1b6dgy1hr69avrvafj22bh3h57wk.jpg,
https://wx2.sinaimg.cn/large/883f1b6dgy1hr69di7lysj239v26m1l0.jpg,
https://wx2.sinaimg.cn/large/883f1b6dgy1hr69nxd3rtj22bh3h51l0.jpg,
https://wx2.sinaimg.cn/large/883f1b6dgy1hr69utxnnhj20xp0xpwp8.jpg,
https://wx2.sinaimg.cn/large/a8b0491ely1hqufrhf47wj21aa1xghah.jpg,
https://wx2.sinaimg.cn/large/ae80308dly1hr445iipdjj27c04w0e89.jpg,
https://wx2.sinaimg.cn/large/b402ce7bgy1hreq4kha2fj20uk1icdqq.jpg,
https://wx2.sinaimg.cn/large/e925abcagy1hrdb5doq4gj22gw3pchdy.jpg,
https://wx2.sinaimg.cn/large/e925abcagy1hrdb67ikulj23pc2gw7wl.jpg,
https://wx2.sinaimg.cn/large/e9d0bf27gy1hptrd0bo76j21900u0wla.jpg,
https://wx2.sinaimg.cn/large/e9d0bf27gy1hqz9z8z0m6j20u01hcguu.jpg,
https://wx2.sinaimg.cn/large/e9d0bf27gy1hr444j23rxj21c92dskjl.jpg,
https://wx2.sinaimg.cn/large/e9d0bf27gy1hr444m886zj21c92dskjl.jpg,
https://wx2.sinaimg.cn/large/e9d0bf27gy1hr444zqikqj21r0340b2b.jpg,
https://wx2.sinaimg.cn/large/e9fa3a98gy1hra8jhe2udj22c0340b2b.jpg,
https://wx2.sinaimg.cn/large/e9fa3a98gy1hra8jonxalj21hc140hdt.jpg,
https://wx2.sinaimg.cn/large/e9fa3a98gy1hra8jtxbbwj24df3a2b2b.jpg,
https://wx2.sinaimg.cn/large/e9fa3a98gy1hra8jvbbq0j21hc1407wh.jpg,
https://wx2.sinaimg.cn/orj480/008byrXOgy1hqz6q0lpxrj31400u0n2n.jpg,
https://wx3.sinaimg.cn/large/005LYchyly1hre6vp0u2yj34mo32wkjo.jpg,
https://wx3.sinaimg.cn/large/005LYchyly1hre6vwtmkoj332w4mou10.jpg,
https://wx3.sinaimg.cn/large/005LYchyly1hre6wd6pp5j34mo32wqv8.jpg,
https://wx3.sinaimg.cn/large/005PRBWpgy1hr596qds05j34mo3344r3.jpg,
https://wx3.sinaimg.cn/large/005PRBWpgy1hr597dbnycj34mo334qvk.jpg,
https://wx3.sinaimg.cn/large/005SroMKgy1hqxcf4wfh6j32xs4eob2e.jpg,
https://wx3.sinaimg.cn/large/0065mTHogy1hqt9tmbyerj31hc0zkwpi.jpg,
https://wx3.sinaimg.cn/large/0065mTHogy1hqt9tn4cnsj31hc2801jv.jpg,
https://wx3.sinaimg.cn/large/0065mTHogy1hqt9tr4yf3j31hc0zkdr1.jpg,
https://wx3.sinaimg.cn/large/0065mTHogy1hqt9tryzztj31hc280ham.jpg,
https://wx3.sinaimg.cn/large/0067iEVdgy1hrc526tpjxj32cu3odhdv.jpg,
https://wx3.sinaimg.cn/large/0068DlpSgy1hqvn6rjg46j30u018xgrq.jpg,
https://wx3.sinaimg.cn/large/0068Q14ygy1hqxgee5207j31sb20cno4.jpg,
https://wx3.sinaimg.cn/large/006FDX8ngy1hqvicdomwgj30u01hc7dh.jpg,
https://wx3.sinaimg.cn/large/006Nqdh5gy1hr2yhfnt7gj32tc480npg.jpg,
https://wx3.sinaimg.cn/large/006Nqdh5gy1hr2yit8k06j32tc480hdw.jpg,
https://wx3.sinaimg.cn/large/006Nqdh5gy1hr2yj3wgaej33og2rs4qs.jpg,
https://wx3.sinaimg.cn/large/006bJqnIgy1hqzm15sxbhj30u0191dnr.jpg,
https://wx3.sinaimg.cn/large/006bJqnIgy1hqzm1dogf1j30u0191do3.jpg,
https://wx3.sinaimg.cn/large/006bJqnIgy1hqzm1scjf7j31910u046q.jpg,
https://wx3.sinaimg.cn/large/006bJqnIgy1hqzm1yt316j31910u0wr0.jpg,
https://wx3.sinaimg.cn/large/006bJqnIgy1hqzm33qm5vj31910u0thw.jpg,
https://wx3.sinaimg.cn/large/0076dtWfgy1hrg5f91a32j318z0u0dko.jpg,
https://wx3.sinaimg.cn/large/0076dtWfgy1hrg5fg24bkj318z0u0dka.jpg,
https://wx3.sinaimg.cn/large/0076dtWfgy1hrg5fjrqekj318z0u079d.jpg,
https://wx3.sinaimg.cn/large/007YqdKygy1hqtw4ik2ukj32c033wnpf.jpg,
https://wx3.sinaimg.cn/large/007gpAMwgy1hrc93v9655j33ls5eo1la.jpg,
https://wx3.sinaimg.cn/large/007gpAMwgy1hrc94nxrnaj33ls5eo4r1.jpg,
https://wx3.sinaimg.cn/large/007gpAMwgy1hrc94uuhc5j35eo3lsu18.jpg,
https://wx3.sinaimg.cn/large/007gpAMwgy1hrc950sh7yj33ls5eoe8b.jpg,
https://wx3.sinaimg.cn/large/0087SeeHgy1hreg7xpwilj32c03407wi.jpg,
https://wx3.sinaimg.cn/large/0087SeeHgy1hreg82njwsj32c0340x6p.jpg,
https://wx3.sinaimg.cn/large/0087SeeHgy1hreg87zeqdj32c0340npe.jpg,
https://wx3.sinaimg.cn/large/008DhhDngy1hq1wvbsvbxj32h93lvu0z.jpg,
https://wx3.sinaimg.cn/large/008DhhDngy1hs1icjfp21j32h9336hdu.jpg,
https://wx3.sinaimg.cn/large/008DhhDngy1hs1icjq83zj32h93jdqv6.jpg,
https://wx3.sinaimg.cn/large/008DhhDngy1hs1icjyc1bj32h94eou0y.jpg,
https://wx3.sinaimg.cn/large/008DhhDngy1hs1icl76z2j32h93k61kz.jpg,
https://wx3.sinaimg.cn/large/008DhhDngy1hs1icmbys7j32h94eob2b.jpg,
https://wx3.sinaimg.cn/large/008DhhDngy1hs1icpnyooj32h94eox6q.jpg,
https://wx3.sinaimg.cn/large/008cHI84gy1hosqeh9enqj32tc480hdw.jpg,
https://wx3.sinaimg.cn/large/008cHI84gy1hosqexfgwlj32tc4807wk.jpg,
https://wx3.sinaimg.cn/large/008cHI84gy1hott4apevcj33344mohdy.jpg,
https://wx3.sinaimg.cn/large/008cHI84gy1hqmsmkvx5mj32yo3y8qv6.jpg,
https://wx3.sinaimg.cn/large/008cHI84gy1hr2ihc56b4j34802tcqv8.jpg,
https://wx3.sinaimg.cn/large/008cHI84gy1hrp0bcigqgj32tc4801l3.jpg,
https://wx3.sinaimg.cn/large/008cHI84gy1hrqzcbgfivj32tc4801l0.jpg,
https://wx3.sinaimg.cn/large/008cHI84gy1hrqzcix3ltj32tc4804qr.jpg,
https://wx3.sinaimg.cn/large/008cHI84gy1hrqzcnsgwqj353c2v5b2c.jpg,
https://wx3.sinaimg.cn/large/008cHI84gy1hrqzcunk8ej32tc480b2b.jpg,
https://wx3.sinaimg.cn/large/008cHI84gy1hrvxbfq2onj31o0280kjl.jpg,
https://wx3.sinaimg.cn/large/008cHI84gy1hthbc4uav8j32tc4801kz.jpg,
https://wx3.sinaimg.cn/large/008cHI84gy1hthbc6fi4rj32yo3y8e82.jpg,
https://wx3.sinaimg.cn/large/008cHI84gy1hthbc9g3jzj32yo3y81ky.jpg,
https://wx3.sinaimg.cn/large/008cHI84gy1htkn9rfvcej34mo334qv8.jpg,
https://wx3.sinaimg.cn/large/008cHI84gy1htn4435ljqj33ls5eox6u.jpg,
https://wx3.sinaimg.cn/large/008cHI84gy1htn4akl471j32j02j0nk3.jpg,
https://wx3.sinaimg.cn/large/008cHI84gy1huggerput6j32tc480e84.jpg,
https://wx3.sinaimg.cn/large/008cHI84gy1hugob25idpj31401hctge.jpg,
https://wx3.sinaimg.cn/large/008cHI84gy1hugobjk1f5j33344monpi.jpg,
https://wx3.sinaimg.cn/large/008cHI84gy1hugoc466djj34802tc1l3.jpg,
https://wx3.sinaimg.cn/large/008cHI84gy1huiqvfj4usj32tc480b2a.jpg,
https://wx3.sinaimg.cn/large/008dFhJggy1hraluhzq8fj30kt0x7q7y.jpg,
https://wx3.sinaimg.cn/large/008dFhJggy1hraluii35bj30wi1n1jv8.jpg,
https://wx3.sinaimg.cn/large/008iJcr0ly1hraryr92tyj32gy3pcx6s.jpg,
https://wx3.sinaimg.cn/large/008iJcr0ly1hrarywbbsjj32gy3pc1l2.jpg,
https://wx3.sinaimg.cn/large/008iJcr0ly1hrarz14654j32gy3pcnpi.jpg,
https://wx3.sinaimg.cn/large/008l44n0gy1hr8mnbwpi5j34g02you14.jpg,
https://wx3.sinaimg.cn/large/008l44n0gy1hr8mnju919j34g02yob2f.jpg,
https://wx3.sinaimg.cn/large/008lcjiIgy1hqwxgdde1qj30vc0vcn4r.jpg,
https://wx3.sinaimg.cn/large/008lcjiIgy1hqwxgteqr1j30vc0vcaht.jpg,
https://wx3.sinaimg.cn/large/008lrKvLgy1hr567la5gej33ls5eou1d.jpg,
https://wx3.sinaimg.cn/large/008ohtR4gy1hraybsumc5j32c03404qr.jpg,
https://wx3.sinaimg.cn/large/008ohtR4gy1hraz1fee58j31o0280qqo.jpg,
https://wx3.sinaimg.cn/large/008ohtR4gy1hrd6aril09j335s1kwhdu.jpg,
https://wx3.sinaimg.cn/large/6eedf0e5gy1hrdadsdflrj21900u0gsi.jpg,
https://wx3.sinaimg.cn/large/6f551839gy1hr1vke3jguj239c268e83.jpg,
https://wx3.sinaimg.cn/large/6f551839gy1hr62inz4doj20u0140qar.jpg,
https://wx3.sinaimg.cn/large/861b1ebdgy1hr8em52tr3j22tc47s1l5.jpg,
https://wx3.sinaimg.cn/large/861b1ebdgy1hr8en6fnk2j22tc4804qw.jpg,
https://wx3.sinaimg.cn/large/861b1ebdgy1hr8enipfi2j22tc480he0.jpg,
https://wx3.sinaimg.cn/large/883f1b6dgy1hr20tyt5ehj23di2914qt.jpg,
https://wx3.sinaimg.cn/large/883f1b6dgy1hr20u21awmj221o32ghdv.jpg,
https://wx3.sinaimg.cn/large/883f1b6dgy1hr69atxua6j22bh3h5x6r.jpg,
https://wx3.sinaimg.cn/large/883f1b6dgy1hr69hikvpmj23h62bh4qs.jpg,
https://wx3.sinaimg.cn/large/a8b0491ely1hqufrtilu7j21aa1xg4ly.jpg,
https://wx3.sinaimg.cn/large/a8b0491ely1hqufs2ndi8j21aa1xge20.jpg,
https://wx3.sinaimg.cn/large/ae80308dly1hr444ztfshj24w07c0kjr.jpg,
https://wx3.sinaimg.cn/large/b402ce7bgy1hreq4iystsj20ub19g4ak.jpg,
https://wx3.sinaimg.cn/large/b402ce7bgy1hreq4jtglij20wi1crk1h.jpg,
https://wx3.sinaimg.cn/large/b402ce7bgy1hreq4k4c5wj20wi1lsds2.jpg,
https://wx3.sinaimg.cn/large/b402ce7bgy1hreq4kuh5vj20wi1lsqcd.jpg,
https://wx3.sinaimg.cn/large/e925abcagy1hrdb5nfjc5j22gw3pckjp.jpg,
https://wx3.sinaimg.cn/large/e925abcagy1hrdb5yf6stj22gw3pckjq.jpg,
https://wx3.sinaimg.cn/large/e925abcagy1hrdb6d0z3ij24mo334kjt.jpg,
https://wx3.sinaimg.cn/large/e925abcagy1hrdb6j7abmj23344mokju.jpg,
https://wx3.sinaimg.cn/large/e9d0bf27gy1hptrcy6ttvj21900u048z.jpg,
https://wx3.sinaimg.cn/large/e9d0bf27gy1hptrcz6jpdj20u019011l.jpg,
https://wx3.sinaimg.cn/large/e9d0bf27gy1hptrczrzgmj21900u0q9z.jpg,
https://wx3.sinaimg.cn/large/e9d0bf27gy1hptrd0ttc0j21900u0dpj.jpg,
https://wx3.sinaimg.cn/large/e9d0bf27gy1hr444ss30bj21r0340b2b.jpg,
https://wx3.sinaimg.cn/large/e9d0bf27gy1hr444wil4pj21r0340b2b.jpg,
https://wx3.sinaimg.cn/large/e9fa3a98gy1hra8jishlmj21401hchdt.jpg,
https://wx3.sinaimg.cn/orj480/007dEatNgy1hofa7r31s7j30k00zkajp.jpg,
https://wx3.sinaimg.cn/orj480/008cHI84ly1hf8gz53fzuj30u014017e.jpg,
https://wx4.sinaimg.cn/large/005LYchyly1hre6wnweerj332w4mo4qt.jpg,
https://wx4.sinaimg.cn/large/005PRBWpgy1hr5975p3p7j34mo334b2l.jpg,
https://wx4.sinaimg.cn/large/005PRBWpgy1hr597l2ke7j34mo334npr.jpg,
https://wx4.sinaimg.cn/large/005zCNc9gy1hqzdqk5w6nj32tc480hdy.jpg,
https://wx4.sinaimg.cn/large/0065mTHogy1hqt9tnz0jlj31hc2804qp.jpg,
https://wx4.sinaimg.cn/large/0067iEVdgy1hrc5246e1ej32g83ode83.jpg,
https://wx4.sinaimg.cn/large/0068DlpSgy1hqvn6p347gj30u018yjwd.jpg,
https://wx4.sinaimg.cn/large/0068DlpSgy1hqvn6po2hvj30u018xgqz.jpg,
https://wx4.sinaimg.cn/large/006Nqdh5gy1hr2yi639n1j33hk2s71l0.jpg,
https://wx4.sinaimg.cn/large/006bJqnIgy1hqzm25gcamj30u0191ahg.jpg,
https://wx4.sinaimg.cn/large/006bJqnIgy1hqzm2pm3u1j30u01917bm.jpg,
https://wx4.sinaimg.cn/large/006bJqnIgy1hqzm3eti3wj31910u0wp9.jpg,
https://wx4.sinaimg.cn/large/006bJqnIgy1hqzm3lnjmcj31910u0aht.jpg,
https://wx4.sinaimg.cn/large/006bJqnIly1hrftemjbe2j30u0140wm0.jpg,
https://wx4.sinaimg.cn/large/006bJqnIly1hrfterxmqwj30u0140tfx.jpg,
https://wx4.sinaimg.cn/large/006bJqnIly1hrfteukb22j30u014045d.jpg,
https://wx4.sinaimg.cn/large/0076dtWfgy1hrg5f7l3dtj318z0u0dkb.jpg,
https://wx4.sinaimg.cn/large/0076dtWfgy1hrg5fadhh4j318z0u0gqq.jpg,
https://wx4.sinaimg.cn/large/0076dtWfgy1hrg5fdqb1rj318z0u0n2u.jpg,
https://wx4.sinaimg.cn/large/0076dtWfgy1hrg5feyjfgj30u018ztcm.jpg,
https://wx4.sinaimg.cn/large/007gpAMwgy1hrc940uv2xj33ls5eo1l9.jpg,
https://wx4.sinaimg.cn/large/007gpAMwgy1hrc94inhesj33ls5eo4r2.jpg,
https://wx4.sinaimg.cn/large/007gpAMwgy1hrc957awstj33ls5eoqvi.jpg,
https://wx4.sinaimg.cn/large/0087SeeHgy1hreg7vfnbvj32c03404qq.jpg,
https://wx4.sinaimg.cn/large/0087SeeHgy1hreg80193vj32c0340npe.jpg,
https://wx4.sinaimg.cn/large/0087SeeHgy1hreg81flu2j32b635se82.jpg,
https://wx4.sinaimg.cn/large/0087SeeHgy1hreg85kdjnj32c0340e82.jpg,
https://wx4.sinaimg.cn/large/008DhhDngy1hq1wvcd4ysj32h93u8b2c.jpg,
https://wx4.sinaimg.cn/large/008DhhDngy1hq1wvcjisyj32h94eohdw.jpg,
https://wx4.sinaimg.cn/large/008DhhDngy1hs1ick8gm3j32h94eob2b.jpg,
https://wx4.sinaimg.cn/large/008DhhDngy1hs1r1ywe7zj30xc4jzb2a.jpg,
https://wx4.sinaimg.cn/large/008cHI84gy1hosqe668lcj32tc480u10.jpg,
https://wx4.sinaimg.cn/large/008cHI84gy1hosqeanu0xj323u35skjm.jpg,
https://wx4.sinaimg.cn/large/008cHI84gy1hqmsmisucij31o02801ky.jpg,
https://wx4.sinaimg.cn/large/008cHI84gy1hqs2n92xzkj31o0280npd.jpg,
https://wx4.sinaimg.cn/large/008cHI84gy1hqs2nf46s6j31nk27rhdt.jpg,
https://wx4.sinaimg.cn/large/008cHI84gy1hqs2nhdag0j31nk280npd.jpg,
https://wx4.sinaimg.cn/large/008cHI84gy1hqs2nj8lrcj31o0280npd.jpg,
https://wx4.sinaimg.cn/large/008cHI84gy1hqs2nkmob3j31nc26xkjl.jpg,
https://wx4.sinaimg.cn/large/008cHI84gy1hqs2nq370xj32tc480npf.jpg,
https://wx4.sinaimg.cn/large/008cHI84gy1hqs2v6tx4hj32tc480npg.jpg,
https://wx4.sinaimg.cn/large/008cHI84gy1hqvp8yc1g9j32tc480hdw.jpg,
https://wx4.sinaimg.cn/large/008cHI84gy1hqvp932f80j30mi0u0n4k.jpg,
https://wx4.sinaimg.cn/large/008cHI84gy1hqz46x68ltj32gw3pcx6q.jpg,
https://wx4.sinaimg.cn/large/008cHI84gy1hrqzd0zaxwj34802tc4qs.jpg,
https://wx4.sinaimg.cn/large/008cHI84gy1hrvxbhkm6mj31o0280e81.jpg,
https://wx4.sinaimg.cn/large/008cHI84gy1hthbc78nk3j32yo3y8e82.jpg,
https://wx4.sinaimg.cn/large/008cHI84gy1hthbcaaod8j32u03y8b2a.jpg,
https://wx4.sinaimg.cn/large/008cHI84gy1htihjgb829j30wi1ycdyk.jpg,
https://wx4.sinaimg.cn/large/008cHI84gy1htkna3ef44j33344mo4qt.jpg,
https://wx4.sinaimg.cn/large/008cHI84gy1htkna7j3g8j33344mo4qt.jpg,
https://wx4.sinaimg.cn/large/008cHI84gy1htn43tof2nj35eo31knpg.jpg,
https://wx4.sinaimg.cn/large/008cHI84gy1htn44nw15xj33ls5eohdx.jpg,
https://wx4.sinaimg.cn/large/008cHI84gy1htn4562tq3j33ls5eox6t.jpg,
https://wx4.sinaimg.cn/large/008cHI84gy1hugob1f053j34802tcx6s.jpg,
https://wx4.sinaimg.cn/large/008cHI84gy1hugob53wmmj32tc480npf.jpg,
https://wx4.sinaimg.cn/large/008cHI84gy1hugobbxl02j34mo2lrb2d.jpg,
https://wx4.sinaimg.cn/large/008cHI84gy1hugobfr8emj32tc480kjp.jpg,
https://wx4.sinaimg.cn/large/008cHI84gy1huhea4nzskj32tc480nph.jpg,
https://wx4.sinaimg.cn/large/008cHI84gy1huhea7y5amj32tc480qv9.jpg,
https://wx4.sinaimg.cn/large/008cHI84gy1hujxyxlc8gj333z2bze84.jpg,
https://wx4.sinaimg.cn/large/008iJcr0ly1hrarymx9oyj32gy3pc7wl.jpg,
https://wx4.sinaimg.cn/large/008iJcr0ly1hrarz5rz8sj32gy3pcnpi.jpg,
https://wx4.sinaimg.cn/large/008iJcr0ly1hrarz87av5j31q42l3b2a.jpg,
https://wx4.sinaimg.cn/large/008iJcr0ly1hrarzglr2oj32gw3pcu10.jpg,
https://wx4.sinaimg.cn/large/008iJcr0ly1hrarzkwn5xj329r3em1l0.jpg,
https://wx4.sinaimg.cn/large/008l44n0gy1hr8mn3b8irj34g02yo7wp.jpg,
https://wx4.sinaimg.cn/large/008l44n0gy1hr8mo2lah4j34g02yo4qy.jpg,
https://wx4.sinaimg.cn/large/008lcjiIgy1hqwxg7y9ikj30vc0vcjyo.jpg,
https://wx4.sinaimg.cn/large/008lcjiIgy1hqwxggz7y3j30vc0vcgt3.jpg,
https://wx4.sinaimg.cn/large/008lcjiIgy1hqwxgt3qutj30vc0vcwlj.jpg,
https://wx4.sinaimg.cn/large/008lcjiIgy1hqwxgu96lwj30vc0vcgsy.jpg,
https://wx4.sinaimg.cn/large/008ohtR4gy1hrayc060atj32c01r04qq.jpg,
https://wx4.sinaimg.cn/large/008ohtR4gy1hrayc371u9j32192pokjm.jpg,
https://wx4.sinaimg.cn/large/008ohtR4gy1hrd6a70jz7j335s1kwx6p.jpg,
https://wx4.sinaimg.cn/large/008ohtR4gy1hrd6aecfgtj335s1kwe82.jpg,
https://wx4.sinaimg.cn/large/008ohtR4gy1hrd6avr5ekj335s1kwnpe.jpg,
https://wx4.sinaimg.cn/large/008tWhGCgy1hotxdup59uj304d04d3yr.jpg,
https://wx4.sinaimg.cn/large/008tWhGCgy1hotxduqk74j304d04dt93.jpg,
https://wx4.sinaimg.cn/large/008tWhGCgy1hotxdurezlj304d04d0t0.jpg,
https://wx4.sinaimg.cn/large/008tWhGCgy1hotxdurm0mj304d04daae.jpg,
https://wx4.sinaimg.cn/large/008tWhGCgy1hotxduyf3nj304d04daaa.jpg,
https://wx4.sinaimg.cn/large/6eedf0e5gy1hrdadruhbjj21900u0gqn.jpg,
https://wx4.sinaimg.cn/large/6eedf0e5gy1hrdadyik5dj20u0190wk1.jpg,
https://wx4.sinaimg.cn/large/861b1ebdgy1hr8emeoy8kj22tc40s7wp.jpg,
https://wx4.sinaimg.cn/large/861b1ebdgy1hr8emn24v8j22tc4804qw.jpg,
https://wx4.sinaimg.cn/large/861b1ebdgy1hr8eo1n286j22tc4804qw.jpg,
https://wx4.sinaimg.cn/large/861b1ebdgy1hr8eoomycuj24802tc1l5.jpg,
https://wx4.sinaimg.cn/large/861b1ebdgy1hr8ephizcjj22tc46ykjs.jpg,
https://wx4.sinaimg.cn/large/883f1b6dgy1hr20twwg2wj232g21o4qs.jpg,
https://wx4.sinaimg.cn/large/883f1b6dgy1hr20u0v5wmj23di291hdw.jpg,
https://wx4.sinaimg.cn/large/883f1b6dgy1hr69dpiosuj223w35su0z.jpg,
https://wx4.sinaimg.cn/large/883f1b6dgy1hr69sxwb0rj20li0g4dju.jpg,
https://wx4.sinaimg.cn/large/a8b0491ely1hqufryf51wj21aa1xgb13.jpg,
https://wx4.sinaimg.cn/large/a8b0491ely1hqufsav4t9j21aa1xgnm7.jpg,
https://wx4.sinaimg.cn/large/ae80308dly1hr44562vqmj27c04w04qw.jpg,
https://wx4.sinaimg.cn/large/ae80308dly1hr445pa7zyj27c04w0kjs.jpg,
https://wx4.sinaimg.cn/large/ae80308dly1hr8sjp3i83j24w07c0e88.jpg,
https://wx4.sinaimg.cn/large/b05e4e7dgy1hqw1ssxhyqj230v26thdt.jpg,
https://wx4.sinaimg.cn/large/b402ce7bgy1hreq4gy6tdj20wi1crduy.jpg,
https://wx4.sinaimg.cn/large/b402ce7bgy1hreq4hb2n8j20wi17c11s.jpg,
https://wx4.sinaimg.cn/large/b402ce7bgy1hreq4l5w1kj20wi17cn7j.jpg,
https://wx4.sinaimg.cn/large/b402ce7bgy1hreq4lpubhj20ub1hwqc8.jpg,
https://wx4.sinaimg.cn/large/e925abcagy1hrdb5ib62sj22gw3pcqv9.jpg,
https://wx4.sinaimg.cn/large/e925abcagy1hrdb5spt6dj23pc2gwhdx.jpg,
https://wx4.sinaimg.cn/large/e9d0bf27gy1hptrd1oavnj21900u0dpt.jpg,
https://wx4.sinaimg.cn/large/e9fa3a98gy1hra8hcxcffj21401hcb29.jpg,
https://wx4.sinaimg.cn/large/e9fa3a98gy1hra8j8hxb2j23402c07wl.jpg,
https://wx4.sinaimg.cn/large/e9fa3a98gy1hra8jjzvkqj21hc1407wh.jpg,
https://wx4.sinaimg.cn/large/e9fa3a98gy1hra8jly6v8j21401hcu0x.jpg,
https://wx4.sinaimg.cn/large/e9fa3a98gy1hra8jn4p7cj21hc1407wh.jpg,
https://wx4.sinaimg.cn/large/e9fa3a98gy1hra8jsr10dj21hc1407wh.jpg,
https://wx4.sinaimg.cn/large/e9fa3a98gy1hra8k3421vj22c0340kjn.jpg,
https://wx4.sinaimg.cn/orj480/008cHI84gy1hk2l4hk4w1j30u0140wqo.jpg,
https://wx4.sinaimg.cn/orj480/008cHI84gy1hobl7nds4ej30u01hc15d.jpg