https://tvax4.sinaimg.cn/crop.0.0.1242.1242.180/51806b25ly8fvt3d5l3ylj20yi0yi76m.jpg?KID=imgbed,tva&Expires=1729196324&ssig=ZoWReYDyej,
https://wx1.sinaimg.cn/large/005GmHpFgy1h43h51occ2j333445vb29.jpg,
https://wx1.sinaimg.cn/large/005GmHpFgy1h43h53d23mj320w31ctuw.jpg,
https://wx1.sinaimg.cn/large/005VbvGBgy1h6oxjxnr6ej30u01wqnj4.jpg,
https://wx1.sinaimg.cn/large/005VbvGBgy1h6oxjz3vfhj30m87zte82.jpg,
https://wx1.sinaimg.cn/large/005VbvGBgy1h6p0lafhoxj30u06iwe81.jpg,
https://wx1.sinaimg.cn/large/0060Wf0ggy1hfz4kt56p0j323m16jqrg.jpg,
https://wx1.sinaimg.cn/large/0060Wf0ggy1hfz4ku8pg7j32fe1d64qp.jpg,
https://wx1.sinaimg.cn/large/0060hKZegy1hkx6xvb5e8j33ls5eo7wl.jpg,
https://wx1.sinaimg.cn/large/00610zedgy1h8gck8sddej31yv16le61.jpg,
https://wx1.sinaimg.cn/large/00610zedgy1h8gcl1qv5fj326o39se85.jpg,
https://wx1.sinaimg.cn/large/00610zedgy1h8gcl7vauyj31gg26o7wh.jpg,
https://wx1.sinaimg.cn/large/00610zedgy1h8gclaf3hxj32601ai4qp.jpg,
https://wx1.sinaimg.cn/large/00610zedgy1hih2peh2edj31mi260u0x.jpg,
https://wx1.sinaimg.cn/large/00610zedgy1hih2phdhgrj32c034xe83.jpg,
https://wx1.sinaimg.cn/large/006CbORYgy1h4h4sngl4cj32bc173kjl.jpg,
https://wx1.sinaimg.cn/large/006CbORYgy1h4h4sre975j32bc1ci1ky.jpg,
https://wx1.sinaimg.cn/large/006CbORYgy1h4h4stw7wwj32bc1awnpd.jpg,
https://wx1.sinaimg.cn/large/006CbORYgy1h4h4syd7sej32bc19eb2a.jpg,
https://wx1.sinaimg.cn/large/006fJZTUgy1h4i0ear9lhj343c64wb2d.jpg,
https://wx1.sinaimg.cn/large/006fJZTUgy1h4i0egoaoyj364w43c4qt.jpg,
https://wx1.sinaimg.cn/large/006gggz3gy1h5tm9i0dcdj30u0190125.jpg,
https://wx1.sinaimg.cn/large/006tiHVogy1h5ngxgztfzj30zk4moe83.jpg,
https://wx1.sinaimg.cn/large/006tiHVogy1h9mzy39edoj30zk48sqv6.jpg,
https://wx1.sinaimg.cn/large/0071XxW9gy1h3lgt63d93j31o02807wi.jpg,
https://wx1.sinaimg.cn/large/0071XxW9gy1h4w2k0gktkj347s6bkqvh.jpg,
https://wx1.sinaimg.cn/large/0071XxW9gy1h4w2kklxgbj323w35sb2i.jpg,
https://wx1.sinaimg.cn/large/0071XxW9gy1h4zklg4eu3j31rv35se89.jpg,
https://wx1.sinaimg.cn/large/0071XxW9gy1h5h81it3hvj335s23vu13.jpg,
https://wx1.sinaimg.cn/large/0071XxW9gy1h5h82hxa7xj323w35sb2g.jpg,
https://wx1.sinaimg.cn/large/0071XxW9gy1h5h82rp311j323w35shdz.jpg,
https://wx1.sinaimg.cn/large/0071XxW9gy1h5htl1letkj335s23whe1.jpg,
https://wx1.sinaimg.cn/large/0071XxW9gy1h5htla2yffj323w35snpk.jpg,
https://wx1.sinaimg.cn/large/0071XxW9gy1h5sdnnmys3j335s23uhe4.jpg,
https://wx1.sinaimg.cn/large/0071XxW9gy1h5sdo7atebj323u35s4r1.jpg,
https://wx1.sinaimg.cn/large/0071XxW9gy1h62s4y6i0vj31jk2bc4qt.jpg,
https://wx1.sinaimg.cn/large/0071XxW9gy1h71x4cnox3j323u35skjs.jpg,
https://wx1.sinaimg.cn/large/0071XxW9gy1h71x4lx1w6j347s6bkb2i.jpg,
https://wx1.sinaimg.cn/large/0071XxW9gy1h7armet3doj335s1s04qx.jpg,
https://wx1.sinaimg.cn/large/0071XxW9gy1h7arn6xg4ej323w35s4qy.jpg,
https://wx1.sinaimg.cn/large/0071XxW9gy1h873w9dq14j323w35skjm.jpg,
https://wx1.sinaimg.cn/large/0071XxW9gy1h873wb2xz7j323w35su0y.jpg,
https://wx1.sinaimg.cn/large/0071XxW9gy1h9f4tou08zj32df35s1l8.jpg,
https://wx1.sinaimg.cn/large/0071XxW9gy1h9f4uk9f1tj32df35s7ws.jpg,
https://wx1.sinaimg.cn/large/0071XxW9gy1h9f4vmenrbj32df35she4.jpg,
https://wx1.sinaimg.cn/large/0071XxW9gy1hdnq1usibaj31xa2knqve.jpg,
https://wx1.sinaimg.cn/large/0071XxW9gy1hf1em2fyxgj30u018zwo9.jpg,
https://wx1.sinaimg.cn/large/0071XxW9gy1hf1em5e681j318z0u0gvr.jpg,
https://wx1.sinaimg.cn/large/0071XxW9gy1hgheolhdvaj335s1s0e85.jpg,
https://wx1.sinaimg.cn/large/0071XxW9gy1hh5ly57nkkj318z0u011i.jpg,
https://wx1.sinaimg.cn/large/0071XxW9gy1hh5ly71hibj30u01c449z.jpg,
https://wx1.sinaimg.cn/large/0071XxW9gy1hh5ly8y59nj30u018zqbb.jpg,
https://wx1.sinaimg.cn/large/0071XxW9gy1hh5lyc5bb4j318x0u010m.jpg,
https://wx1.sinaimg.cn/large/0071XxW9gy1hha61bjj29j32c0340x6s.jpg,
https://wx1.sinaimg.cn/large/0071XxW9gy1hhsvs0trmxj31xo2wix6p.jpg,
https://wx1.sinaimg.cn/large/0071XxW9gy1hhvbu0157dj32wi1xohdu.jpg,
https://wx1.sinaimg.cn/large/0071XxW9gy1hi34tsa26vj30u0191wlw.jpg,
https://wx1.sinaimg.cn/large/0071XxW9gy1hi34ttn7wvj31910u0wlv.jpg,
https://wx1.sinaimg.cn/large/0071XxW9gy1hi34tv9j61j30u0191tfg.jpg,
https://wx1.sinaimg.cn/large/0071XxW9gy1hi34twctp3j30u0191gsj.jpg,
https://wx1.sinaimg.cn/large/0071XxW9gy1hi34u0tjupj31910u0qdo.jpg,
https://wx1.sinaimg.cn/large/0071XxW9gy1hi34u51915j31910u07f8.jpg,
https://wx1.sinaimg.cn/large/0071XxW9gy1hibcrjii02j31r0340hdy.jpg,
https://wx1.sinaimg.cn/large/0071XxW9gy1hibct2nthbj31lr2bhu11.jpg,
https://wx1.sinaimg.cn/large/0071XxW9gy1hijemev7k2j30u01ajdmj.jpg,
https://wx1.sinaimg.cn/large/0071XxW9gy1hijemiy4rej30u01hdn5d.jpg,
https://wx1.sinaimg.cn/large/0071XxW9gy1hjlauqw7dmj31910u0gul.jpg,
https://wx1.sinaimg.cn/large/0071XxW9gy1hjlaur9m7jj31910u0qc3.jpg,
https://wx1.sinaimg.cn/large/0071XxW9gy1hjlaurkhvmj31910u0k0p.jpg,
https://wx1.sinaimg.cn/large/0071XxW9gy1hjlaussxpjj31910u0wmc.jpg,
https://wx1.sinaimg.cn/large/0071XxW9gy1hjoymdihbij30u018zwjv.jpg,
https://wx1.sinaimg.cn/large/0071XxW9gy1hk1pnk5kppj323u35snpe.jpg,
https://wx1.sinaimg.cn/large/0071XxW9gy1hk1po8wfvjj323u35s1kz.jpg,
https://wx1.sinaimg.cn/large/0071XxW9gy1hk1pohxjt6j323u35sx6q.jpg,
https://wx1.sinaimg.cn/large/0071XxW9gy1hk1pomc6l4j323u35su0y.jpg,
https://wx1.sinaimg.cn/large/0071XxW9gy1hk1powddi1j323u35sx6q.jpg,
https://wx1.sinaimg.cn/large/0071XxW9gy1hkb27fn9klj31vx30tb29.jpg,
https://wx1.sinaimg.cn/large/0071XxW9gy1hl09cvq8oej335s23u7wk.jpg,
https://wx1.sinaimg.cn/large/0071XxW9gy1hl09d93mfjj335s1s0qv6.jpg,
https://wx1.sinaimg.cn/large/0071XxW9gy1hl3rgonz4lj31cs2c04qt.jpg,
https://wx1.sinaimg.cn/large/0071XxW9gy1hl3rgpca56j30zu1khaow.jpg,
https://wx1.sinaimg.cn/large/0071XxW9gy1hlfnzyqynuj31ps35s1ky.jpg,
https://wx1.sinaimg.cn/large/0071XxW9gy1hlgl7ifb35j31pg35r1ky.jpg,
https://wx1.sinaimg.cn/large/0071XxW9gy1hlgl7lukcfj31ml20xb29.jpg,
https://wx1.sinaimg.cn/large/0071XxW9gy1hlgl833lyxj317l28d1kx.jpg,
https://wx1.sinaimg.cn/large/0071XxW9gy1hmarj74ld1j323u35snpe.jpg,
https://wx1.sinaimg.cn/large/0071XxW9gy1hmd0wc8ivnj31sc2dsnpd.jpg,
https://wx1.sinaimg.cn/large/0071XxW9gy1hnzxcj9nxxj323u35sb2a.jpg,
https://wx1.sinaimg.cn/large/0071XxW9gy1hnzxcoz0uij323u35snpe.jpg,
https://wx1.sinaimg.cn/large/0071XxW9gy1hnzxcv2h5wj31x72vte82.jpg,
https://wx1.sinaimg.cn/large/0071XxW9gy1ho29d9q20lj323u35s4qq.jpg,
https://wx1.sinaimg.cn/large/0071XxW9gy1ho29dio0o3j335s23ue82.jpg,
https://wx1.sinaimg.cn/large/0071XxW9gy1ho4lkto7a4j335s23ue84.jpg,
https://wx1.sinaimg.cn/large/0071XxW9gy1ho4lkwlfz3j335s23u4qr.jpg,
https://wx1.sinaimg.cn/large/0071XxW9gy1ho95dljh01j323w35s4qs.jpg,
https://wx1.sinaimg.cn/large/0071XxW9gy1hpfwpr6j4nj335s23ux6q.jpg,
https://wx1.sinaimg.cn/large/0071XxW9gy1hpfwpyuvhfj335s1rz7wj.jpg,
https://wx1.sinaimg.cn/large/0071XxW9gy1hpfwq484hoj335s23ub2b.jpg,
https://wx1.sinaimg.cn/large/0071XxW9gy1hs65khcv0yj31em0xr1a2.jpg,
https://wx1.sinaimg.cn/large/0071XxW9gy1hs65klkr9kj30xr1emwuq.jpg,
https://wx1.sinaimg.cn/large/0071XxW9gy1hs65kqs74yj31em0xrdyp.jpg,
https://wx1.sinaimg.cn/large/0071XxW9gy1hsdb9gaqyjj347s6bku14.jpg,
https://wx1.sinaimg.cn/large/0071XxW9gy1hsdb9ij35ij33xc2m8hdw.jpg,
https://wx1.sinaimg.cn/large/0071XxW9gy1hsdb9q564kj36173e6hdy.jpg,
https://wx1.sinaimg.cn/large/0071XxW9gy1hsuci79z3bj34mo336nph.jpg,
https://wx1.sinaimg.cn/large/0071XxW9gy1htpqzd7rtxj33ls5eoe84.jpg,
https://wx1.sinaimg.cn/large/0071XxW9gy1htpqzlocd1j33jd5b0u10.jpg,
https://wx1.sinaimg.cn/large/0071XxW9gy1htpqzp6ozgj33ls5eonph.jpg,
https://wx1.sinaimg.cn/large/0071XxW9ly1hg4esv0pwxj32c0340npr.jpg,
https://wx1.sinaimg.cn/large/0071XxW9ly1hg87kc3tfdj35eo3lsu15.jpg,
https://wx1.sinaimg.cn/large/0071XxW9ly1hg87luslafj335s23uhdv.jpg,
https://wx1.sinaimg.cn/large/0071XxW9ly1hgv57k1el9j323w35sqve.jpg,
https://wx1.sinaimg.cn/large/0075VLesgy1h4chl33pzaj323935sqva.jpg,
https://wx1.sinaimg.cn/large/0075VLesgy1h4chl5doexj33uw2klqv6.jpg,
https://wx1.sinaimg.cn/large/0075VLesgy1h4chldxy53j31pq2klnpd.jpg,
https://wx1.sinaimg.cn/large/007inJmpgy1hgcyq3up0vj323u35skjl.jpg,
https://wx1.sinaimg.cn/large/007inJmpgy1hgcyqpyouuj33kw5dchdx.jpg,
https://wx1.sinaimg.cn/large/0081aj8Hgy1h4cl7b2ry3j316o1kwazs.jpg,
https://wx1.sinaimg.cn/large/0081aj8Hgy1h4cl7c0ztuj314s1ieaxg.jpg,
https://wx1.sinaimg.cn/large/0081aj8Hgy1h4cl7hxmq2j316o1kw1k4.jpg,
https://wx1.sinaimg.cn/large/0081aj8Hgy1h4cl7igsobj31kw16ob29.jpg,
https://wx1.sinaimg.cn/large/0081aj8Hgy1hp8yonfgvrj33344mo1l1.jpg,
https://wx1.sinaimg.cn/large/008lgPsGgy1hj7dgcnm09j31hc0u0h74.jpg,
https://wx1.sinaimg.cn/large/008oXAtkgy1hfwb98tdbrj30dw0dwgsx.jpg,
https://wx1.sinaimg.cn/large/008oXAtkgy1hfwb9aaeq7j30rs1yaqv5.jpg,
https://wx1.sinaimg.cn/large/008oXAtkgy1hfwb9aayvuj30rs276kjl.jpg,
https://wx1.sinaimg.cn/large/008zT9nUgy1hphuu6u9w3j30u0190td3.jpg,
https://wx1.sinaimg.cn/large/008zT9nUgy1hphuu7s725j30u0190afp.jpg,
https://wx1.sinaimg.cn/large/51806b25gy1hsfgckqwlxj26qk44t4qy.jpg,
https://wx1.sinaimg.cn/large/51806b25gy1hsfgd4puwyj272z3xk1l5.jpg,
https://wx1.sinaimg.cn/large/51806b25gy1hsfgds7swkj24kj63e7wr.jpg,
https://wx1.sinaimg.cn/large/62ff67c7gy1hpa8bmit3sj24mo2lr4qv.jpg,
https://wx1.sinaimg.cn/large/62ff67c7ly1hpbhm1jamaj23344mou10.jpg,
https://wx1.sinaimg.cn/large/6baed01bgy1hk1067ba4qj26dc48w4qt.jpg,
https://wx1.sinaimg.cn/large/6c428deagy1h3uwreul79j248w6dcb2f.jpg,
https://wx1.sinaimg.cn/large/6c428deagy1h3uwrvll6pj24w07c0qva.jpg,
https://wx1.sinaimg.cn/large/6c428deagy1h3uws0sx2oj24w07c0npj.jpg,
https://wx1.sinaimg.cn/large/6d666ecdgy1hgkjecne4qj20u019010r.jpg,
https://wx1.sinaimg.cn/large/6d666ecdgy1hgkjed614rj20u01hcakj.jpg,
https://wx1.sinaimg.cn/large/6d666ecdgy1hgkjeeng7pj20u01hc49m.jpg,
https://wx1.sinaimg.cn/large/6d666ecdgy1hgkjeexodjj21900u0aho.jpg,
https://wx1.sinaimg.cn/large/6dd57c31gy1hsqwelry15j22c0340npf.jpg,
https://wx1.sinaimg.cn/large/6dd57c31gy1hsqweru2xkj22c03404qr.jpg,
https://wx1.sinaimg.cn/large/6dd57c31gy1hsqwexoxnuj22c0340npf.jpg,
https://wx1.sinaimg.cn/large/6f5f4997gy1h4jads5700j22tc4807wl.jpg,
https://wx1.sinaimg.cn/large/6f5f4997gy1h4jadwyvabj22tc480u10.jpg,
https://wx1.sinaimg.cn/large/6f5f4997gy1h4jae2zyecj24802tc7wl.jpg,
https://wx1.sinaimg.cn/large/6f5f4997gy1h4jae53byjj22tc480b2d.jpg,
https://wx1.sinaimg.cn/large/6f5f4997gy1h4jae7zendj22tc480e85.jpg,
https://wx1.sinaimg.cn/large/6f5f4997gy1h4jaed5zvjj22tc480kjq.jpg,
https://wx1.sinaimg.cn/large/6f5f4997gy1h51rwhmnycj21tm9671la.jpg,
https://wx1.sinaimg.cn/large/6f5f4997gy1h51rzoeyv1j22kn3uwb2j.jpg,
https://wx1.sinaimg.cn/large/6f5f4997gy1h52r78wj9pj22kn3uwx6x.jpg,
https://wx1.sinaimg.cn/large/6f5f4997gy1h52r8543f3j23uw2kn7wq.jpg,
https://wx1.sinaimg.cn/large/6f5f4997gy1h52r9wo64cj23uw2knnpn.jpg,
https://wx1.sinaimg.cn/large/6f5f4997gy1h6nkwxbdk0j243c64we8a.jpg,
https://wx1.sinaimg.cn/large/6f5f4997gy1h6nkxbc06dj23uw2edu10.jpg,
https://wx1.sinaimg.cn/large/6f5f4997gy1h6nkxhnjsdj243c64wnpd.jpg,
https://wx1.sinaimg.cn/large/6f5f4997gy1h9o0tpvmrhj22dc35s1ky.jpg,
https://wx1.sinaimg.cn/large/6f5f4997gy1h9o0tzjlx2j21tz2qge81.jpg,
https://wx1.sinaimg.cn/large/6f5f4997gy1h9o0udr0dsj22dc35s4qq.jpg,
https://wx1.sinaimg.cn/large/6f5f4997gy1h9o0yizrxej22dc35s1ky.jpg,
https://wx1.sinaimg.cn/large/6f5f4997gy1hdwyx0brydj23tm5qb1l7.jpg,
https://wx1.sinaimg.cn/large/6f5f4997gy1hdwyxd5s47j264w43cnpp.jpg,
https://wx1.sinaimg.cn/large/6f5f4997gy1hdwyxhen1uj264w43cu19.jpg,
https://wx1.sinaimg.cn/large/6f5f4997gy1hdwyxleaokj23ny5hub2i.jpg,
https://wx1.sinaimg.cn/large/6f5f4997gy1hfdtjy4g1ij22kl3uwnpk.jpg,
https://wx1.sinaimg.cn/large/6f5f4997gy1hfdtpak0yqj22kl3uwx6s.jpg,
https://wx1.sinaimg.cn/large/6f5f4997gy1hfdtph6ga1j23uw2e8e85.jpg,
https://wx1.sinaimg.cn/large/6f5f4997gy1hfdtpkwizqj23uw2heqv9.jpg,
https://wx1.sinaimg.cn/large/6f5f4997gy1hfdtpsv78fj22kl3uw4qu.jpg,
https://wx1.sinaimg.cn/large/6f5f4997gy1hfdtqkisccj23uw2dcqva.jpg,
https://wx1.sinaimg.cn/large/6f5f4997ly1h3q5t56668j22kn3uw4qv.jpg,
https://wx1.sinaimg.cn/large/6f5f4997ly1h3q5tsjnt0j22kn3uwe85.jpg,
https://wx1.sinaimg.cn/large/7149ace5gy1histokex73j24mo334x6v.jpg,
https://wx1.sinaimg.cn/large/76e424c9gy1h3ev9b4yy7j21jk121dqr.jpg,
https://wx1.sinaimg.cn/large/76e424c9gy1h4nyhrzefxj235s1s0e88.jpg,
https://wx1.sinaimg.cn/large/76e424c9gy1h8e0q8o8h8j223u35sb2i.jpg,
https://wx1.sinaimg.cn/large/76e424c9gy1h8e0qqr9tvj223u35s1l6.jpg,
https://wx1.sinaimg.cn/large/76e424c9gy1h8e0r030ylj235s23u1l7.jpg,
https://wx1.sinaimg.cn/large/7f1bb900gy1h4bghkoiutj23gg56ox6x.jpg,
https://wx1.sinaimg.cn/large/82186a04gy1h4cjpxp8dsj20u0190n3e.jpg,
https://wx1.sinaimg.cn/large/82186a04gy1h4cjpyms29j21900u0jxz.jpg,
https://wx1.sinaimg.cn/large/9801b567gy1h52sddcrflj22se1ut7wk.jpg,
https://wx1.sinaimg.cn/large/9801b567gy1h52sdf288uj218j1uynpd.jpg,
https://wx1.sinaimg.cn/large/9801b567gy1h52sdghfh6j218j1wob29.jpg,
https://wx1.sinaimg.cn/large/9801b567gy1h6lc8osqpej22c0340465.jpg,
https://wx1.sinaimg.cn/large/9801b567gy1h6myclhu2oj22bb1jkdl3.jpg,
https://wx1.sinaimg.cn/large/9801b567gy1h6mycv6eaaj22bb1jkx6p.jpg,
https://wx1.sinaimg.cn/large/9801b567gy1h6mycx1fv6j22kw1h0npe.jpg,
https://wx1.sinaimg.cn/large/9801b567gy1h6mycz7zdgj22bb1jkhdu.jpg,
https://wx1.sinaimg.cn/large/9dc90e62gy1h5jbeca7s7j223u35skjs.jpg,
https://wx1.sinaimg.cn/large/a03697c1gy1hdlcuzmk6zj21ee35skjm.jpg,
https://wx1.sinaimg.cn/large/a03697c1gy1hdlcverc1aj21en35skjm.jpg,
https://wx1.sinaimg.cn/large/a760c6a9gy1hjtl1t637cj22801o01ky.jpg,
https://wx1.sinaimg.cn/large/a760c6a9gy1hjtl1vj0xzj21o0280b2a.jpg,
https://wx1.sinaimg.cn/large/a760c6a9gy1hk6e783dgmj214g2iw1ky.jpg,
https://wx1.sinaimg.cn/large/aaf64a22gy1hf9la0k00tj23402c0e83.jpg,
https://wx1.sinaimg.cn/large/aaf64a22gy1hf9lmejq7zj22002o07wi.jpg,
https://wx1.sinaimg.cn/large/b18b7f4dgy1h5scpe1i1qj223u35s42s.jpg,
https://wx1.sinaimg.cn/large/b18b7f4dgy1h5snojunnhj23hb57zx6r.jpg,
https://wx1.sinaimg.cn/large/b18b7f4dgy1h5snouy290j25eo3ls7jb.jpg,
https://wx1.sinaimg.cn/large/b18b7f4dgy1h5snoxpae5j26eq3ls7hz.jpg,
https://wx1.sinaimg.cn/large/b18b7f4dgy1h5snp7dlgij23s42iru0y.jpg,
https://wx1.sinaimg.cn/large/b18b7f4dgy1h5snq0dm7hj235s23uqv5.jpg,
https://wx1.sinaimg.cn/large/be59b734gy1hg66quzu8fj20sg0vz78r.jpg,
https://wx1.sinaimg.cn/large/be59b734gy1hg66qx019kj22mg4o04m2.jpg,
https://wx1.sinaimg.cn/large/be59b734gy1hg66qyna90j22mg4o0e5s.jpg,
https://wx1.sinaimg.cn/large/be59b734gy1hg66r0250jj22mi4o0h9t.jpg,
https://wx1.sinaimg.cn/large/be59b734gy1hg66r1lunnj22mg4o0awf.jpg,
https://wx1.sinaimg.cn/orj480/0071XxW9gy1hnidqnyq45j30mj0u0tji.jpg,
https://wx1.sinaimg.cn/orj480/0071XxW9gy1hs9kz3kmz8j30u01417bp.jpg,
https://wx1.sinaimg.cn/orj480/0071XxW9gy1htmc70t58ej31hc0u04dv.jpg,
https://wx1.sinaimg.cn/orj480/0071XxW9gy1hu4j2295lxj30u01hck8a.jpg,
https://wx1.sinaimg.cn/orj480/0071XxW9ly1hkvrbphd78j30u0140ajj.jpg,
https://wx2.sinaimg.cn/large/005GmHpFgy1h43h55b7lfj320w31ctw6.jpg,
https://wx2.sinaimg.cn/large/005GmHpFgy1h43h57vsbaj331c20warb.jpg,
https://wx2.sinaimg.cn/large/005VbvGBgy1h6oxjudyibj30u02djnbw.jpg,
https://wx2.sinaimg.cn/large/005VbvGBgy1h6oxjwamo4j30rs693b29.jpg,
https://wx2.sinaimg.cn/large/005VbvGBgy1h6oxjz7bixj30u06phu0x.jpg,
https://wx2.sinaimg.cn/large/005VbvGBgy1h6oxjz8gcij30rs6kpkjm.jpg,
https://wx2.sinaimg.cn/large/005VbvGBgy1h6oxjzbrs0j30m88e5kjm.jpg,
https://wx2.sinaimg.cn/large/0060Wf0ggy1hfz4i3y1juj337k4tc7wl.jpg,
https://wx2.sinaimg.cn/large/0060Wf0ggy1hfz4ic6jsbj32rq3oze83.jpg,
https://wx2.sinaimg.cn/large/0060Wf0ggy1hfz4iliv9cj34tc22ab2b.jpg,
https://wx2.sinaimg.cn/large/0060hKZegy1hkx6xzmw57j33ls5eo7wl.jpg,
https://wx2.sinaimg.cn/large/0060hKZegy1hkx6ybaofoj33ls5eox6u.jpg,
https://wx2.sinaimg.cn/large/0060hKZegy1hkx6yed5kpj33ls5eohdx.jpg,
https://wx2.sinaimg.cn/large/00610zedgy1hih2pfsdj4j31mi260u0x.jpg,
https://wx2.sinaimg.cn/large/00610zedgy1hih2plu42oj32c0340kjm.jpg,
https://wx2.sinaimg.cn/large/006CbORYgy1h4h4sm54dfj32bc1awqv5.jpg,
https://wx2.sinaimg.cn/large/006CbORYgy1h4h4swnpd3j32bc1fakjn.jpg,
https://wx2.sinaimg.cn/large/006fJZTUgy1h4i0e7cowmj33xp5wj4qt.jpg,
https://wx2.sinaimg.cn/large/006fJZTUgy1h4i0ekluiyj33zk2nsqv6.jpg,
https://wx2.sinaimg.cn/large/006fJZTUgy1h4i0emxlctj364w43chdw.jpg,
https://wx2.sinaimg.cn/large/006fJZTUgy1h4i0eqa0x5j364w43chdw.jpg,
https://wx2.sinaimg.cn/large/006gggz3gy1h5tm9bqghjj31920u076w.jpg,
https://wx2.sinaimg.cn/large/006gggz3gy1h5tm9dhpe0j31900u0doo.jpg,
https://wx2.sinaimg.cn/large/006gggz3gy1h5tm9eoxp8j31910u0jvf.jpg,
https://wx2.sinaimg.cn/large/006gggz3gy1h5tm9gvq2aj31910u012n.jpg,
https://wx2.sinaimg.cn/large/006gggz3gy1h5tm9p4xqcj30u0190n9b.jpg,
https://wx2.sinaimg.cn/large/006tiHVogy1h5ngxzgg25j30zk48sqv6.jpg,
https://wx2.sinaimg.cn/large/006tiHVogy1h5ngy3kzeqj30zk460n6v.jpg,
https://wx2.sinaimg.cn/large/006tiHVogy1h5ngy7oybtj30zk3xonpd.jpg,
https://wx2.sinaimg.cn/large/006tiHVogy1h9mzmesktij33uw2drb2a.jpg,
https://wx2.sinaimg.cn/large/006tiHVogy1h9mznqvy2aj335s23wkjm.jpg,
https://wx2.sinaimg.cn/large/006tiHVogy1h9mzp1i6mjj32kl3uwnpe.jpg,
https://wx2.sinaimg.cn/large/006tiHVogy1h9mzy8l6pnj30zk4moe83.jpg,
https://wx2.sinaimg.cn/large/006tiHVogy1h9mzy9p1bfj30zk3xonpd.jpg,
https://wx2.sinaimg.cn/large/006tiHVogy1h9mzya4vc0j30ku11cmz1.jpg,
https://wx2.sinaimg.cn/large/0071XxW9gy1h3biuk144xj30u0140n7t.jpg,
https://wx2.sinaimg.cn/large/0071XxW9gy1h4w2jkv1noj33h057enpo.jpg,
https://wx2.sinaimg.cn/large/0071XxW9gy1h4w2jr30lyj347s6bkb2i.jpg,
https://wx2.sinaimg.cn/large/0071XxW9gy1h4w2kvxdrxj335s23wqvc.jpg,
https://wx2.sinaimg.cn/large/0071XxW9gy1h4w2l2gwxpj335s23v4qy.jpg,
https://wx2.sinaimg.cn/large/0071XxW9gy1h4zkkux227j335s1rve8a.jpg,
https://wx2.sinaimg.cn/large/0071XxW9gy1h4zkl05ajbj335s1rve88.jpg,
https://wx2.sinaimg.cn/large/0071XxW9gy1h5h7zomjtnj323w35she0.jpg,
https://wx2.sinaimg.cn/large/0071XxW9gy1h5h824upicj323w35snpk.jpg,
https://wx2.sinaimg.cn/large/0071XxW9gy1h5htkw8a85j335s23wnpk.jpg,
https://wx2.sinaimg.cn/large/0071XxW9gy1h5htl5btpij323w35sqvc.jpg,
https://wx2.sinaimg.cn/large/0071XxW9gy1h5sdndsf1ij335s23ub2k.jpg,
https://wx2.sinaimg.cn/large/0071XxW9gy1h5sdnt55rlj335s23uhe5.jpg,
https://wx2.sinaimg.cn/large/0071XxW9gy1h5sdnxqiijj335s23u1l8.jpg,
https://wx2.sinaimg.cn/large/0071XxW9gy1h5sdom20e2j335s23uhe5.jpg,
https://wx2.sinaimg.cn/large/0071XxW9gy1h62s4j9n5ij31jl2bcnph.jpg,
https://wx2.sinaimg.cn/large/0071XxW9gy1h62s5dg1tbj31ne2bcu11.jpg,
https://wx2.sinaimg.cn/large/0071XxW9gy1h71x432ctyj31jl2bcnph.jpg,
https://wx2.sinaimg.cn/large/0071XxW9gy1h7arm26re6j323w35she3.jpg,
https://wx2.sinaimg.cn/large/0071XxW9gy1h7arm6ukz2j335s23we8a.jpg,
https://wx2.sinaimg.cn/large/0071XxW9gy1h7armb1alyj335s1rznpl.jpg,
https://wx2.sinaimg.cn/large/0071XxW9gy1h7armptqf9j335s23wkjr.jpg,
https://wx2.sinaimg.cn/large/0071XxW9gy1h7armtr4l1j323w35s7wp.jpg,
https://wx2.sinaimg.cn/large/0071XxW9gy1h7arn28t47j323w35she1.jpg,
https://wx2.sinaimg.cn/large/0071XxW9gy1h7arnaww76j31s035sqvb.jpg,
https://wx2.sinaimg.cn/large/0071XxW9gy1h873w2qd6zj335s23wnpe.jpg,
https://wx2.sinaimg.cn/large/0071XxW9gy1h873w52niij323w35su0y.jpg,
https://wx2.sinaimg.cn/large/0071XxW9gy1h873w7kqxnj335s23wkjm.jpg,
https://wx2.sinaimg.cn/large/0071XxW9gy1h9f4omxdjij32df35snpn.jpg,
https://wx2.sinaimg.cn/large/0071XxW9gy1h9f4p420nnj32df35sb2j.jpg,
https://wx2.sinaimg.cn/large/0071XxW9gy1h9f4pkehyoj32df35sx6y.jpg,
https://wx2.sinaimg.cn/large/0071XxW9gy1h9f4s678o7j32df35s1l7.jpg,
https://wx2.sinaimg.cn/large/0071XxW9gy1h9m33yph5ej31kq2onqvc.jpg,
https://wx2.sinaimg.cn/large/0071XxW9gy1hdnq1efh22j31ba24ix6t.jpg,
https://wx2.sinaimg.cn/large/0071XxW9gy1hdnq1pyrjdj31wf2uy4r1.jpg,
https://wx2.sinaimg.cn/large/0071XxW9gy1hdnq22gcsoj32c0340he7.jpg,
https://wx2.sinaimg.cn/large/0071XxW9gy1hegc78muy3j30u01fo7fb.jpg,
https://wx2.sinaimg.cn/large/0071XxW9gy1hf1elyr99zj30u018zair.jpg,
https://wx2.sinaimg.cn/large/0071XxW9gy1hf1elznnmaj30u018zahr.jpg,
https://wx2.sinaimg.cn/large/0071XxW9gy1hf1em0jf2gj30u018zgtw.jpg,
https://wx2.sinaimg.cn/large/0071XxW9gy1hf1em1pk79j30u018zwpd.jpg,
https://wx2.sinaimg.cn/large/0071XxW9gy1hgheo8c1ubj335s23wb2f.jpg,
https://wx2.sinaimg.cn/large/0071XxW9gy1hh5ly3lqmqj30u018zahh.jpg,
https://wx2.sinaimg.cn/large/0071XxW9gy1hh5lyb6l13j30u018zah4.jpg,
https://wx2.sinaimg.cn/large/0071XxW9gy1hhvbtkii4yj32wi1xoqv6.jpg,
https://wx2.sinaimg.cn/large/0071XxW9gy1hhvbtvf5d2j31xo2wi1ky.jpg,
https://wx2.sinaimg.cn/large/0071XxW9gy1hhvbu5x4gej32wi1xonpd.jpg,
https://wx2.sinaimg.cn/large/0071XxW9gy1hhvbureiqrj32wi1xo4qr.jpg,
https://wx2.sinaimg.cn/large/0071XxW9gy1hhvbv67e3bj32wi1xo7wi.jpg,
https://wx2.sinaimg.cn/large/0071XxW9gy1hi34tzxlsjj31910u07do.jpg,
https://wx2.sinaimg.cn/large/0071XxW9gy1hi34u2yrbej31910u0wos.jpg,
https://wx2.sinaimg.cn/large/0071XxW9gy1hi34u42olkj31910u048z.jpg,
https://wx2.sinaimg.cn/large/0071XxW9gy1hi34u5yl7bj30u01910zj.jpg,
https://wx2.sinaimg.cn/large/0071XxW9gy1hic8cm812yj32c0340x6q.jpg,
https://wx2.sinaimg.cn/large/0071XxW9gy1hijem9put5j31hc0u0488.jpg,
https://wx2.sinaimg.cn/large/0071XxW9gy1hijemc7fujj31hc0u0dqh.jpg,
https://wx2.sinaimg.cn/large/0071XxW9gy1hijemda2zej30u018vqai.jpg,
https://wx2.sinaimg.cn/large/0071XxW9gy1hijemlle5rj31900u0n4q.jpg,
https://wx2.sinaimg.cn/large/0071XxW9gy1hjlaupdpemj30u0191n30.jpg,
https://wx2.sinaimg.cn/large/0071XxW9gy1hjlauq8ya9j31910u0n5d.jpg,
https://wx2.sinaimg.cn/large/0071XxW9gy1hjlautvjjlj30u01917ef.jpg,
https://wx2.sinaimg.cn/large/0071XxW9gy1hjoymagn00j30u018z45i.jpg,
https://wx2.sinaimg.cn/large/0071XxW9gy1hjoymcs49ej30u018zqaj.jpg,
https://wx2.sinaimg.cn/large/0071XxW9gy1hk1pnqf6bpj335s23unpe.jpg,
https://wx2.sinaimg.cn/large/0071XxW9gy1hk1pnwbucwj323u35sx6q.jpg,
https://wx2.sinaimg.cn/large/0071XxW9gy1hk1po2pwisj323u35sqv6.jpg,
https://wx2.sinaimg.cn/large/0071XxW9gy1hk1ppam8llj323u35sqv6.jpg,
https://wx2.sinaimg.cn/large/0071XxW9gy1hk1pplfh9mj323u35s1kz.jpg,
https://wx2.sinaimg.cn/large/0071XxW9gy1hkb275qhc2j31vo33znpd.jpg,
https://wx2.sinaimg.cn/large/0071XxW9gy1hkb276hskfj31yg2vhb29.jpg,
https://wx2.sinaimg.cn/large/0071XxW9gy1hkb27czzsvj31r42s94qp.jpg,
https://wx2.sinaimg.cn/large/0071XxW9gy1hkk35j65fpj31we2upb2a.jpg,
https://wx2.sinaimg.cn/large/0071XxW9gy1hl09codbsoj323u35s1l0.jpg,
https://wx2.sinaimg.cn/large/0071XxW9gy1hl09crictdj335s23ux6t.jpg,
https://wx2.sinaimg.cn/large/0071XxW9gy1hl09cylrqzj335s23uqv8.jpg,
https://wx2.sinaimg.cn/large/0071XxW9gy1hl09d6vrhej335s1s07wi.jpg,
https://wx2.sinaimg.cn/large/0071XxW9gy1hl3rgxzm9uj335s1s14qq.jpg,
https://wx2.sinaimg.cn/large/0071XxW9gy1hl3rgyiiy5j31aw1ycalg.jpg,
https://wx2.sinaimg.cn/large/0071XxW9gy1hmarkmt10tj335s23uu0z.jpg,
https://wx2.sinaimg.cn/large/0071XxW9gy1hmarli1gipj335s23unpf.jpg,
https://wx2.sinaimg.cn/large/0071XxW9gy1hmd0wamhd4j31sc2dsqv5.jpg,
https://wx2.sinaimg.cn/large/0071XxW9gy1hnzxcu5nuyj323u35sb2a.jpg,
https://wx2.sinaimg.cn/large/0071XxW9gy1ho29db2sgyj323u35s4qr.jpg,
https://wx2.sinaimg.cn/large/0071XxW9gy1ho29dcjy92j323u35sx6q.jpg,
https://wx2.sinaimg.cn/large/0071XxW9gy1ho29dfzbcxj335s23uhdv.jpg,
https://wx2.sinaimg.cn/large/0071XxW9gy1ho29dkew4xj31rz35skjm.jpg,
https://wx2.sinaimg.cn/large/0071XxW9gy1ho4lkn0wacj335s23u4qr.jpg,
https://wx2.sinaimg.cn/large/0071XxW9gy1ho4lkqtr8oj335s23uqv5.jpg,
https://wx2.sinaimg.cn/large/0071XxW9gy1ho4lks3kfpj335s23ue82.jpg,
https://wx2.sinaimg.cn/large/0071XxW9gy1ho95doomffj323w35s000.jpg,
https://wx2.sinaimg.cn/large/0071XxW9gy1ho95dz6yayj335s23w4qs.jpg,
https://wx2.sinaimg.cn/large/0071XxW9gy1ho95eizxzoj323w35snpf.jpg,
https://wx2.sinaimg.cn/large/0071XxW9gy1ho95es37dsj323w35snpf.jpg,
https://wx2.sinaimg.cn/large/0071XxW9gy1hpfwq1kmf1j323u35s4qr.jpg,
https://wx2.sinaimg.cn/large/0071XxW9gy1hs65kmwgchj31em0xrkc4.jpg,
https://wx2.sinaimg.cn/large/0071XxW9gy1hs65ko8gw8j31em0xrqk9.jpg,
https://wx2.sinaimg.cn/large/0071XxW9gy1hsdb9kbj2ij33xc27ib2c.jpg,
https://wx2.sinaimg.cn/large/0071XxW9gy1hsdb9n6qr1j36bk3k0npj.jpg,
https://wx2.sinaimg.cn/large/0071XxW9gy1hsdb9u8dasj347s6bke88.jpg,
https://wx2.sinaimg.cn/large/0071XxW9gy1hsdba6xj5ej355s2wib2f.jpg,
https://wx2.sinaimg.cn/large/0071XxW9gy1hsuchu4qlsj33364mokjp.jpg,
https://wx2.sinaimg.cn/large/0071XxW9gy1hsuciqquqqj33364mob2d.jpg,
https://wx2.sinaimg.cn/large/0071XxW9gy1htpqzfi47dj33ls5eox6s.jpg,
https://wx2.sinaimg.cn/large/0071XxW9gy1htpqzh06f0j33ls5eonpg.jpg,
https://wx2.sinaimg.cn/large/0071XxW9gy1htpqzil1mrj33ls5eokjp.jpg,
https://wx2.sinaimg.cn/large/0071XxW9ly1hg87kj2t9fj323u35sb2e.jpg,
https://wx2.sinaimg.cn/large/0071XxW9ly1hg87lbdhhzj335s23ub2b.jpg,
https://wx2.sinaimg.cn/large/0071XxW9ly1hg87lqdt73j323u35snpk.jpg,
https://wx2.sinaimg.cn/large/0071XxW9ly1hgv569a98qj335s1s0e89.jpg,
https://wx2.sinaimg.cn/large/0071XxW9ly1hgv57objkzj34mo2lrx6u.jpg,
https://wx2.sinaimg.cn/large/0071XxW9ly1hpc9sgx8prj32c0340b2b.jpg,
https://wx2.sinaimg.cn/large/0075VLesgy1h4chlbiwbyj33uw2klx6q.jpg,
https://wx2.sinaimg.cn/large/0075VLesgy1h4chlcq3spj31pq2klhdt.jpg,
https://wx2.sinaimg.cn/large/0075VLesgy1h4chlgvqw7j322z35shdy.jpg,
https://wx2.sinaimg.cn/large/0075VLesgy1hg86x0pl5uj33vc2kwb2a.jpg,
https://wx2.sinaimg.cn/large/0075VLesgy1hg86x6z7otj32ki3us1kz.jpg,
https://wx2.sinaimg.cn/large/0075VLesgy1hg86xeu507j33vc2kwb2a.jpg,
https://wx2.sinaimg.cn/large/0075VLesgy1hg86xi93q5j33vc2kwnpe.jpg,
https://wx2.sinaimg.cn/large/0075VLesgy1hg86xkteyoj32ki3use82.jpg,
https://wx2.sinaimg.cn/large/007inJmpgy1hgcyq5kn4lj323u35skjl.jpg,
https://wx2.sinaimg.cn/large/007inJmpgy1hgcyq7jvi7j323u35s1ky.jpg,
https://wx2.sinaimg.cn/large/0081aj8Hgy1h4cl7bnxotj31kw16ohcf.jpg,
https://wx2.sinaimg.cn/large/0081aj8Hgy1h4cl7cfvugj316o1kwazb.jpg,
https://wx2.sinaimg.cn/large/0081aj8Hgy1h4cl7dxu11j31h613v1kx.jpg,
https://wx2.sinaimg.cn/large/0081aj8Hgy1h4cl7h8kgqj316o1kwkjl.jpg,
https://wx2.sinaimg.cn/large/0081aj8Hgy1hp8yo55tu4j34mo2lr7wl.jpg,
https://wx2.sinaimg.cn/large/0081aj8Hgy1hp8yobzn91j34mo2lrkjo.jpg,
https://wx2.sinaimg.cn/large/0081aj8Hgy1hp8yoh666tj33344mou10.jpg,
https://wx2.sinaimg.cn/large/0081aj8Hgy1hp8ypfcpv4j34mo2lrhdw.jpg,
https://wx2.sinaimg.cn/large/008lgPsGgy1hj7dg6awlkg30jg0l0x72.gif,
https://wx2.sinaimg.cn/large/008lgPsGgy1hj7dgbq3t4j30p02se1jw.jpg,
https://wx2.sinaimg.cn/large/008lgPsGgy1hj7dgqx8xsj33341wa7wj.jpg,
https://wx2.sinaimg.cn/large/008lgPsGgy1hj7dgr9826j333420sb2b.jpg,
https://wx2.sinaimg.cn/large/008lgPsGgy1hj7dgrsyohj3334223kjn.jpg,
https://wx2.sinaimg.cn/large/008oXAtkgy1hfwb986rdnj30dw0dwafg.jpg,
https://wx2.sinaimg.cn/large/008oXAtkgy1hfwb98zksfj30dw0dw7b9.jpg,
https://wx2.sinaimg.cn/large/008zT9nUgy1hphuu7af18j31900u043q.jpg,
https://wx2.sinaimg.cn/large/008zT9nUgy1hphuu9z08cj30u019144e.jpg,
https://wx2.sinaimg.cn/large/51806b25gy1hsfgcq81szj27a13trnpm.jpg,
https://wx2.sinaimg.cn/large/51806b25gy1hsfgdao1apj26ka48s4qx.jpg,
https://wx2.sinaimg.cn/large/62ff67c7gy1hpa8b0fuhij24mo2lr1l1.jpg,
https://wx2.sinaimg.cn/large/62ff67c7gy1hpa8br69v7j24mo1yxqva.jpg,
https://wx2.sinaimg.cn/large/6337367dly1hp87ekiqq7j20fw0nkdif.jpg,
https://wx2.sinaimg.cn/large/6337367dly1hp87el8rumj20nv11jjxu.jpg,
https://wx2.sinaimg.cn/large/683ca2e2gy1h4civuytvhj20u0190dnu.jpg,
https://wx2.sinaimg.cn/large/683ca2e2gy1h4civxx69jj20u0190gt4.jpg,
https://wx2.sinaimg.cn/large/683ca2e2gy1h4civy7h50j21900u0jyv.jpg,
https://wx2.sinaimg.cn/large/683ca2e2gy1h4civyabyij20u0190gt6.jpg,
https://wx2.sinaimg.cn/large/6baed01bgy1hk106bspfaj248w6dchdx.jpg,
https://wx2.sinaimg.cn/large/6c428deagy1h3uwrl4mfoj24w07c01l6.jpg,
https://wx2.sinaimg.cn/large/6c428deagy1h3uwro7gsoj24w07c0b2g.jpg,
https://wx2.sinaimg.cn/large/6d666ecdgy1hgkje6xq8gj21y10u0tj8.jpg,
https://wx2.sinaimg.cn/large/6d666ecdgy1hgkjefjo9dj20u0190dom.jpg,
https://wx2.sinaimg.cn/large/6dd57c31gy1hsqwena3ewj22c03404qr.jpg,
https://wx2.sinaimg.cn/large/6dd57c31gy1hsqweqbz21j22c0340hdv.jpg,
https://wx2.sinaimg.cn/large/6dd57c31gy1hsqweuqrjsj22c03407wj.jpg,
https://wx2.sinaimg.cn/large/6dd57c31gy1hsqweyy6otj220k2oqhdu.jpg,
https://wx2.sinaimg.cn/large/6dd57c31gy1hsqwf0browj224y2ulb2b.jpg,
https://wx2.sinaimg.cn/large/6f5f4997gy1h4jadlgkxaj22tc4807wk.jpg,
https://wx2.sinaimg.cn/large/6f5f4997gy1h51rvotvz8j21tma067wr.jpg,
https://wx2.sinaimg.cn/large/6f5f4997gy1h52r72njnnj23uw2knu12.jpg,
https://wx2.sinaimg.cn/large/6f5f4997gy1h52r7h2uwfj22kn3uw4qz.jpg,
https://wx2.sinaimg.cn/large/6f5f4997gy1h52r7r3seoj22kn3uw1l6.jpg,
https://wx2.sinaimg.cn/large/6f5f4997gy1h52r9b4pjyj23uw2kn1l4.jpg,
https://wx2.sinaimg.cn/large/6f5f4997gy1h52r9iq7w4j23uw2kn7wo.jpg,
https://wx2.sinaimg.cn/large/6f5f4997gy1h6nkweiw0aj264w43ckjt.jpg,
https://wx2.sinaimg.cn/large/6f5f4997gy1h6nkx3o1s0j264w43ckjl.jpg,
https://wx2.sinaimg.cn/large/6f5f4997gy1h6nkx9dtwmj22kn3uw4qr.jpg,
https://wx2.sinaimg.cn/large/6f5f4997gy1h6nkxlofmvj264w43c7ws.jpg,
https://wx2.sinaimg.cn/large/6f5f4997gy1h6nkxpv2pij243c64wqvd.jpg,
https://wx2.sinaimg.cn/large/6f5f4997gy1h9o0u6h88qj22dc35s4qq.jpg,
https://wx2.sinaimg.cn/large/6f5f4997gy1h9o0u9z513j22dc35sx6p.jpg,
https://wx2.sinaimg.cn/large/6f5f4997gy1h9o0uik5uej22dc35s000.jpg,
https://wx2.sinaimg.cn/large/6f5f4997gy1hdwywwv2lqj25m33qsx6z.jpg,
https://wx2.sinaimg.cn/large/6f5f4997gy1hfdtk48p50j215oa4ne88.jpg,
https://wx2.sinaimg.cn/large/6f5f4997gy1hfdtpdvcsgj22h83uw1l0.jpg,
https://wx2.sinaimg.cn/large/6f5f4997gy1hfdtpw7hwyj23uw2e6u0z.jpg,
https://wx2.sinaimg.cn/large/6f5f4997gy1hfdtq6l67kj23uw2d3kjo.jpg,
https://wx2.sinaimg.cn/large/6f5f4997gy1hfdtqfox1rj22la43ckjs.jpg,
https://wx2.sinaimg.cn/large/6f5f4997gy1hfdtqo149jj22ku40du10.jpg,
https://wx2.sinaimg.cn/large/6f5f4997ly1h3q5u66u1gj24mo3364qx.jpg,
https://wx2.sinaimg.cn/large/6f5f4997ly1h3q5ue8zkij22kn3uwe86.jpg,
https://wx2.sinaimg.cn/large/6f5f4997ly1h3q5usdqi4j22kn3uwu12.jpg,
https://wx2.sinaimg.cn/large/76e424c9gy1h3ev930cj2j23344ml4qu.jpg,
https://wx2.sinaimg.cn/large/76e424c9gy1h3ev94jw32j21jk10012l.jpg,
https://wx2.sinaimg.cn/large/76e424c9gy1h3ev98v2uuj21jk10z7f3.jpg,
https://wx2.sinaimg.cn/large/76e424c9gy1h3ev9aclvnj20v01jkk50.jpg,
https://wx2.sinaimg.cn/large/76e424c9gy1h4nygsi0dkj235s1s0x6w.jpg,
https://wx2.sinaimg.cn/large/76e424c9gy1h4nygy69bgj223w35sx6x.jpg,
https://wx2.sinaimg.cn/large/76e424c9gy1h4nyhmj2kzj235s23w4qy.jpg,
https://wx2.sinaimg.cn/large/76e424c9gy1h8e0qf2bhjj235s1rz7wp.jpg,
https://wx2.sinaimg.cn/large/82186a04gy1h4cjpzndkyj21900u0agc.jpg,
https://wx2.sinaimg.cn/large/9801b567gy1h52sctz528j21t0biux73.jpg,
https://wx2.sinaimg.cn/large/9801b567gy1h6lc84ep0vj22c0340qbr.jpg,
https://wx2.sinaimg.cn/large/9801b567gy1h6lc8aa3n0j22c0340u0y.jpg,
https://wx2.sinaimg.cn/large/9801b567gy1h6lc8dc3stj22c0340e82.jpg,
https://wx2.sinaimg.cn/large/9801b567gy1h6lc8gzdw5j22c0340qv6.jpg,
https://wx2.sinaimg.cn/large/9801b567gy1h6lc8sv5xtj22c0340qv6.jpg,
https://wx2.sinaimg.cn/large/9801b567gy1h6lc9hx9juj22c0340hdu.jpg,
https://wx2.sinaimg.cn/large/9801b567gy1h6mycrxewzj22bb1fvkjm.jpg,
https://wx2.sinaimg.cn/large/9801b567gy1h6myctp7xij22bb1jke82.jpg,
https://wx2.sinaimg.cn/large/9dc90e62gy1h5jbambtvlj235s23ub2f.jpg,
https://wx2.sinaimg.cn/large/9dc90e62gy1h5jbe4l9ywj223u35sx6v.jpg,
https://wx2.sinaimg.cn/large/9dc90e62gy1h5jbejqgr4j23344mox6r.jpg,
https://wx2.sinaimg.cn/large/a03697c1gy1h6tldlzz6qj20sc150gyc.jpg,
https://wx2.sinaimg.cn/large/a03697c1gy1hdlcvc3bu7j21em35sx6q.jpg,
https://wx2.sinaimg.cn/large/a760c6a9gy1hjtl20m5ypj21o0280b2a.jpg,
https://wx2.sinaimg.cn/large/aaf64a22gy1hf9ll5tk5tj20sg0w0k8d.jpg,
https://wx2.sinaimg.cn/large/b18b7f4dgy1h5snopk3krj23ls5eo4qt.jpg,
https://wx2.sinaimg.cn/large/b18b7f4dgy1h5snp26ojkj223u35snpe.jpg,
https://wx2.sinaimg.cn/large/b18b7f4dgy1h5snp4yrt2j23ls5eoe86.jpg,
https://wx2.sinaimg.cn/large/be59b734gy1hg66r3znb7j24o02mge2f.jpg,
https://wx2.sinaimg.cn/orj480/0071XxW9gy1hii7z5xxjqj30u01417bs.jpg,
https://wx2.sinaimg.cn/orj480/0071XxW9gy1hkavgo9lsuj30om0wuajh.jpg,
https://wx2.sinaimg.cn/orj480/0071XxW9gy1hkoybekuocj30u0141qn9.jpg,
https://wx2.sinaimg.cn/orj480/0071XxW9gy1hm7buwefn8j31o0281b29.jpg,
https://wx2.sinaimg.cn/orj480/0071XxW9ly1hpbaw8s73qj30u01hc4gy.jpg,
https://wx2.sinaimg.cn/orj480/007ccotFgy1hgudj8o86hj31hc0u07wi.jpg,
https://wx2.sinaimg.cn/orj480/008uKurbgy1h60izvcs2jj30u018ytd6.jpg,
https://wx2.sinaimg.cn/orj480/a760c6a9gy1hjzjaqijsjj20zk1bee81.jpg,
https://wx3.sinaimg.cn/large/005GmHpFgy1h43h54fqdnj320w31cawn.jpg,
https://wx3.sinaimg.cn/large/005GmHpFgy1h43h56fb5tj331c20w4ie.jpg,
https://wx3.sinaimg.cn/large/005GmHpFgy1h43h58ioyqj331c20wkb0.jpg,
https://wx3.sinaimg.cn/large/005GmHpFgy1h43h59flx9j320w31ctw9.jpg,
https://wx3.sinaimg.cn/large/005GmHpFgy1h43h59yw9uj320w31cdy3.jpg,
https://wx3.sinaimg.cn/large/005VbvGBgy1h6oxjxi0uej30u05xru0x.jpg,
https://wx3.sinaimg.cn/large/005VbvGBgy1h6oxjzn69mj30rs6lykjn.jpg,
https://wx3.sinaimg.cn/large/0060hKZegy1hkx6y2fdybj33ls5eou11.jpg,
https://wx3.sinaimg.cn/large/00610zedgy1h8gck5crpaj326o39s1ky.jpg,
https://wx3.sinaimg.cn/large/006CbORYgy1h4h4ssgnuij32bc1aw1kx.jpg,
https://wx3.sinaimg.cn/large/006CbORYgy1h4h4t14euej31rt2bce82.jpg,
https://wx3.sinaimg.cn/large/006fJZTUgy1h4i0e47z81j33qj5lsu10.jpg,
https://wx3.sinaimg.cn/large/006gggz3gy1h5tm9coj04j31910u0tc7.jpg,
https://wx3.sinaimg.cn/large/006gggz3gy1h5tm9fofq8j31910u0tjq.jpg,
https://wx3.sinaimg.cn/large/006gggz3gy1h5tm9jszfjj30u0190wgd.jpg,
https://wx3.sinaimg.cn/large/006gggz3gy1h5tm9mxs18j31900u07f4.jpg,
https://wx3.sinaimg.cn/large/006ixwxngy1hkeineaotqj30m853kb11.jpg,
https://wx3.sinaimg.cn/large/006tiHVogy1h5ngxsbuc7j30zk4xskjn.jpg,
https://wx3.sinaimg.cn/large/006tiHVogy1h9mzmt28cwj34gs2igu0z.jpg,
https://wx3.sinaimg.cn/large/006tiHVogy1h9mzmv68z5j32yb4fshdv.jpg,
https://wx3.sinaimg.cn/large/006tiHVogy1h9mzqaugi4j34fk2y6e83.jpg,
https://wx3.sinaimg.cn/large/006tiHVogy1h9mzyai6ltj30qy0iw76g.jpg,
https://wx3.sinaimg.cn/large/0071XxW9gy1h3biut4yarj30u0140qdq.jpg,
https://wx3.sinaimg.cn/large/0071XxW9gy1h4237sccmij33402c0b29.jpg,
https://wx3.sinaimg.cn/large/0071XxW9gy1h4w2k9dmi2j347s6bkhe4.jpg,
https://wx3.sinaimg.cn/large/0071XxW9gy1h4w2keew3rj323w35su14.jpg,
https://wx3.sinaimg.cn/large/0071XxW9gy1h4w2kq52f1j323w35skjt.jpg,
https://wx3.sinaimg.cn/large/0071XxW9gy1h4w2l900olj335s23we88.jpg,
https://wx3.sinaimg.cn/large/0071XxW9gy1h4w2lp3v8wj33h057ehe3.jpg,
https://wx3.sinaimg.cn/large/0071XxW9gy1h4zkhq1jppj335s1rvkjr.jpg,
https://wx3.sinaimg.cn/large/0071XxW9gy1h56ftk56t9j31o0280npe.jpg,
https://wx3.sinaimg.cn/large/0071XxW9gy1h5h7zgbxscj323w35sb2g.jpg,
https://wx3.sinaimg.cn/large/0071XxW9gy1h5h812pqilj335s23wkjs.jpg,
https://wx3.sinaimg.cn/large/0071XxW9gy1h5htleiu8wj323w35se88.jpg,
https://wx3.sinaimg.cn/large/0071XxW9gy1h5sdnj39g9j323u35se8c.jpg,
https://wx3.sinaimg.cn/large/0071XxW9gy1h5sdo2ahhtj335s23u7ws.jpg,
https://wx3.sinaimg.cn/large/0071XxW9gy1h5sdocbsnqj335s23u7ws.jpg,
https://wx3.sinaimg.cn/large/0071XxW9gy1h5sdohcqajj335s23u7wt.jpg,
https://wx3.sinaimg.cn/large/0071XxW9gy1h71x3zuxy9j323w35s4qr.jpg,
https://wx3.sinaimg.cn/large/0071XxW9gy1h71x48087tj323u35se8c.jpg,
https://wx3.sinaimg.cn/large/0071XxW9gy1h7arlxipp3j31s035she0.jpg,
https://wx3.sinaimg.cn/large/0071XxW9gy1h7armmghkij335s23wkjr.jpg,
https://wx3.sinaimg.cn/large/0071XxW9gy1h873vylczaj323w35su0y.jpg,
https://wx3.sinaimg.cn/large/0071XxW9gy1h873w0ryjkj335s23whdu.jpg,
https://wx3.sinaimg.cn/large/0071XxW9gy1h873wdhq03j335s23wkjm.jpg,
https://wx3.sinaimg.cn/large/0071XxW9gy1h9m34gy8pej31nt2mmnpe.jpg,
https://wx3.sinaimg.cn/large/0071XxW9gy1hdioz1jy8ij31sc2dsb2d.jpg,
https://wx3.sinaimg.cn/large/0071XxW9gy1hegc7c1btlj30u01knwqf.jpg,
https://wx3.sinaimg.cn/large/0071XxW9gy1hf1elvryqbj30u018zn54.jpg,
https://wx3.sinaimg.cn/large/0071XxW9gy1hf1em3ipigj318z0u0wmu.jpg,
https://wx3.sinaimg.cn/large/0071XxW9gy1hfwmi0q3orj30u00u0wi3.jpg,
https://wx3.sinaimg.cn/large/0071XxW9gy1hfxqy7cwxdj30u0140teo.jpg,
https://wx3.sinaimg.cn/large/0071XxW9gy1hfxqy8pc13j30u0140jxi.jpg,
https://wx3.sinaimg.cn/large/0071XxW9gy1hgheo1m7wkj323w35sqvb.jpg,
https://wx3.sinaimg.cn/large/0071XxW9gy1hgheofgw0wj321e35shdz.jpg,
https://wx3.sinaimg.cn/large/0071XxW9gy1hh5ly447lnj30u018zdo3.jpg,
https://wx3.sinaimg.cn/large/0071XxW9gy1hh5ly4l75cj30u018zahy.jpg,
https://wx3.sinaimg.cn/large/0071XxW9gy1hh5ly7m4mbj31900u0aij.jpg,
https://wx3.sinaimg.cn/large/0071XxW9gy1hh5ly9e69yj30u018zn5q.jpg,
https://wx3.sinaimg.cn/large/0071XxW9gy1hh5lycxfujj30u0190wm3.jpg,
https://wx3.sinaimg.cn/large/0071XxW9gy1hh5lydhvykj30u0190n4z.jpg,
https://wx3.sinaimg.cn/large/0071XxW9gy1hh5lye1qppj31900u0wky.jpg,
https://wx3.sinaimg.cn/large/0071XxW9gy1hha610vcfsj32c03404qp.jpg,
https://wx3.sinaimg.cn/large/0071XxW9gy1hha611vbf0j33402c0hdt.jpg,
https://wx3.sinaimg.cn/large/0071XxW9gy1hhvbtda0nnj31xo2wikjm.jpg,
https://wx3.sinaimg.cn/large/0071XxW9gy1hhvbtt762vj32wi1xokjm.jpg,
https://wx3.sinaimg.cn/large/0071XxW9gy1hhvbu36spfj32wi1xokjm.jpg,
https://wx3.sinaimg.cn/large/0071XxW9gy1hhvbua9ay0j31xo2wi7wj.jpg,
https://wx3.sinaimg.cn/large/0071XxW9gy1hi34txegfuj31910u0tfi.jpg,
https://wx3.sinaimg.cn/large/0071XxW9gy1hi34tynmnwj31910u0thy.jpg,
https://wx3.sinaimg.cn/large/0071XxW9gy1hi34u8chtkj30u019148d.jpg,
https://wx3.sinaimg.cn/large/0071XxW9gy1hijemb4yk7j31hc0u0tgr.jpg,
https://wx3.sinaimg.cn/large/0071XxW9gy1hijemehrgej31400u0n3w.jpg,
https://wx3.sinaimg.cn/large/0071XxW9gy1hijemh1xjkj30u01jfn5s.jpg,
https://wx3.sinaimg.cn/large/0071XxW9gy1hijemkwephj31hc0u010e.jpg,
https://wx3.sinaimg.cn/large/0071XxW9gy1hijemm1f6dj31hc0u07by.jpg,
https://wx3.sinaimg.cn/large/0071XxW9gy1hijenn2o9aj30u0191qc3.jpg,
https://wx3.sinaimg.cn/large/0071XxW9gy1hjlaurxc5wj31910u07ir.jpg,
https://wx3.sinaimg.cn/large/0071XxW9gy1hjlaus9byzj30u0191tg1.jpg,
https://wx3.sinaimg.cn/large/0071XxW9gy1hjoymc2vghj30u018z7bc.jpg,
https://wx3.sinaimg.cn/large/0071XxW9gy1hjoymd4efgj318z0u0dkz.jpg,
https://wx3.sinaimg.cn/large/0071XxW9gy1hjoyme6q07j30u018ztfb.jpg,
https://wx3.sinaimg.cn/large/0071XxW9gy1hk1podnrirj323u35s1kz.jpg,
https://wx3.sinaimg.cn/large/0071XxW9gy1hk1poqcomsj323u35sx6q.jpg,
https://wx3.sinaimg.cn/large/0071XxW9gy1hk1pp335g7j323u35sx6q.jpg,
https://wx3.sinaimg.cn/large/0071XxW9gy1hk1ppgos8cj335s23ub2a.jpg,
https://wx3.sinaimg.cn/large/0071XxW9gy1hkb274x6zzj32c0340qv5.jpg,
https://wx3.sinaimg.cn/large/0071XxW9gy1hkb279tc9hj32c033zu0x.jpg,
https://wx3.sinaimg.cn/large/0071XxW9gy1hl09d4masuj323w35sb2a.jpg,
https://wx3.sinaimg.cn/large/0071XxW9gy1hl3rgqskxdj30zu1nsk6n.jpg,
https://wx3.sinaimg.cn/large/0071XxW9gy1hl3rh1r7evj31qg2h64qw.jpg,
https://wx3.sinaimg.cn/large/0071XxW9gy1hlfo070kckj31oy35s4qq.jpg,
https://wx3.sinaimg.cn/large/0071XxW9gy1hlgl7kqt7wj31p935s1ky.jpg,
https://wx3.sinaimg.cn/large/0071XxW9gy1hlgl7o45irj31801v3kdj.jpg,
https://wx3.sinaimg.cn/large/0071XxW9gy1hmariso6dnj323u35skjn.jpg,
https://wx3.sinaimg.cn/large/0071XxW9gy1hmarjlzjvrj335s23uqv7.jpg,
https://wx3.sinaimg.cn/large/0071XxW9gy1hmark0t6dwj335s23ukjn.jpg,
https://wx3.sinaimg.cn/large/0071XxW9gy1hmarkgpnlzj323u35su0z.jpg,
https://wx3.sinaimg.cn/large/0071XxW9gy1hmd0wbgl1yj31sc2dsqv5.jpg,
https://wx3.sinaimg.cn/large/0071XxW9gy1hnzxcklfr5j323u35s1kz.jpg,
https://wx3.sinaimg.cn/large/0071XxW9gy1hnzxcrpqa0j321531qb2a.jpg,
https://wx3.sinaimg.cn/large/0071XxW9gy1ho29de592wj335s23uu0z.jpg,
https://wx3.sinaimg.cn/large/0071XxW9gy1ho29dhabxaj335s1s0npe.jpg,
https://wx3.sinaimg.cn/large/0071XxW9gy1ho29dli0buj323u35s1ky.jpg,
https://wx3.sinaimg.cn/large/0071XxW9gy1ho4lklqemaj335s23u1ky.jpg,
https://wx3.sinaimg.cn/large/0071XxW9gy1ho4lkpqpvyj335s23u1ky.jpg,
https://wx3.sinaimg.cn/large/0071XxW9gy1ho4lkura5fj335s23uu0x.jpg,
https://wx3.sinaimg.cn/large/0071XxW9gy1ho95djcusij335s23wkjo.jpg,
https://wx3.sinaimg.cn/large/0071XxW9gy1ho95dsj4yhj323w35snpf.jpg,
https://wx3.sinaimg.cn/large/0071XxW9gy1ho95ela5hgj323w35s7wk.jpg,
https://wx3.sinaimg.cn/large/0071XxW9gy1ho95eq303zj323w35sb2c.jpg,
https://wx3.sinaimg.cn/large/0071XxW9gy1hpfwppyx9jj335s23u7wj.jpg,
https://wx3.sinaimg.cn/large/0071XxW9gy1hpfwpxhgkaj335s1rz1kz.jpg,
https://wx3.sinaimg.cn/large/0071XxW9gy1hs65kjwm6xj30xr1emws8.jpg,
https://wx3.sinaimg.cn/large/0071XxW9gy1hs65kpjav5j30xr1emk7s.jpg,
https://wx3.sinaimg.cn/large/0071XxW9gy1hsdb9z5rvsj36bk47sqvd.jpg,
https://wx3.sinaimg.cn/large/0071XxW9gy1hsdba35jo5j347s6bke89.jpg,
https://wx3.sinaimg.cn/large/0071XxW9gy1hsuchlw9p2j34mo2lrhdw.jpg,
https://wx3.sinaimg.cn/large/0071XxW9gy1hsuchops5sj33364monpg.jpg,
https://wx3.sinaimg.cn/large/0071XxW9gy1hsucif8uc1j34mo336nph.jpg,
https://wx3.sinaimg.cn/large/0071XxW9gy1htpqzeflx6j35eo3lsu10.jpg,
https://wx3.sinaimg.cn/large/0071XxW9ly1hg87l4zle7j335s23u1l6.jpg,
https://wx3.sinaimg.cn/large/0071XxW9ly1hg87lgwmotj337k251e84.jpg,
https://wx3.sinaimg.cn/large/0071XxW9ly1hgv55o7ap7j335s1s0x6w.jpg,
https://wx3.sinaimg.cn/large/0071XxW9ly1hgv55xwpyoj34mo2lr1l5.jpg,
https://wx3.sinaimg.cn/large/0071XxW9ly1hgv56we7fcj335s1s04qy.jpg,
https://wx3.sinaimg.cn/large/0071XxW9ly1hgv577x7hpj335s1s0kjt.jpg,
https://wx3.sinaimg.cn/large/0071XxW9ly1hjvp1bwnscj30u014046y.jpg,
https://wx3.sinaimg.cn/large/0071XxW9ly1hpc9sesvfoj32c03401kz.jpg,
https://wx3.sinaimg.cn/large/0075VLesgy1h4chl70cc2j33uw2klx6q.jpg,
https://wx3.sinaimg.cn/large/0075VLesgy1h4chl871mwj31pq2klkjl.jpg,
https://wx3.sinaimg.cn/large/0075VLesgy1hg86xbl3r4j32ki3usb2b.jpg,
https://wx3.sinaimg.cn/large/007inJmpgy1hgcyq28zcwj323u35su0x.jpg,
https://wx3.sinaimg.cn/large/007inJmpgy1hgcyqbt7zvj33kw5dcb2e.jpg,
https://wx3.sinaimg.cn/large/007inJmpgy1hgcyqeo31mj323u35snpd.jpg,
https://wx3.sinaimg.cn/large/0081aj8Hgy1h4cl7gntc4j316o1kwe5g.jpg,
https://wx3.sinaimg.cn/large/0081aj8Hgy1hp8yot3zhej33344mou10.jpg,
https://wx3.sinaimg.cn/large/0081aj8Hgy1hp8yp56vaij34mo2lru0z.jpg,
https://wx3.sinaimg.cn/large/0081aj8Hgy1hp8yp9uf2zj34mo2lrnpf.jpg,
https://wx3.sinaimg.cn/large/008lgPsGgy1hj7dg4roulg30jg0jg4r1.gif,
https://wx3.sinaimg.cn/large/008lgPsGgy1hj7dgiukhij30p08n4e83.jpg,
https://wx3.sinaimg.cn/large/008oXAtkgy1hfwb98qlnjj30dw0dw464.jpg,
https://wx3.sinaimg.cn/large/008oXAtkgy1hfwb9a26mtj30rs1n6b29.jpg,
https://wx3.sinaimg.cn/large/008zT9nUgy1hphuu8amx3j30u0190wju.jpg,
https://wx3.sinaimg.cn/large/008zT9nUgy1hphuu8tdc5j30u019079o.jpg,
https://wx3.sinaimg.cn/large/008zT9nUgy1hphuu9db6oj30u01900zd.jpg,
https://wx3.sinaimg.cn/large/51806b25gy1hsfgd05tpej27ba3t3b2j.jpg,
https://wx3.sinaimg.cn/large/51806b25gy1hsfgdny6y0j24b46gphe3.jpg,
https://wx3.sinaimg.cn/large/6337367dly1hp87d54njpj20q91fw12o.jpg,
https://wx3.sinaimg.cn/large/683ca2e2gy1h4civv2o4gj21900u0wl8.jpg,
https://wx3.sinaimg.cn/large/683ca2e2gy1h4civvfgyej21hc0u07b5.jpg,
https://wx3.sinaimg.cn/large/683ca2e2gy1h4civwr7gbj20u0190grv.jpg,
https://wx3.sinaimg.cn/large/683ca2e2gy1h4civy1azuj20u01907cj.jpg,
https://wx3.sinaimg.cn/large/6baed01bgy1hk10639h09j26dc48wx6s.jpg,
https://wx3.sinaimg.cn/large/6baed01bgy1hk106fti9uj26dc48w7wl.jpg,
https://wx3.sinaimg.cn/large/6baed01bgy1hk106hpk3ij26dc48wkjo.jpg,
https://wx3.sinaimg.cn/large/6c428deagy1h321spi4mwj21nz1hckjn.jpg,
https://wx3.sinaimg.cn/large/6c428deagy1h3uwrbo333j248w6dcx6v.jpg,
https://wx3.sinaimg.cn/large/6c428deagy1h3uwrhftocj26lg4eab2e.jpg,
https://wx3.sinaimg.cn/large/6c428deagy1h3uwrt2rfxj24eo6m01l2.jpg,
https://wx3.sinaimg.cn/large/6c428deagy1h3uwry8xgej24jl6tee86.jpg,
https://wx3.sinaimg.cn/large/6d666ecdgy1hgkjefzy0aj21900u0wm0.jpg,
https://wx3.sinaimg.cn/large/6dd57c31gy1hsqwetbq7jj22c0340b2b.jpg,
https://wx3.sinaimg.cn/large/6dd57c31gy1hsqwf1vag9j22702xcb2b.jpg,
https://wx3.sinaimg.cn/large/6f5f4997gy1h4eezcdz90j22mb3uwqv7.jpg,
https://wx3.sinaimg.cn/large/6f5f4997gy1h4jadphf2tj22tc480nph.jpg,
https://wx3.sinaimg.cn/large/6f5f4997gy1h51rze0uyjj22kn3uwe89.jpg,
https://wx3.sinaimg.cn/large/6f5f4997gy1h52raclgt6j22kn3uw7ws.jpg,
https://wx3.sinaimg.cn/large/6f5f4997gy1h6nkwj1zr5j21k6cn27wo.jpg,
https://wx3.sinaimg.cn/large/6f5f4997gy1h6nkwmv5fdj243c64w7wq.jpg,
https://wx3.sinaimg.cn/large/6f5f4997gy1h6nkwzb66kj22kn3uwwyn.jpg,
https://wx3.sinaimg.cn/large/6f5f4997gy1h6nkx0zidvj22kn3uwag3.jpg,
https://wx3.sinaimg.cn/large/6f5f4997gy1h6nkx7i3dxj243c64wkjt.jpg,
https://wx3.sinaimg.cn/large/6f5f4997gy1h6nkxe7kqjj22kn3uwb2b.jpg,
https://wx3.sinaimg.cn/large/6f5f4997gy1hdwyx983euj264w43che5.jpg,
https://wx3.sinaimg.cn/large/6f5f4997gy1hfdtp3sycsj23uw2i3u0z.jpg,
https://wx3.sinaimg.cn/large/6f5f4997gy1hfdtp739g9j23ze2dub2c.jpg,
https://wx3.sinaimg.cn/large/6f5f4997gy1hfdtpzqsmpj22kl3uw4qt.jpg,
https://wx3.sinaimg.cn/large/6f5f4997gy1hfdtq34y2gj22kl3uwx6s.jpg,
https://wx3.sinaimg.cn/large/6f5f4997gy1hfdtqao32lj23uw2d0u10.jpg,
https://wx3.sinaimg.cn/large/6f5f4997ly1h3q5soz31oj23uw2knkjp.jpg,
https://wx3.sinaimg.cn/large/6f5f4997ly1h3q5tkwbuxj22kn3uwe86.jpg,
https://wx3.sinaimg.cn/large/6f5f4997ly1h3q5uklbefj23uw2knqv9.jpg,
https://wx3.sinaimg.cn/large/76e424c9gy1h3bkvvfki3j20kk0uoar4.jpg,
https://wx3.sinaimg.cn/large/76e424c9gy1h3ev94vdcwj20841jkdih.jpg,
https://wx3.sinaimg.cn/large/76e424c9gy1h3ev983v92j20wx1jk4cb.jpg,
https://wx3.sinaimg.cn/large/76e424c9gy1h4nygn73smj235s1s0npk.jpg,
https://wx3.sinaimg.cn/large/76e424c9gy1h4nyh5c9ekj235s23we8c.jpg,
https://wx3.sinaimg.cn/large/76e424c9gy1h4nyhb47i0j235s1s0kjt.jpg,
https://wx3.sinaimg.cn/large/76e424c9gy1h8e0pudk2jj235s23uqvd.jpg,
https://wx3.sinaimg.cn/large/76e424c9gy1h8e0q0u0l8j223u35skju.jpg,
https://wx3.sinaimg.cn/large/76e424c9gy1h8e0r7bxoej235s1s0x6x.jpg,
https://wx3.sinaimg.cn/large/76e424c9gy1h8e0rexi7sj223u35sqve.jpg,
https://wx3.sinaimg.cn/large/76e424c9gy1h8e0s17fmuj223u35skjt.jpg,
https://wx3.sinaimg.cn/large/7f1bb900gy1h4bggyha8aj23gg56okjy.jpg,
https://wx3.sinaimg.cn/large/7f1bb900gy1h4bgh5ema0j23gg56oqve.jpg,
https://wx3.sinaimg.cn/large/82186a04gy1h3r7kx2kf1j25eo3lskjo.jpg,
https://wx3.sinaimg.cn/large/82186a04gy1h3r7kzpa8hj23ls5eou10.jpg,
https://wx3.sinaimg.cn/large/82186a04gy1h4cjpxbjs1j21900u0jxi.jpg,
https://wx3.sinaimg.cn/large/82186a04gy1h4cjpxyoiqj20u0190wla.jpg,
https://wx3.sinaimg.cn/large/82186a04gy1h4cjpyzu6xj21900u0grn.jpg,
https://wx3.sinaimg.cn/large/9801b567gy1h52scwkkqtj22io1ocqv6.jpg,
https://wx3.sinaimg.cn/large/9801b567gy1h52scy8mhfj218j1uy4qp.jpg,
https://wx3.sinaimg.cn/large/9801b567gy1h52sd39iuhj22se1utkjm.jpg,
https://wx3.sinaimg.cn/large/9801b567gy1h52sd6qd6fj218j1uyb29.jpg,
https://wx3.sinaimg.cn/large/9801b567gy1h52sd9p7uhj22se1utqv6.jpg,
https://wx3.sinaimg.cn/large/9801b567gy1h52sdldulmj22se1utqv6.jpg,
https://wx3.sinaimg.cn/large/9801b567gy1h6lc873sntj22c0340aj9.jpg,
https://wx3.sinaimg.cn/large/9801b567gy1h6mycfm0joj21jk2bbe81.jpg,
https://wx3.sinaimg.cn/large/9801b567gy1h6mycjnexcj21qhcn3kjl.jpg,
https://wx3.sinaimg.cn/large/9801b567gy1h6mycn3gvgj22bb1jku0x.jpg,
https://wx3.sinaimg.cn/large/9801b567gy1h6myd11aoyj22bb1jkhdu.jpg,
https://wx3.sinaimg.cn/large/9801b567gy1h6myd5daszj22sz1g2qv6.jpg,
https://wx3.sinaimg.cn/large/9dc90e62gy1h5jb9ovvmwj223u35skjr.jpg,
https://wx3.sinaimg.cn/large/9dc90e62gy1h5jba9zkovj223u35su14.jpg,
https://wx3.sinaimg.cn/large/9dc90e62gy1h5jbag8wh8j223u35snpi.jpg,
https://wx3.sinaimg.cn/large/a03697c1gy1hdlcv6k6m2j21em35sqv6.jpg,
https://wx3.sinaimg.cn/large/a03697c1gy1hdlcv9ls4vj21em35se82.jpg,
https://wx3.sinaimg.cn/large/a760c6a9gy1hjtl22h7y0j22dc35sb2a.jpg,
https://wx3.sinaimg.cn/large/a760c6a9gy1hjtl246wk2j21o02801ky.jpg,
https://wx3.sinaimg.cn/large/a760c6a9gy1hjtl27x7r7j22c0340qv7.jpg,
https://wx3.sinaimg.cn/large/aaf64a22gy1hf9la2bonfj22yo1o0npe.jpg,
https://wx3.sinaimg.cn/large/aaf64a22gy1hf9lpr7u82j21o02yo4qq.jpg,
https://wx3.sinaimg.cn/large/aaf64a22gy1hf9lpwxnfvj20sg1amtwo.jpg,
https://wx3.sinaimg.cn/large/b18b7f4dgy1h5scp8qjlrj25eo3ls48y.jpg,
https://wx3.sinaimg.cn/large/b18b7f4dgy1h5scpmaxtsj223u35s0ya.jpg,
https://wx3.sinaimg.cn/large/b18b7f4dgy1h5snodg0kdj223u35s43o.jpg,
https://wx3.sinaimg.cn/large/b18b7f4dgy1h5snorro11j23ls5eob2c.jpg,
https://wx3.sinaimg.cn/large/b18b7f4dgy1h5snp0acjlj25eo3lsth9.jpg,
https://wx3.sinaimg.cn/large/be59b734gy1hg66qvrt7aj22mg4o01co.jpg,
https://wx3.sinaimg.cn/large/be59b734gy1hg66qwc4kwj24o02mg7kq.jpg,
https://wx3.sinaimg.cn/large/be59b734gy1hg66qy0rgbj22mg4o0x2h.jpg,
https://wx3.sinaimg.cn/large/be59b734gy1hg66r4phsuj24o02mgqh6.jpg,
https://wx3.sinaimg.cn/orj480/0071XxW9gy1hf08itgtfxj30u0141tex.jpg,
https://wx3.sinaimg.cn/orj480/0071XxW9gy1hfajcghstpj30u01hcahd.jpg,
https://wx3.sinaimg.cn/orj480/0071XxW9gy1hgm0vwcvw7j31o0281e81.jpg,
https://wx3.sinaimg.cn/orj480/0071XxW9gy1hn99c35e0mj31o02817wh.jpg,
https://wx3.sinaimg.cn/orj480/0071XxW9gy1hswvq1jgykj30u01hcwz6.jpg,
https://wx3.sinaimg.cn/orj480/0071XxW9gy1ht3q5uivfnj30u01hc7f7.jpg,
https://wx3.sinaimg.cn/orj480/0071XxW9gy1ht62dzr1lpj30u0141dri.jpg,
https://wx3.sinaimg.cn/orj480/0071XxW9gy1htpnjl5asmj31hc0u01fc.jpg,
https://wx3.sinaimg.cn/orj480/982578b0ly1hkwoolvrnkj20tn13i48o.jpg,
https://wx3.sinaimg.cn/orj480/a760c6a9gy1hjvod07d4lj21o0281e81.jpg,
https://wx4.sinaimg.cn/crop.65.0.1760.979/0074IJrygy1hdnle30jo5j31gp0r7wm2.jpg,
https://wx4.sinaimg.cn/large/005VbvGBgy1h6oxjyst1hj30lt6blb2a.jpg,
https://wx4.sinaimg.cn/large/005VbvGBgy1h6oxjz2iwbj30rs8un7wi.jpg,
https://wx4.sinaimg.cn/large/005VbvGBgy1h6oxjzmgx6j30m89jv4qr.jpg,
https://wx4.sinaimg.cn/large/0060Wf0ggy1hfz4i87st2j337k4tcu10.jpg,
https://wx4.sinaimg.cn/large/0060Wf0ggy1hfz4ifml07j337k4tcqv8.jpg,
https://wx4.sinaimg.cn/large/0060Wf0ggy1hfz4kwag0jj32g33o4x6q.jpg,
https://wx4.sinaimg.cn/large/0060Wf0ggy1hfz4kyny9ej32ip3s14qr.jpg,
https://wx4.sinaimg.cn/large/0060hKZegy1hkx6xhg482j31731smws1.jpg,
https://wx4.sinaimg.cn/large/00610zedgy1h8gckdmrbzj32zu1qonpe.jpg,
https://wx4.sinaimg.cn/large/00610zedgy1h8gckmqaapj326o39su0y.jpg,
https://wx4.sinaimg.cn/large/00610zedgy1h8gckvrim7j32fa3mx4qs.jpg,
https://wx4.sinaimg.cn/large/00610zedgy1h8gcl6fqt3j33vu26ob2b.jpg,
https://wx4.sinaimg.cn/large/00610zedgy1hih2pjcm5vj32c035chdv.jpg,
https://wx4.sinaimg.cn/large/00610zedgy1hih2po146nj32c0340hdv.jpg,
https://wx4.sinaimg.cn/large/006CbORYgy1h4h4spakppj32bc1cme82.jpg,
https://wx4.sinaimg.cn/large/006fJZTUgy1h4i0ed9ljtj364w3g91l0.jpg,
https://wx4.sinaimg.cn/large/006fJZTUgy1h4i0eudps8j343c64wx6s.jpg,
https://wx4.sinaimg.cn/large/006tiHVogy1h5ngwwlh8kj30zk1ww4ll.jpg,
https://wx4.sinaimg.cn/large/006tiHVogy1h5ngx7hlp5j30zk48s1ky.jpg,
https://wx4.sinaimg.cn/large/006tiHVogy1h9mznfoe1sj336c1czx6p.jpg,
https://wx4.sinaimg.cn/large/006tiHVogy1h9mznsg0awj335s23wkjm.jpg,
https://wx4.sinaimg.cn/large/006tiHVogy1h9mzp36kkxj324736cx6q.jpg,
https://wx4.sinaimg.cn/large/006tiHVogy1h9mzpugjwlj34hs2zv4qt.jpg,
https://wx4.sinaimg.cn/large/006tiHVogy1h9mzwbeb8uj30zk460npd.jpg,
https://wx4.sinaimg.cn/large/006tiHVogy1h9mzy59pe8j30zk4xskjn.jpg,
https://wx4.sinaimg.cn/large/0071XxW9gy1h3lgt4g2uej31o0280u0x.jpg,
https://wx4.sinaimg.cn/large/0071XxW9gy1h4237qxysgj33402c04qp.jpg,
https://wx4.sinaimg.cn/large/0071XxW9gy1h47vysghjlj31o02801ky.jpg,
https://wx4.sinaimg.cn/large/0071XxW9gy1h47vyx0qysj31o02801ky.jpg,
https://wx4.sinaimg.cn/large/0071XxW9gy1h4w2lhqhu3j323w35snpk.jpg,
https://wx4.sinaimg.cn/large/0071XxW9gy1h4w2ly7fnuj347s6bkx71.jpg,
https://wx4.sinaimg.cn/large/0071XxW9gy1h4zkl6yeqsj31rv35sqvc.jpg,
https://wx4.sinaimg.cn/large/0071XxW9gy1h5h81c8e0aj323w35s1l4.jpg,
https://wx4.sinaimg.cn/large/0071XxW9gy1h5h81t80sbj323w35sqvb.jpg,
https://wx4.sinaimg.cn/large/0071XxW9gy1h5h8356ocfj323v35sb2g.jpg,
https://wx4.sinaimg.cn/large/0071XxW9gy1h5htohkq8rj323w35su14.jpg,
https://wx4.sinaimg.cn/large/0071XxW9gy1h71x4h0a3qj323w35sqvc.jpg,
https://wx4.sinaimg.cn/large/0071XxW9gy1h71x4mwx78j31d621s1kx.jpg,
https://wx4.sinaimg.cn/large/0071XxW9gy1h71x4p5083j323w35s7wi.jpg,
https://wx4.sinaimg.cn/large/0071XxW9gy1h71x4s56ghj323u35snpe.jpg,
https://wx4.sinaimg.cn/large/0071XxW9gy1h7armiutr7j323w35su14.jpg,
https://wx4.sinaimg.cn/large/0071XxW9gy1h7army3zdoj323w35se89.jpg,
https://wx4.sinaimg.cn/large/0071XxW9gy1h7arncqo5dj335t4qmhdx.jpg,
https://wx4.sinaimg.cn/large/0071XxW9gy1h873wfd4lqj323w35sx6q.jpg,
https://wx4.sinaimg.cn/large/0071XxW9gy1h9f4qnwysej32df35snpo.jpg,
https://wx4.sinaimg.cn/large/0071XxW9gy1h9f4rblckuj32df35she3.jpg,
https://wx4.sinaimg.cn/large/0071XxW9gy1h9f4szlo9yj32df35sqvg.jpg,
https://wx4.sinaimg.cn/large/0071XxW9gy1h9m34es2ncj31o02yox6x.jpg,
https://wx4.sinaimg.cn/large/0071XxW9gy1hdhrtl0410j31d41ti1fx.jpg,
https://wx4.sinaimg.cn/large/0071XxW9gy1hdnq1jhg7bj31qg2h64qw.jpg,
https://wx4.sinaimg.cn/large/0071XxW9gy1hdnq23vg22j30zu0yvdhz.jpg,
https://wx4.sinaimg.cn/large/0071XxW9gy1hegc7aa6clj30u01j9tkp.jpg,
https://wx4.sinaimg.cn/large/0071XxW9gy1hf1elwuua8j318z0u0k1a.jpg,
https://wx4.sinaimg.cn/large/0071XxW9gy1hf1elxfgd1j31hc0u0akj.jpg,
https://wx4.sinaimg.cn/large/0071XxW9gy1hf1ely3bfoj30u018zgu0.jpg,
https://wx4.sinaimg.cn/large/0071XxW9gy1hf1em49q33j30u018zn7s.jpg,
https://wx4.sinaimg.cn/large/0071XxW9gy1hfxqy5xiqoj30u0140agm.jpg,
https://wx4.sinaimg.cn/large/0071XxW9gy1hh5lyalp04j30u018z45r.jpg,
https://wx4.sinaimg.cn/large/0071XxW9gy1hha6162yllj32c03407wk.jpg,
https://wx4.sinaimg.cn/large/0071XxW9gy1hhsvrxdxu9j31xo2wiu0y.jpg,
https://wx4.sinaimg.cn/large/0071XxW9gy1hhvbthl15jj32wi1xonpe.jpg,
https://wx4.sinaimg.cn/large/0071XxW9gy1hhvbtp45n8j32wi1xob2a.jpg,
https://wx4.sinaimg.cn/large/0071XxW9gy1hhvbuei212j31xo2wikjm.jpg,
https://wx4.sinaimg.cn/large/0071XxW9gy1hhvbv1m021j32wi1xoqv6.jpg,
https://wx4.sinaimg.cn/large/0071XxW9gy1hhvbvb32ozj32wi1xonpe.jpg,
https://wx4.sinaimg.cn/large/0071XxW9gy1hi34trg5nqj30u01910zh.jpg,
https://wx4.sinaimg.cn/large/0071XxW9gy1hi34u1w9j7j30u0191dqs.jpg,
https://wx4.sinaimg.cn/large/0071XxW9gy1hi34u7dmrpj31910u0drb.jpg,
https://wx4.sinaimg.cn/large/0071XxW9gy1hibct6ugdej31na2xeu12.jpg,
https://wx4.sinaimg.cn/large/0071XxW9gy1hijemcrvnaj30u0191aj5.jpg,
https://wx4.sinaimg.cn/large/0071XxW9gy1hijemidoklj30xi0u0wkd.jpg,
https://wx4.sinaimg.cn/large/0071XxW9gy1hijemmt027j31hc0u0jxx.jpg,
https://wx4.sinaimg.cn/large/0071XxW9gy1hijenmn8ikj31hc0u0n3k.jpg,
https://wx4.sinaimg.cn/large/0071XxW9gy1hjlaupufq0j30u01910yr.jpg,
https://wx4.sinaimg.cn/large/0071XxW9gy1hjlauqm00qj31910u0qb5.jpg,
https://wx4.sinaimg.cn/large/0071XxW9gy1hjlautiafkj30u0191qax.jpg,
https://wx4.sinaimg.cn/large/0071XxW9gy1hjoylzmlq1j30u018zwl2.jpg,
https://wx4.sinaimg.cn/large/0071XxW9gy1hjoym108xyj318z0u0ajc.jpg,
https://wx4.sinaimg.cn/large/0071XxW9gy1hjoym23b9kj31hc0u0qbd.jpg,
https://wx4.sinaimg.cn/large/0071XxW9gy1hjoymavyitj30u018z106.jpg,
https://wx4.sinaimg.cn/large/0071XxW9gy1hjoymbb1d0j31hc0u049k.jpg,
https://wx4.sinaimg.cn/large/0071XxW9gy1hjoymcg7t5j30u018zqac.jpg,
https://wx4.sinaimg.cn/large/0071XxW9gy1hjoymdsis6j30u018zq9s.jpg,
https://wx4.sinaimg.cn/large/0071XxW9gy1hk1pp65tz9j335s1s1b2a.jpg,
https://wx4.sinaimg.cn/large/0071XxW9gy1hkb2781az1j31ny1jrb2a.jpg,
https://wx4.sinaimg.cn/large/0071XxW9gy1hkb278rn96j31qv2wkb29.jpg,
https://wx4.sinaimg.cn/large/0071XxW9gy1hkb27c6dmpj31lz2miu0x.jpg,
https://wx4.sinaimg.cn/large/0071XxW9gy1hkb27dzc28j32c0340x6p.jpg,
https://wx4.sinaimg.cn/large/0071XxW9gy1hl09d0kwanj323w35se82.jpg,
https://wx4.sinaimg.cn/large/0071XxW9gy1hl09d2mnsaj323w35s4qq.jpg,
https://wx4.sinaimg.cn/large/0071XxW9gy1hl3rgptxaaj30zg1jh18o.jpg,
https://wx4.sinaimg.cn/large/0071XxW9gy1hl3rgw58s2j34mo334u13.jpg,
https://wx4.sinaimg.cn/large/0071XxW9gy1hl3rh35ziwj30wi1fyu0x.jpg,
https://wx4.sinaimg.cn/large/0071XxW9gy1hlfo05srkaj31oy35s1ky.jpg,
https://wx4.sinaimg.cn/large/0071XxW9gy1hlgl8280o7j31r033zb2a.jpg,
https://wx4.sinaimg.cn/large/0071XxW9gy1hmarkvfufxj335s23uu0z.jpg,
https://wx4.sinaimg.cn/large/0071XxW9gy1hmarlbolv3j335s23u4qr.jpg,
https://wx4.sinaimg.cn/large/0071XxW9gy1hnub577hglj32c0340kjn.jpg,
https://wx4.sinaimg.cn/large/0071XxW9gy1hnzxci95zfj323u35sb2a.jpg,
https://wx4.sinaimg.cn/large/0071XxW9gy1hnzxclywrtj323u35shdu.jpg,
https://wx4.sinaimg.cn/large/0071XxW9gy1hnzxcn844pj323u35sb2a.jpg,
https://wx4.sinaimg.cn/large/0071XxW9gy1hnzxcqpa6lj323u35sb2a.jpg,
https://wx4.sinaimg.cn/large/0071XxW9gy1hnzxcsy09bj323u35sb2a.jpg,
https://wx4.sinaimg.cn/large/0071XxW9gy1ho4lkoa66wj335s23u1ky.jpg,
https://wx4.sinaimg.cn/large/0071XxW9gy1ho95e5vkruj323w35shdw.jpg,
https://wx4.sinaimg.cn/large/0071XxW9gy1ho95e82fynj323w35s4qs.jpg,
https://wx4.sinaimg.cn/large/0071XxW9gy1ho95egflfpj335s1s0e83.jpg,
https://wx4.sinaimg.cn/large/0071XxW9gy1ho95engdsrj323w35se83.jpg,
https://wx4.sinaimg.cn/large/0071XxW9gy1hpfwpw71nzj335s23uhdv.jpg,
https://wx4.sinaimg.cn/large/0071XxW9gy1hpfwq071z8j323u35sqv6.jpg,
https://wx4.sinaimg.cn/large/0071XxW9gy1hs65kixyw2j33344mox6t.jpg,
https://wx4.sinaimg.cn/large/0071XxW9gy1hs65kkawp1j31em0xrnnd.jpg,
https://wx4.sinaimg.cn/large/0071XxW9gy1hs65ks2oapj31em0xr1b2.jpg,
https://wx4.sinaimg.cn/large/0071XxW9gy1hsuchgtwydj34mo2lrhdw.jpg,
https://wx4.sinaimg.cn/large/0071XxW9gy1hsuchxa977j35hm336hdx.jpg,
https://wx4.sinaimg.cn/large/0071XxW9gy1hsuci38sk7j33364mo7wm.jpg,
https://wx4.sinaimg.cn/large/0071XxW9gy1hsucilsjv5j33364mohdy.jpg,
https://wx4.sinaimg.cn/large/0071XxW9gy1htpqzk1hmij35eo3lshdw.jpg,
https://wx4.sinaimg.cn/large/0071XxW9gy1htpqzrr3phj33ls5eoe85.jpg,
https://wx4.sinaimg.cn/large/0071XxW9ly1hg87k51zemj335s23ukjq.jpg,
https://wx4.sinaimg.cn/large/0071XxW9ly1hg87kreuujj323u35sx6t.jpg,
https://wx4.sinaimg.cn/large/0071XxW9ly1hgv55einyij323w35su17.jpg,
https://wx4.sinaimg.cn/large/0071XxW9ly1hgv56jx36ij335s1s0b2h.jpg,
https://wx4.sinaimg.cn/large/0071XxW9ly1hjvp1cfjp5j30u0140tgg.jpg,
https://wx4.sinaimg.cn/large/0075VLesgy1h4chl00jbtj31zu2tc7wi.jpg,
https://wx4.sinaimg.cn/large/0075VLesgy1h4chlieykpj31pq2klnpd.jpg,
https://wx4.sinaimg.cn/large/0075VLesgy1hg86x3gxj8j33vc2kwkjm.jpg,
https://wx4.sinaimg.cn/large/0075VLesgy1hg86y8nnvtj32ki3ushdu.jpg,
https://wx4.sinaimg.cn/large/0075VLesgy1hg86ybt4izj32ki3usqv6.jpg,
https://wx4.sinaimg.cn/large/007BKkSugy1hgbgnnc7r6j31hy0u0n55.jpg,
https://wx4.sinaimg.cn/large/007inJmpgy1hgcyqitil9j33a24x3u10.jpg,
https://wx4.sinaimg.cn/large/007inJmpgy1hgcyz6dw9hj30u0190n0w.jpg,
https://wx4.sinaimg.cn/large/0081aj8Hgy1h4cl7eckshj316o1kwtxw.jpg,
https://wx4.sinaimg.cn/large/0081aj8Hgy1h4cl7ftazcj30zk1be7l8.jpg,
https://wx4.sinaimg.cn/large/0081aj8Hgy1h4cl7g95gkj316o1kwnmw.jpg,
https://wx4.sinaimg.cn/large/0081aj8Hgy1hp8yp04nzfj33344mohdx.jpg,
https://wx4.sinaimg.cn/large/008lgPsGgy1hj7dgqf5twj333420xx6q.jpg,
https://wx4.sinaimg.cn/large/008oXAtkgy1hfwb98fbkdj30dw0dw0yz.jpg,
https://wx4.sinaimg.cn/large/008oXAtkgy1hfwb98lw2rj30dw0dwq9q.jpg,
https://wx4.sinaimg.cn/large/51806b25gy1hsfgcuvxjgj270o3yvqvc.jpg,
https://wx4.sinaimg.cn/large/51806b25gy1hsfgdifdxaj2d8a6qo4r5.jpg,
https://wx4.sinaimg.cn/large/51806b25gy1hsfgdwo2bmj24d26dub2i.jpg,
https://wx4.sinaimg.cn/large/62ff67c7gy1hpa8ayjs5fj24mo2lrx6v.jpg,
https://wx4.sinaimg.cn/large/62ff67c7gy1hpa8b94s5gj24mo2lr1l3.jpg,
https://wx4.sinaimg.cn/large/62ff67c7gy1hpa8bd18rej24mo2lrb2e.jpg,
https://wx4.sinaimg.cn/large/62ff67c7gy1hpa8bhnaeqj24mo2lre87.jpg,
https://wx4.sinaimg.cn/large/62ff67c7gy1hpa8bynskrj23344moqvd.jpg,
https://wx4.sinaimg.cn/large/683ca2e2gy1h4civy79rrj21900u07aj.jpg,
https://wx4.sinaimg.cn/large/6baed01bgy1hk1065afkoj248w6dcb2d.jpg,
https://wx4.sinaimg.cn/large/6baed01bgy1hk1069ade9j248w6dce85.jpg,
https://wx4.sinaimg.cn/large/6baed01bgy1hk106dv9bwj26dc48whdw.jpg,
https://wx4.sinaimg.cn/large/6baed01bgy1hk106isjgnj22dc35s7wi.jpg,
https://wx4.sinaimg.cn/large/6c428deagy1h3uwrr7861j27c04w0u14.jpg,
https://wx4.sinaimg.cn/large/6d666ecdgy1hgkje6f45dj21y10u07hg.jpg,
https://wx4.sinaimg.cn/large/6d666ecdgy1hgkjeazs8oj20u0190do5.jpg,
https://wx4.sinaimg.cn/large/6dd57c31gy1hsqweounuzj22c0340e83.jpg,
https://wx4.sinaimg.cn/large/6dd57c31gy1hsqwew3jovj22c0340e83.jpg,
https://wx4.sinaimg.cn/large/6f5f4997gy1h4jadug9rtj22tc4807wk.jpg,
https://wx4.sinaimg.cn/large/6f5f4997gy1h4jae04f0zj22tc480hdx.jpg,
https://wx4.sinaimg.cn/large/6f5f4997gy1h4jaeawwn3j22tc480b2d.jpg,
https://wx4.sinaimg.cn/large/6f5f4997gy1h52r8xfvs6j22kn3uwu16.jpg,
https://wx4.sinaimg.cn/large/6f5f4997gy1h52r9506zzj22kn3uwhe1.jpg,
https://wx4.sinaimg.cn/large/6f5f4997gy1h52r9p7l8oj22kn3uwu14.jpg,
https://wx4.sinaimg.cn/large/6f5f4997gy1h52ra4fkq4j23uw2kn1l6.jpg,
https://wx4.sinaimg.cn/large/6f5f4997gy1h6nkwswtn7j243c64w4qw.jpg,
https://wx4.sinaimg.cn/large/6f5f4997gy1h9o0tt3plxj21tq2n5kjl.jpg,
https://wx4.sinaimg.cn/large/6f5f4997gy1h9o0twvddbj226o39s4qq.jpg,
https://wx4.sinaimg.cn/large/6f5f4997gy1h9o0u2yyvej22dc35s7wi.jpg,
https://wx4.sinaimg.cn/large/6f5f4997gy1h9o0uo677aj22dc35s4qq.jpg,
https://wx4.sinaimg.cn/large/6f5f4997gy1h9o0useqvaj22dc35sx6p.jpg,
https://wx4.sinaimg.cn/large/6f5f4997gy1hdwywl163dj264w43c1la.jpg,
https://wx4.sinaimg.cn/large/6f5f4997gy1hdwywpf3k7j264w43che5.jpg,
https://wx4.sinaimg.cn/large/6f5f4997gy1hdwywslqtuj255t2wi7wl.jpg,
https://wx4.sinaimg.cn/large/6f5f4997gy1hdwyx4ep9wj25um3whe8c.jpg,
https://wx4.sinaimg.cn/large/6f5f4997gy1hdwyxp7nsxj243c64w7wu.jpg,
https://wx4.sinaimg.cn/large/6f5f4997gy1hfdtponm45j23uw285e86.jpg,
https://wx4.sinaimg.cn/large/6f5f4997ly1h3q5s6km8ej22kn3uw1l2.jpg,
https://wx4.sinaimg.cn/large/6f5f4997ly1h3q5sgc5tej22kn3uwe86.jpg,
https://wx4.sinaimg.cn/large/6f5f4997ly1h3q5swwl11j23hp2564qt.jpg,
https://wx4.sinaimg.cn/large/6f5f4997ly1h3q5td52yuj23uw2kn4qt.jpg,
https://wx4.sinaimg.cn/large/76e424c9gy1h3ev96eefcj20oq1jk4cn.jpg,
https://wx4.sinaimg.cn/large/76e424c9gy1h3ev99fn90j20gz1jkwou.jpg,
https://wx4.sinaimg.cn/large/76e424c9gy1h4nyhgbxa9j235s23w7wq.jpg,
https://wx4.sinaimg.cn/large/76e424c9gy1h4nyhxy00kj223w35se8a.jpg,
https://wx4.sinaimg.cn/large/76e424c9gy1h8e0ql24t2j223u35she1.jpg,
https://wx4.sinaimg.cn/large/76e424c9gy1h8e0rmkvkij223u35s1l6.jpg,
https://wx4.sinaimg.cn/large/76e424c9gy1h8e0ru69ekj223u35she2.jpg,
https://wx4.sinaimg.cn/large/7f1bb900gy1h4bggomyrlj23gg56okjv.jpg,
https://wx4.sinaimg.cn/large/7f1bb900gy1h4bghcsgefj256o3ggkjt.jpg,
https://wx4.sinaimg.cn/large/7f1bb900gy1h4bght7w14j23gg56onpp.jpg,
https://wx4.sinaimg.cn/large/82186a04gy1h3r7kuo7tvj23ls5eokjo.jpg,
https://wx4.sinaimg.cn/large/82186a04gy1h4cjpwwxc0j21900u00yk.jpg,
https://wx4.sinaimg.cn/large/82186a04gy1h4cjpy9gbkj20u0190gr9.jpg,
https://wx4.sinaimg.cn/large/82186a04gy1h4cjpzz0u2j21900u0ag3.jpg,
https://wx4.sinaimg.cn/large/9801b567gy1h52scofoq5j218j1vve81.jpg,
https://wx4.sinaimg.cn/large/9801b567gy1h52sd0mwtkj22se1utqv6.jpg,
https://wx4.sinaimg.cn/large/9801b567gy1h52sd552t2j218j1uy7wh.jpg,
https://wx4.sinaimg.cn/large/9801b567gy1h52sdithyaj22np1rohdu.jpg,
https://wx4.sinaimg.cn/large/9801b567gy1h52sdnqqj3j218j1uyhdt.jpg,
https://wx4.sinaimg.cn/large/9801b567gy1h52sdp3qhtj218j1uyb29.jpg,
https://wx4.sinaimg.cn/large/9801b567gy1h52sdt8we8j22j83uw7wl.jpg,
https://wx4.sinaimg.cn/large/9801b567gy1h6lc8k6l9mj22c0340doq.jpg,
https://wx4.sinaimg.cn/large/9801b567gy1h6mycoovz3j22bb1jkhdt.jpg,
https://wx4.sinaimg.cn/large/9801b567gy1h6mycq7eioj22bb1jk0ye.jpg,
https://wx4.sinaimg.cn/large/9801b567gy1h6myd2t191j22sb1hdgt3.jpg,
https://wx4.sinaimg.cn/large/a03697c1gy1hdlcvovgifj21dk35shdu.jpg,
https://wx4.sinaimg.cn/large/a760c6a9gy1hjtl1xemmrj21o02804qq.jpg,
https://wx4.sinaimg.cn/large/a760c6a9gy1hjtl1yx316j21o02801ky.jpg,
https://wx4.sinaimg.cn/large/a760c6a9gy1hjtl26c7mmj21o02804qq.jpg,
https://wx4.sinaimg.cn/large/a760c6a9gy1hmilg8wzsbj21o0280u0y.jpg,
https://wx4.sinaimg.cn/large/aaf64a22gy1hf9la3xji0j21o02you0y.jpg,
https://wx4.sinaimg.cn/large/aaf64a22gy1hf9la6fe89j21o02yob2b.jpg,
https://wx4.sinaimg.cn/large/aaf64a22gy1hf9ll6k6xvj20sg0w0net.jpg,
https://wx4.sinaimg.cn/large/b18b7f4dgy1h5snobnax7j25eo31iqhg.jpg,
https://wx4.sinaimg.cn/large/b18b7f4dgy1h5snofyf2hj23ls5eox6t.jpg,
https://wx4.sinaimg.cn/large/b18b7f4dgy1h5snohogo3j223u35skjl.jpg,
https://wx4.sinaimg.cn/large/b18b7f4dgy1h5snom1uvsj23ls5eown5.jpg,
https://wx4.sinaimg.cn/large/be59b734gy1hg66qzd2nvj24o033skh1.jpg,
https://wx4.sinaimg.cn/large/be59b734gy1hg66r39ycgj24o02mgx1q.jpg,
https://wx4.sinaimg.cn/orj480/0060ItoIly1ht9ec4q8g0j30k00ba0u7.jpg,
https://wx4.sinaimg.cn/orj480/0071XxW9gy1heyzxw0a0nj31o0281kjl.jpg,
https://wx4.sinaimg.cn/orj480/0071XxW9gy1hffdbrvsm4j31o02817wh.jpg,
https://wx4.sinaimg.cn/orj480/0071XxW9gy1hfiovu3ngfj30u01hcdls.jpg,
https://wx4.sinaimg.cn/orj480/0071XxW9gy1hld663os1pj31o0281hdt.jpg,
https://wx4.sinaimg.cn/orj480/0071XxW9gy1hmj17g29j7j30u01hcqc9.jpg,
https://wx4.sinaimg.cn/orj480/0071XxW9gy1hmrymnb8pwj30mj0u0ajf.jpg,
https://wx4.sinaimg.cn/orj480/0071XxW9gy1hna7hb27vaj30u01417mg.jpg,
https://wx4.sinaimg.cn/orj480/0071XxW9gy1hsjt0uocfwj30u0141tmh.jpg,
https://wx4.sinaimg.cn/orj480/0071XxW9gy1htcbvb2c78j30u01hc1fh.jpg,
https://wx4.sinaimg.cn/orj480/0071XxW9gy1htt60dhzooj30u00u0ahz.jpg,
https://wx4.sinaimg.cn/orj480/0071XxW9gy1hu19wb5vqij30u0141qhd.jpg,
https://wx4.sinaimg.cn/orj480/0071XxW9gy1hu3lkuban5j30u1140k4f.jpg,
https://wx4.sinaimg.cn/orj480/0071XxW9ly1hpb1elge2bj30u01hcwve.jpg