https://tvax2.sinaimg.cn/crop.0.0.182.182.180/70745653ly8gdi8m4onq7j2052052q31.jpg?KID=imgbed,tva&Expires=1729175372&ssig=wGHkjXFEzW,
https://wx1.sinaimg.cn/large/0023tf8ygy1hj7p4i332uj61aq0w0tps02.jpg,
https://wx1.sinaimg.cn/large/0023tf8ygy1hj7p4wa4izj60j40qu0vn02.jpg,
https://wx1.sinaimg.cn/large/0042pNOZgy1hog86a6buoj61sc2dsb2a02.jpg,
https://wx1.sinaimg.cn/large/0042pNOZgy1hog86f1e0lj62c0340npf02.jpg,
https://wx1.sinaimg.cn/large/0042pNOZgy1hog870a7xqj63b04hab2c02.jpg,
https://wx1.sinaimg.cn/large/005BdOCWgy1hjohq64ckgj313u2e81kx.jpg,
https://wx1.sinaimg.cn/large/005BdOCWgy1hjqe20nu2rj30o01kw138.jpg,
https://wx1.sinaimg.cn/large/005BdOCWgy1hjqe2ehbupj30yw1iwnhl.jpg,
https://wx1.sinaimg.cn/large/005BdOCWgy1hjqe3174tij30wo1kwdwi.jpg,
https://wx1.sinaimg.cn/large/005JFsnggy1he4rzmfik5j325337kqv7.jpg,
https://wx1.sinaimg.cn/large/005NekE1gy1hm8lcjioflj31t02981ky.jpg,
https://wx1.sinaimg.cn/large/005NekE1gy1hm8lcmkrn8j31t0298hdt.jpg,
https://wx1.sinaimg.cn/large/006187zHly1hn0xg52tz4j348w6dce87.jpg,
https://wx1.sinaimg.cn/large/006187zHly1hn0xgfqf0jj323u35s1kz.jpg,
https://wx1.sinaimg.cn/large/006187zHly1hn0xhawmeaj348w6dcb2g.jpg,
https://wx1.sinaimg.cn/large/0068hxsLly1hk216t4oksj32c03407wi.jpg,
https://wx1.sinaimg.cn/large/006pPEeXgy1hke1kwsd96j30hs0p00v6.jpg,
https://wx1.sinaimg.cn/large/006pPEeXgy1hke1kwuz58j30hs0p441l.jpg,
https://wx1.sinaimg.cn/large/006pPEeXgy1hke1kwyx80j30dw0jeqfz.jpg,
https://wx1.sinaimg.cn/large/006pPEeXgy1hke1kx093qj30dw0jek65.jpg,
https://wx1.sinaimg.cn/large/006pPEeXgy1hkrydzbbm6j30i80k179c.jpg,
https://wx1.sinaimg.cn/large/006pPEeXgy1hkrydzcgzhj30u01t214u.jpg,
https://wx1.sinaimg.cn/large/006pPEeXgy1hkrydzmog0j30wr1247jh.jpg,
https://wx1.sinaimg.cn/large/006pPEeXgy1hkryguc8ouj30jq11wk51.jpg,
https://wx1.sinaimg.cn/large/006pPEeXgy1hnbhpixgjaj30p00hi0vc.jpg,
https://wx1.sinaimg.cn/large/006pPEeXgy1hoskzwt56mj30p00fgdj2.jpg,
https://wx1.sinaimg.cn/large/006pPEeXgy1hp20q8cxkdj335s35s1kx.jpg,
https://wx1.sinaimg.cn/large/006pPEeXgy1hp20q8hpa8j335s35s7wh.jpg,
https://wx1.sinaimg.cn/large/006pPEeXgy1hp20q8iaaoj335s35re81.jpg,
https://wx1.sinaimg.cn/large/006pPEeXgy1hp20q8lslyj335s35r7wh.jpg,
https://wx1.sinaimg.cn/large/006pPEeXgy1hp29wrism5j335s35s4qp.jpg,
https://wx1.sinaimg.cn/large/006pPEeXly1hkwj97fiitj31400u0127.jpg,
https://wx1.sinaimg.cn/large/00703nXLgy1hj6ecgnlpjj34mo334qva.jpg,
https://wx1.sinaimg.cn/large/00703nXLgy1hj6ecj1udkj33344mohdz.jpg,
https://wx1.sinaimg.cn/large/00703nXLly1hgrsdsv9fmj35183ctu15.jpg,
https://wx1.sinaimg.cn/large/00703nXLly1hgrsey7uqjj33ls5eohe3.jpg,
https://wx1.sinaimg.cn/large/00703nXLly1hgrsf5vw1oj33ls5eoe8f.jpg,
https://wx1.sinaimg.cn/large/008AJF9Uly1hi1vixjsavj30nm0fqjv7.jpg,
https://wx1.sinaimg.cn/large/008AJF9Uly1hi1vixtrbcj30nm0fq0vn.jpg,
https://wx1.sinaimg.cn/large/008AJF9Uly1hi1viydqbkj30nm0fqtax.jpg,
https://wx1.sinaimg.cn/large/008AJF9Uly1hi1viysijaj30nm0fq76l.jpg,
https://wx1.sinaimg.cn/large/008AJF9Uly1hi1viz494jj30nm0fq760.jpg,
https://wx1.sinaimg.cn/large/008AJF9Uly1hi1vj7jrqsj30nm0fqmzz.jpg,
https://wx1.sinaimg.cn/large/008lgPsGgy1hj7dgcnm09j31hc0u0h74.jpg,
https://wx1.sinaimg.cn/large/008pYzYYly1hmebjwj8shj30u012eaj3.jpg,
https://wx1.sinaimg.cn/large/008pYzYYly1hmebnyzjsej30u012un72.jpg,
https://wx1.sinaimg.cn/large/5dad5135ly1hj44xmbtzij21sc2ds7wj.jpg,
https://wx1.sinaimg.cn/large/66008f64ly1hjdbwlnn1gj23uw2fzu12.jpg,
https://wx1.sinaimg.cn/large/66008f64ly1hjdbwyuopqj22kl3uw7wk.jpg,
https://wx1.sinaimg.cn/large/66008f64ly1hjdbx4oa8nj22kl3uw4qu.jpg,
https://wx1.sinaimg.cn/large/66008f64ly1hjehl7zvb8j21eecmvkjt.jpg,
https://wx1.sinaimg.cn/large/6dd57c31gy1hkfnlcf093j22c0340x6r.jpg,
https://wx1.sinaimg.cn/large/6e7ad70fgy1hs1iy9my9wj20xc2g9npe.jpg,
https://wx1.sinaimg.cn/large/6e7ad70fgy1hs1iyeq45aj22a02a1u0x.jpg,
https://wx1.sinaimg.cn/large/6e7ad70fgy1hs1iygeft2j22a02a1x6q.jpg,
https://wx1.sinaimg.cn/large/6e7ad70fly1hjd5xou4zej22de3k0x6q.jpg,
https://wx1.sinaimg.cn/large/6e7ad70fly1hjwtqvstozj22xu4eo7wk.jpg,
https://wx1.sinaimg.cn/large/6e7ad70fly1hjwtr02ybkj22xu4eo7wm.jpg,
https://wx1.sinaimg.cn/large/6e7ad70fly1hjwtr2fe4fj22xu4eob2e.jpg,
https://wx1.sinaimg.cn/large/6e7ad70fly1hknebb8b56j22c034mqv7.jpg,
https://wx1.sinaimg.cn/large/6e7ad70fly1hknebqetbij22c0340e87.jpg,
https://wx1.sinaimg.cn/large/6f5f4997gy1hkp3y4gi90j23uw2kl1l1.jpg,
https://wx1.sinaimg.cn/large/6f5f4997gy1hkp3yfo94yj22kl3uwb2f.jpg,
https://wx1.sinaimg.cn/large/6f5f4997gy1hkp3ylaz0zj22kl3uw7wn.jpg,
https://wx1.sinaimg.cn/large/6f5f4997gy1hkp3yv7tzdj23uw2g14qv.jpg,
https://wx1.sinaimg.cn/large/6f5f4997gy1hkp3zedp6qj23uw2klu14.jpg,
https://wx1.sinaimg.cn/large/6f5f4997gy1hkp40itcx4j23uw2klb2d.jpg,
https://wx1.sinaimg.cn/large/6f5f4997gy1hkp40sne2fj23uw2kle86.jpg,
https://wx1.sinaimg.cn/large/6f5f4997gy1hs9jlg78fvj21k0340e81.jpg,
https://wx1.sinaimg.cn/large/70745653ly1hnkxz41j4yj21hc6oee81.jpg,
https://wx1.sinaimg.cn/large/70745653ly1hnkxz76ymcj21hc8ciu0y.jpg,
https://wx1.sinaimg.cn/large/70745653ly1hnkxz96a47j21hc8ci4qr.jpg,
https://wx1.sinaimg.cn/large/70745653ly1hofv44bpjgj20vr0vr4am.jpg,
https://wx1.sinaimg.cn/large/70745653ly1hofv44eoajj20xj0n4h2h.jpg,
https://wx1.sinaimg.cn/large/70745653ly1hofv44eslcj20vr0vr1e4.jpg,
https://wx1.sinaimg.cn/large/70745653ly1hofv6rxk5pj217m1ek7p7.jpg,
https://wx1.sinaimg.cn/large/70745653ly1hofv6ry452j21mv169hbf.jpg,
https://wx1.sinaimg.cn/large/70745653ly1hofv6wd1k0j21c61i3kfn.jpg,
https://wx1.sinaimg.cn/large/72e05ae2ly1hou2hqo6ypj235s23ux6p.jpg,
https://wx1.sinaimg.cn/large/72e05ae2ly1hou2htndk6j223u35snpf.jpg,
https://wx1.sinaimg.cn/large/72e05ae2ly1hou2i4bihqj223u35s7wj.jpg,
https://wx1.sinaimg.cn/large/72e05ae2ly1hou2kloaflj22dc35shdx.jpg,
https://wx1.sinaimg.cn/large/86011d6cgy1h9d4cqlgevj20uk5nib2b.jpg,
https://wx1.sinaimg.cn/large/86011d6cgy1h9d4d0adp5j20uk5ni1kz.jpg,
https://wx1.sinaimg.cn/large/86011d6cgy1h9d4d8gttej20uk5nie83.jpg,
https://wx1.sinaimg.cn/large/86011d6cgy1h9d4dbpf2zj214o3uwhdu.jpg,
https://wx1.sinaimg.cn/large/86011d6cgy1hizof2j8vyj26123e3qvc.jpg,
https://wx1.sinaimg.cn/large/86011d6cgy1hjb7t0fvrkj21o0280qv5.jpg,
https://wx1.sinaimg.cn/large/86011d6cgy1hjb7t3lq04j21o0280npd.jpg,
https://wx1.sinaimg.cn/large/86011d6cgy1hjv3cfya45j20u0113qd5.jpg,
https://wx1.sinaimg.cn/large/86011d6cgy1hjvpkvo2xyj20u0140dml.jpg,
https://wx1.sinaimg.cn/large/86011d6cgy1hk1zqoa1gej21o0280hdu.jpg,
https://wx1.sinaimg.cn/large/86011d6cgy1hk2u3nbaygj21o0280u0x.jpg,
https://wx1.sinaimg.cn/large/86011d6cgy1hk2u3tgriuj21o02804qq.jpg,
https://wx1.sinaimg.cn/large/86011d6cgy1hkcdplu5u9j21o0280qv5.jpg,
https://wx1.sinaimg.cn/large/86011d6cgy1hkcdppfyl6j21jl224hdt.jpg,
https://wx1.sinaimg.cn/large/86011d6cgy1hleb0tithcj21o0280kjm.jpg,
https://wx1.sinaimg.cn/large/86011d6cgy1hlnj1v17kvj22c03407wj.jpg,
https://wx1.sinaimg.cn/large/86011d6cgy1hlnj1zk6jyj221w2pkx6q.jpg,
https://wx1.sinaimg.cn/large/86011d6cgy1hlnj25ycn9j20gj0m1djv.jpg,
https://wx1.sinaimg.cn/large/86011d6cgy1hlz5drfc8yj21o0280e81.jpg,
https://wx1.sinaimg.cn/large/86011d6cgy1hlz5dydz1fj21o0280kjl.jpg,
https://wx1.sinaimg.cn/large/86011d6cgy1hlz5e05u7yj21o0280qv5.jpg,
https://wx1.sinaimg.cn/large/86011d6cgy1hlz5e4cclyj21o02801ky.jpg,
https://wx1.sinaimg.cn/large/86011d6cgy1hlz5e64fvfj21ep1vl1kx.jpg,
https://wx1.sinaimg.cn/large/86011d6cgy1hmigywff7tj235r4qne87.jpg,
https://wx1.sinaimg.cn/large/86011d6cgy1hn05mbp9f6j220e2ojhdu.jpg,
https://wx1.sinaimg.cn/large/86011d6cgy1hn05mjtbjxj22c0340u10.jpg,
https://wx1.sinaimg.cn/large/86011d6cgy1hn05n5exaij22c0340x6q.jpg,
https://wx1.sinaimg.cn/large/86011d6cgy1hnao14fizlj22c0340npf.jpg,
https://wx1.sinaimg.cn/large/86011d6cgy1ho2f2qyp9mj21o02yoe83.jpg,
https://wx1.sinaimg.cn/large/86011d6cgy1hogasjqi7zj21v82hme82.jpg,
https://wx1.sinaimg.cn/large/86011d6cgy1houu0ai1g4j21o0280b29.jpg,
https://wx1.sinaimg.cn/large/86011d6cgy1howemxdum0j22c0340qv7.jpg,
https://wx1.sinaimg.cn/large/86011d6cgy1hs1jz6ybe8j21o02807wi.jpg,
https://wx1.sinaimg.cn/large/86011d6cgy1hs5nrbshn2j23344mo1l0.jpg,
https://wx1.sinaimg.cn/large/86011d6cgy1hs73ayj16bj25rb38m1l4.jpg,
https://wx1.sinaimg.cn/large/86011d6cgy1hs73b2oo8ij25eo3ls7wn.jpg,
https://wx1.sinaimg.cn/large/86011d6cgy1hsn6m9l5h2j22c03407wj.jpg,
https://wx1.sinaimg.cn/large/86011d6cgy1hsn6mgmb00j22c0340b2b.jpg,
https://wx1.sinaimg.cn/large/86011d6cgy1hsuk018sl6j23344mohdw.jpg,
https://wx1.sinaimg.cn/large/86011d6cgy1hsuk02xazjj24mo37unpf.jpg,
https://wx1.sinaimg.cn/large/86011d6cgy1hu4ingksmnj20v21f3dsa.jpg,
https://wx1.sinaimg.cn/large/86011d6cly1hjgu2ksa4ij21at1qfb29.jpg,
https://wx1.sinaimg.cn/large/86011d6cly1hjgu2ntehrj21o02807wi.jpg,
https://wx1.sinaimg.cn/large/86011d6cly1hjgu2r5xinj21o0280e82.jpg,
https://wx1.sinaimg.cn/large/86011d6cly1hjz9k0ie2aj22a531ju0z.jpg,
https://wx1.sinaimg.cn/large/86011d6cly1hjz9ki1xohj22dc3k04qs.jpg,
https://wx1.sinaimg.cn/large/86011d6cly1hkvhn8nis6j21o0280npd.jpg,
https://wx1.sinaimg.cn/large/86011d6cly1hm7b2zigq3j21sc2dse82.jpg,
https://wx1.sinaimg.cn/large/99cda0efly1hoex0m8ci3j20jp0jp0ye.jpg,
https://wx1.sinaimg.cn/large/99cda0efly1hoex0micejj20jq0jq43d.jpg,
https://wx1.sinaimg.cn/large/99cda0efly1hoex0oltdhj21d9a12npe.jpg,
https://wx1.sinaimg.cn/large/9fef4eebly1hjtpgbbhruj20qo0zk100.jpg,
https://wx1.sinaimg.cn/large/9fef4eebly1hjtpgc1tnej21sc2ds7wi.jpg,
https://wx1.sinaimg.cn/large/a2904053gy1hll40dz362j23ls5eox6v.jpg,
https://wx1.sinaimg.cn/large/a2904053gy1hll41y9sl0j22dc3k0kjm.jpg,
https://wx1.sinaimg.cn/large/a4278673ly1hm4zb1de48j20rg0rgn2g.jpg,
https://wx1.sinaimg.cn/large/a4278673ly1hm4zb3jk9uj20sg0sg0yg.jpg,
https://wx1.sinaimg.cn/large/a4278673ly1hm4zb4xhhjj20u70u70yy.jpg,
https://wx1.sinaimg.cn/large/a4278673ly1hm4zb6r62aj20u90u9q6z.jpg,
https://wx1.sinaimg.cn/large/a4278673ly1hm4zb9c796j20vn0vn42w.jpg,
https://wx1.sinaimg.cn/large/a66d0169ly8hl18ibhtf2j22p81stqv5.jpg,
https://wx1.sinaimg.cn/large/a66d0169ly8hl18iex1spj22p81ste82.jpg,
https://wx1.sinaimg.cn/large/a66d0169ly8hl18ifsa82j21jk2bdnpd.jpg,
https://wx1.sinaimg.cn/large/a66d0169ly8hl18ii800hj21jk2bdkjl.jpg,
https://wx1.sinaimg.cn/large/a760c6a9gy1hj431en5soj23k0200e84.jpg,
https://wx1.sinaimg.cn/large/a760c6a9gy1hj431s4kbmj23k02dcx6r.jpg,
https://wx1.sinaimg.cn/large/c0448018ly1hm6sigl1xkj20j60lqq67.jpg,
https://wx1.sinaimg.cn/large/c0448018ly1hm6sigpcxnj212n0u0n7w.jpg,
https://wx1.sinaimg.cn/large/c0448018ly1hm6sip5wxaj20s90s9n5o.jpg,
https://wx1.sinaimg.cn/large/c0448018ly1hte22af96xj20p00dwjtq.jpg,
https://wx1.sinaimg.cn/large/c0448018ly1hte22fz92cj20u00u0why.jpg,
https://wx1.sinaimg.cn/large/cf993badgy1hk1redeuhmj22c0340qv7.jpg,
https://wx1.sinaimg.cn/large/cf993badgy1hk1reg3xzlj21nz27zhdu.jpg,
https://wx1.sinaimg.cn/large/cf993badly1hoog6l5wvbj20u0140442.jpg,
https://wx1.sinaimg.cn/orj480/006pPEeXly1hn85xqykupj31hc0u0mzp.jpg,
https://wx1.sinaimg.cn/orj480/008kvqgEgy1hntrhqauy4j31hc0u0u0x.jpg,
https://wx1.sinaimg.cn/orj480/008kvqgEgy1hsik2nn3n5j31hc0u01kx.jpg,
https://wx1.sinaimg.cn/orj480/86011d6cgy1hjc0upqx1ij21hc0u049b.jpg,
https://wx1.sinaimg.cn/orj480/86011d6cgy1hsgel5k6r1j20u01hcn92.jpg,
https://wx1.sinaimg.cn/orj480/86011d6cly1hpbjdxph0yj20u0141dqd.jpg,
https://wx1.sinaimg.cn/orj480/86011d6cly1hpeti18infj20u01hc7ck.jpg,
https://wx2.sinaimg.cn/large/0023tf8ygy1hj7p4d72zjj628e35p7wh02.jpg,
https://wx2.sinaimg.cn/large/0023tf8ygy1hj7p4i0g6ij610s10ojzs02.jpg,
https://wx2.sinaimg.cn/large/0023tf8ygy1hj7p4pha19j60fu0vvwjq02.jpg,
https://wx2.sinaimg.cn/large/0023tf8ygy1hj7p4sw7jaj60lm19kdla02.jpg,
https://wx2.sinaimg.cn/large/0023tf8ygy1hj7p4xyenfj60lq0nq0vl02.jpg,
https://wx2.sinaimg.cn/large/0023tf8ygy1hj7p52yemfj61co1v41g202.jpg,
https://wx2.sinaimg.cn/large/0023tf8yly1hlnjmqa43cj60wu1f5gy402.jpg,
https://wx2.sinaimg.cn/large/0023tf8yly1hlnjms9nplj60wi0ti46202.jpg,
https://wx2.sinaimg.cn/large/0042pNOZgy1hog867wo3dj63b04eo1l202.jpg,
https://wx2.sinaimg.cn/large/0042pNOZgy1hog86d718tj63402c07wi02.jpg,
https://wx2.sinaimg.cn/large/0042pNOZgy1hog86ggg80j62c0340kjl02.jpg,
https://wx2.sinaimg.cn/large/005BdOCWgy1hjohq508cij30iq1kwal0.jpg,
https://wx2.sinaimg.cn/large/005BdOCWgy1hjow3n3ykuj30jo1kwgzv.jpg,
https://wx2.sinaimg.cn/large/005BdOCWgy1hjpohx986dj30pi1kwqkc.jpg,
https://wx2.sinaimg.cn/large/005JFsnggy1he4rrzl93cj33zh22ykjm.jpg,
https://wx2.sinaimg.cn/large/005JFsnggy1he4rs5xtqjj343c64wx6p.jpg,
https://wx2.sinaimg.cn/large/005JFsnggy1he4rw8ychyj337k253npf.jpg,
https://wx2.sinaimg.cn/large/005JFsnggy1he4rxqqni0j343c64wu0y.jpg,
https://wx2.sinaimg.cn/large/005JFsnggy1he4ryh7je0j343c64whdw.jpg,
https://wx2.sinaimg.cn/large/005NekE1gy1hm8lchk6f8j31t02987wh.jpg,
https://wx2.sinaimg.cn/large/005NekE1gy1hm8lciaqlfj31t0298qv5.jpg,
https://wx2.sinaimg.cn/large/005u6WWTly1honvhkzcvbj30xc0o8tex.jpg,
https://wx2.sinaimg.cn/large/00610zedgy1hliu9gd7faj31u42ngb2a.jpg,
https://wx2.sinaimg.cn/large/00610zedgy1hliu9v02hzj33bz23bhdu.jpg,
https://wx2.sinaimg.cn/large/006187zHly1hn0xgn4p4qj323u35skjn.jpg,
https://wx2.sinaimg.cn/large/006187zHly1hn0xgykpezj36dc48wu14.jpg,
https://wx2.sinaimg.cn/large/006187zHly1hn0xhy0oymj348w6dche0.jpg,
https://wx2.sinaimg.cn/large/006pPEeXgy1hke1kwt0gjj30hs0p2771.jpg,
https://wx2.sinaimg.cn/large/006pPEeXgy1hke1kwtbkcj30hs0pimzo.jpg,
https://wx2.sinaimg.cn/large/006pPEeXgy1hke1kwvh6rj30hs0ozn0e.jpg,
https://wx2.sinaimg.cn/large/006pPEeXgy1hke1kx1c3cj30dw0je7o8.jpg,
https://wx2.sinaimg.cn/large/006pPEeXgy1hke1kx1mfrj30dw0jetti.jpg,
https://wx2.sinaimg.cn/large/006pPEeXgy1hke1kx8tetj30hs0p376q.jpg,
https://wx2.sinaimg.cn/large/006pPEeXgy1hke1kxhi41j30hs0p5q6d.jpg,
https://wx2.sinaimg.cn/large/006pPEeXgy1hkrydziqevj30wr1qvhbm.jpg,
https://wx2.sinaimg.cn/large/006pPEeXgy1hl0eusvha1j30to0gmh21.jpg,
https://wx2.sinaimg.cn/large/006pPEeXgy1hl0evqkzgqj31jk10z7wh.jpg,
https://wx2.sinaimg.cn/large/006pPEeXgy1hnbhpj7wblj32bc1mcgq7.jpg,
https://wx2.sinaimg.cn/large/006pPEeXgy1hncy8th3d3j30wi1yckjl.jpg,
https://wx2.sinaimg.cn/large/006pPEeXgy1hncy8tr6h0j30wi1ycqv5.jpg,
https://wx2.sinaimg.cn/large/006pPEeXgy1hoskut7s92j30xc0xcwlo.jpg,
https://wx2.sinaimg.cn/large/006pPEeXgy1hoskzwutfyj30q00sf0xc.jpg,
https://wx2.sinaimg.cn/large/006pPEeXgy1hp20q8czsnj335s35sb29.jpg,
https://wx2.sinaimg.cn/large/006pPEeXgy1hp20q8drloj335s35s4qp.jpg,
https://wx2.sinaimg.cn/large/006pPEeXgy1hp20q8etqyj335s35s1kx.jpg,
https://wx2.sinaimg.cn/large/006pPEeXgy1hp20q8hjtzj335s35s7wh.jpg,
https://wx2.sinaimg.cn/large/006pPEeXly1hkvzwlrfvnj31400u0aic.jpg,
https://wx2.sinaimg.cn/large/006pPEeXly1hkvzwq9khsj31400u0498.jpg,
https://wx2.sinaimg.cn/large/006pPEeXly1hkvzwsgx9sj30u0140n5w.jpg,
https://wx2.sinaimg.cn/large/006pPEeXly1hkwj97xwe3j31400u07gw.jpg,
https://wx2.sinaimg.cn/large/00703nXLgy1hj6eby8a5mj34mo334npj.jpg,
https://wx2.sinaimg.cn/large/00703nXLgy1hj6ec6d8mzj33344mokjr.jpg,
https://wx2.sinaimg.cn/large/00703nXLgy1hj6ecnxkojj33344moqva.jpg,
https://wx2.sinaimg.cn/large/00703nXLly1hgrsdzvpypj35eo3lsx70.jpg,
https://wx2.sinaimg.cn/large/00703nXLly1hgrsfkxl05j35eo3lse87.jpg,
https://wx2.sinaimg.cn/large/008AJF9Uly1hi1vj0nm25j30nm0fqabw.jpg,
https://wx2.sinaimg.cn/large/008AJF9Uly1hi1vj78xjuj30nm0fqq59.jpg,
https://wx2.sinaimg.cn/large/008AJF9Uly1hi1vj86ua7j30nm0fq401.jpg,
https://wx2.sinaimg.cn/large/008lgPsGgy1hj7dg6awlkg30jg0l0x72.gif,
https://wx2.sinaimg.cn/large/008lgPsGgy1hj7dgbq3t4j30p02se1jw.jpg,
https://wx2.sinaimg.cn/large/008lgPsGgy1hj7dgqx8xsj33341wa7wj.jpg,
https://wx2.sinaimg.cn/large/008lgPsGgy1hj7dgr9826j333420sb2b.jpg,
https://wx2.sinaimg.cn/large/008lgPsGgy1hj7dgrsyohj3334223kjn.jpg,
https://wx2.sinaimg.cn/large/5dad5135ly1hj44xf7ycxj21nv2dr1ky.jpg,
https://wx2.sinaimg.cn/large/5dad5135ly1hj44xyaj21j21sc2dsb2b.jpg,
https://wx2.sinaimg.cn/large/5dad5135ly1hj44y2rbq8j22432xaqv6.jpg,
https://wx2.sinaimg.cn/large/6337367dly1hpblqj0e68j23402c0u0y.jpg,
https://wx2.sinaimg.cn/large/66008f64ly1hjdbvtcplbj22kl3uwu10.jpg,
https://wx2.sinaimg.cn/large/66008f64ly1hjdbwpx2nvj22kl3uwqv7.jpg,
https://wx2.sinaimg.cn/large/66008f64ly1hjdbwugaw1j22kl3uw7wl.jpg,
https://wx2.sinaimg.cn/large/66008f64ly1hjdbxjucq4j22kl3uwhdw.jpg,
https://wx2.sinaimg.cn/large/66008f64ly1hjdbxo25r5j22kl3uwnpg.jpg,
https://wx2.sinaimg.cn/large/6e7ad70fgy1hs1iyaw65xj20xc175qv5.jpg,
https://wx2.sinaimg.cn/large/6e7ad70fgy1hs1iyee0rej22a22a1b2a.jpg,
https://wx2.sinaimg.cn/large/6e7ad70fly1hjd5xqci28j22de3k0hdu.jpg,
https://wx2.sinaimg.cn/large/6e7ad70fly1hjd5xy07o5j22de3k0hdu.jpg,
https://wx2.sinaimg.cn/large/6e7ad70fly1hjd5y27seoj22de3mpqv6.jpg,
https://wx2.sinaimg.cn/large/6e7ad70fly1hjwtqtu15vj22xu4eokjq.jpg,
https://wx2.sinaimg.cn/large/6e7ad70fly1hjwtqxuwlxj22qa43cu11.jpg,
https://wx2.sinaimg.cn/large/6e7ad70fly1hjwtr49dnuj22xu4eox6s.jpg,
https://wx2.sinaimg.cn/large/6e7ad70fly1hjwtrm37c4j22xu4eo4qu.jpg,
https://wx2.sinaimg.cn/large/6e7ad70fly1hkneam2ej3j23b04eo4qu.jpg,
https://wx2.sinaimg.cn/large/6e7ad70fly1hknec3f1fmj22db35s1l2.jpg,
https://wx2.sinaimg.cn/large/6f5f4997gy1hkp3y9xargj22je3uwx6u.jpg,
https://wx2.sinaimg.cn/large/6f5f4997gy1hkp3zjo5isj23uw2kl4qv.jpg,
https://wx2.sinaimg.cn/large/6f5f4997gy1hkp3zuluoxj22kl3uw7wu.jpg,
https://wx2.sinaimg.cn/large/6f5f4997gy1hkpopdjjnxj21yo2xtqv6.jpg,
https://wx2.sinaimg.cn/large/6f5f4997gy1hs9jhym50dj21k0340kjm.jpg,
https://wx2.sinaimg.cn/large/6f5f4997gy1hs9ji65hzsj21k0340kjl.jpg,
https://wx2.sinaimg.cn/large/6f5f4997gy1hs9ji8dh2kj22mx3uwe85.jpg,
https://wx2.sinaimg.cn/large/70745653ly1hnkxz3fnt5j21hc468kaj.jpg,
https://wx2.sinaimg.cn/large/70745653ly1hnkxz6tsenj21hc8ciu0y.jpg,
https://wx2.sinaimg.cn/large/70745653ly1hnkxz76ewsj21hc7ignpe.jpg,
https://wx2.sinaimg.cn/large/70745653ly1hnkxz7qubgj21hc5uc4qq.jpg,
https://wx2.sinaimg.cn/large/70745653ly1hnkxzbp07jj21hc96k7wj.jpg,
https://wx2.sinaimg.cn/large/70745653ly1hnkxzbqllyj21hc8cinpf.jpg,
https://wx2.sinaimg.cn/large/70745653ly1hofv44h5jij20n33f17k5.jpg,
https://wx2.sinaimg.cn/large/7085cb1aly1hj55y78damj2334445u11.jpg,
https://wx2.sinaimg.cn/large/7085cb1aly1hj55ybtlwej2334445e87.jpg,
https://wx2.sinaimg.cn/large/7085cb1aly1hj55yjk7uij22nd3j5kjo.jpg,
https://wx2.sinaimg.cn/large/7085cb1aly1hj55z0n7wjj24mo3h0npp.jpg,
https://wx2.sinaimg.cn/large/7085cb1aly1hj5602vvukj2334445hdy.jpg,
https://wx2.sinaimg.cn/large/72e05ae2ly1hou2ho8uj9j22c02c07wi.jpg,
https://wx2.sinaimg.cn/large/72e05ae2ly1hou2i16u77j235s23ue83.jpg,
https://wx2.sinaimg.cn/large/72e05ae2ly1hou2i8poffj23344monpl.jpg,
https://wx2.sinaimg.cn/large/72e05ae2ly1hou2loozd1j223u35sqv6.jpg,
https://wx2.sinaimg.cn/large/82155b9egy1hj0uvexgpbj20uk178wts.jpg,
https://wx2.sinaimg.cn/large/82e17444ly1hjtm7dv4swj22cv2de7j5.jpg,
https://wx2.sinaimg.cn/large/86011d6cgy1h9d4cftze4j20xc3p7e82.jpg,
https://wx2.sinaimg.cn/large/86011d6cgy1h9d4detpmqj20uk5d6x6q.jpg,
https://wx2.sinaimg.cn/large/86011d6cgy1hizi0dglqqj25eo3ls1l3.jpg,
https://wx2.sinaimg.cn/large/86011d6cgy1hizofqinlsj25eo31i4qw.jpg,
https://wx2.sinaimg.cn/large/86011d6cgy1hizog1pleaj23ls5eokjq.jpg,
https://wx2.sinaimg.cn/large/86011d6cgy1hizogn9moyj268n3idb2g.jpg,
https://wx2.sinaimg.cn/large/86011d6cgy1hizomt8krnj25eo3lsqvd.jpg,
https://wx2.sinaimg.cn/large/86011d6cgy1hizp52z6vhj264j3g2b2g.jpg,
https://wx2.sinaimg.cn/large/86011d6cgy1hizp58ljzoj25eo3ls4qv.jpg,
https://wx2.sinaimg.cn/large/86011d6cgy1hjulnd8wytj22c0340u0y.jpg,
https://wx2.sinaimg.cn/large/86011d6cgy1hjv3ch65jwj22c03407wh.jpg,
https://wx2.sinaimg.cn/large/86011d6cgy1hk2u3kfrw8j21o0280e82.jpg,
https://wx2.sinaimg.cn/large/86011d6cgy1hkcdpjz5p4j21o0280x6p.jpg,
https://wx2.sinaimg.cn/large/86011d6cgy1hkcdpnrxcoj21o0280npd.jpg,
https://wx2.sinaimg.cn/large/86011d6cgy1hkrfdt73vqj20j60nnn1m.jpg,
https://wx2.sinaimg.cn/large/86011d6cgy1hle6quq7qnj22c0340u0y.jpg,
https://wx2.sinaimg.cn/large/86011d6cgy1hle6qywpdnj22c0340e83.jpg,
https://wx2.sinaimg.cn/large/86011d6cgy1hle6r52hoej22c03401kz.jpg,
https://wx2.sinaimg.cn/large/86011d6cgy1hle6r729ryj21h51yuqv5.jpg,
https://wx2.sinaimg.cn/large/86011d6cgy1hleb0us0oqj21o0280b2a.jpg,
https://wx2.sinaimg.cn/large/86011d6cgy1hlrvb8old0j21sg2dx4qq.jpg,
https://wx2.sinaimg.cn/large/86011d6cgy1hlz5dv2wwgj21o0280u0x.jpg,
https://wx2.sinaimg.cn/large/86011d6cgy1hlz5e1mn0yj21cy1t9npd.jpg,
https://wx2.sinaimg.cn/large/86011d6cgy1hlz5e2xg7aj21c01s0x6p.jpg,
https://wx2.sinaimg.cn/large/86011d6cgy1hmigyckawpj235r4qnqvb.jpg,
https://wx2.sinaimg.cn/large/86011d6cgy1hmigyo2t9vj235r4qnnpk.jpg,
https://wx2.sinaimg.cn/large/86011d6cgy1hn05mmvnmcj22c0340kjn.jpg,
https://wx2.sinaimg.cn/large/86011d6cgy1hnanzwtm5xj22c0340npe.jpg,
https://wx2.sinaimg.cn/large/86011d6cgy1hnao0dvym1j22c0340hdu.jpg,
https://wx2.sinaimg.cn/large/86011d6cgy1hnao0jq8ntj22c0340hdu.jpg,
https://wx2.sinaimg.cn/large/86011d6cgy1hnao0sc505j22c03401ky.jpg,
https://wx2.sinaimg.cn/large/86011d6cgy1hnneqlk3goj25eo3lshe7.jpg,
https://wx2.sinaimg.cn/large/86011d6cgy1hnneqx7uyhj235r4qnu13.jpg,
https://wx2.sinaimg.cn/large/86011d6cgy1hnnes2nrlwj23ls5eo1lb.jpg,
https://wx2.sinaimg.cn/large/86011d6cgy1hnnesue50oj26dl3l5u1a.jpg,
https://wx2.sinaimg.cn/large/86011d6cgy1hnnet8remoj23ls5eo7ww.jpg,
https://wx2.sinaimg.cn/large/86011d6cgy1ho2f2iisvlj21o02yox6q.jpg,
https://wx2.sinaimg.cn/large/86011d6cgy1ho2f2mwdaqj21o02yoe83.jpg,
https://wx2.sinaimg.cn/large/86011d6cgy1hofpez7fe9j20u01hcdrs.jpg,
https://wx2.sinaimg.cn/large/86011d6cgy1hofpezzek3j20wf16t4dj.jpg,
https://wx2.sinaimg.cn/large/86011d6cgy1hogask66k8j20wr1z0gt5.jpg,
https://wx2.sinaimg.cn/large/86011d6cgy1howemqy3g6j22c0340x6r.jpg,
https://wx2.sinaimg.cn/large/86011d6cgy1hs5nr98cs8j23344mo4qr.jpg,
https://wx2.sinaimg.cn/large/86011d6cgy1hs5nre4qf3j23a24dfnpe.jpg,
https://wx2.sinaimg.cn/large/86011d6cgy1hs73amj7xpj26623gxkjv.jpg,
https://wx2.sinaimg.cn/large/86011d6cgy1hs9qqgs2rzj22c03404qq.jpg,
https://wx2.sinaimg.cn/large/86011d6cgy1hs9qqi9dfnj22yo3y81ky.jpg,
https://wx2.sinaimg.cn/large/86011d6cgy1hsn6m7si9nj22c03404qr.jpg,
https://wx2.sinaimg.cn/large/86011d6cgy1hsujzxk7voj24mo3341l0.jpg,
https://wx2.sinaimg.cn/large/86011d6cgy1htdxzlejffj21kg23a1kx.jpg,
https://wx2.sinaimg.cn/large/86011d6cgy1hublzqy80qj22kl3uwu10.jpg,
https://wx2.sinaimg.cn/large/86011d6cgy1hublzstebqj22kl3uwnph.jpg,
https://wx2.sinaimg.cn/large/86011d6cgy1hublzz3bayj23uw2klhdx.jpg,
https://wx2.sinaimg.cn/large/86011d6cgy1hubm03dupxj23uw2klhdx.jpg,
https://wx2.sinaimg.cn/large/86011d6cgy1hubm05bhdmj22kl3uw1l1.jpg,
https://wx2.sinaimg.cn/large/86011d6cly1hjgu2tx7t8j21f21u0kjl.jpg,
https://wx2.sinaimg.cn/large/86011d6cly1hjz9k21pc4j20r5107nea.jpg,
https://wx2.sinaimg.cn/large/86011d6cly1hjz9kjdranj20rx119nh2.jpg,
https://wx2.sinaimg.cn/large/86011d6cly1hm7b2pl5w1j21o0280kjl.jpg,
https://wx2.sinaimg.cn/large/86011d6cly1hpb172neiij21o0280qv5.jpg,
https://wx2.sinaimg.cn/large/99cda0efly1hoex0lro3vj20jp0jp43t.jpg,
https://wx2.sinaimg.cn/large/99cda0efly1hoex0mrd48j20jp0jp0xv.jpg,
https://wx2.sinaimg.cn/large/99cda0efly1hoex0sbz9ej21d974qb2a.jpg,
https://wx2.sinaimg.cn/large/9fef4eebly1hjtpg78g3uj20q30q3tes.jpg,
https://wx2.sinaimg.cn/large/9fef4eebly1hjtpg7j649j20qn0qndmg.jpg,
https://wx2.sinaimg.cn/large/a2904053gy1hll40mroc0j25on3crb2h.jpg,
https://wx2.sinaimg.cn/large/a2904053gy1hll40uunesj23ls5eob2h.jpg,
https://wx2.sinaimg.cn/large/a2904053gy1hll4117xftj25eo3lse89.jpg,
https://wx2.sinaimg.cn/large/a2904053gy1hll41ftvv2j23ls5eoe87.jpg,
https://wx2.sinaimg.cn/large/a2904053gy1hll41onwpgj23ls5eo7wn.jpg,
https://wx2.sinaimg.cn/large/a2904053gy1hll41t3yhtj23ls5eo7wm.jpg,
https://wx2.sinaimg.cn/large/a4278673ly1hm4zb281xcj20ud0ud7a9.jpg,
https://wx2.sinaimg.cn/large/a4278673ly1hm4zb2j6k0j20wi0wiait.jpg,
https://wx2.sinaimg.cn/large/a4278673ly1hm4zb3879tj20sg0sgn3g.jpg,
https://wx2.sinaimg.cn/large/a4278673ly1hm4zb8bohfj20qs0qsgpe.jpg,
https://wx2.sinaimg.cn/large/a66d0169ly8hl18iahlrgj22p81stnpd.jpg,
https://wx2.sinaimg.cn/large/a66d0169ly8hl18icntajj22p81st7wi.jpg,
https://wx2.sinaimg.cn/large/a66d0169ly8hl18ih8y67j22p81stkjm.jpg,
https://wx2.sinaimg.cn/large/a760c6a9gy1hj4318cxd4j23k02elb2d.jpg,
https://wx2.sinaimg.cn/large/c0448018ly1hm6sigl2fuj20j60k1jug.jpg,
https://wx2.sinaimg.cn/large/c0448018ly1hm6sigp3m7j21420u0wr0.jpg,
https://wx2.sinaimg.cn/large/c0448018ly1hte22eyuwoj20u00u0wix.jpg,
https://wx2.sinaimg.cn/large/c0448018ly1hte22hgpfij20u00u0jwu.jpg,
https://wx2.sinaimg.cn/large/c0448018ly1hte22imty5j20u00u0n1c.jpg,
https://wx2.sinaimg.cn/orj480/002TLsr9ly1hj9kqto7k2j61gx0ts7me02.jpg,
https://wx2.sinaimg.cn/orj480/86011d6cgy1h326qzi9uoj21hc0u0qfp.jpg,
https://wx2.sinaimg.cn/orj480/86011d6cgy1hk6h0j9v0ij22yo1o0u0x.jpg,
https://wx2.sinaimg.cn/orj480/86011d6cgy1hkj2w98xxyj20u01414cw.jpg,
https://wx2.sinaimg.cn/orj480/86011d6cgy1hkllqa1yzsj20u01hce20.jpg,
https://wx2.sinaimg.cn/orj480/86011d6cgy1hndz1pl61jj21hc0u0tlb.jpg,
https://wx2.sinaimg.cn/orj480/86011d6cgy1hsdzmyk7ehj20om0wu7du.jpg,
https://wx2.sinaimg.cn/orj480/86011d6cgy1hsgm43gh5qj20u01hc4de.jpg,
https://wx2.sinaimg.cn/orj480/86011d6cly1hjwx40swn0j20u0140k6o.jpg,
https://wx2.sinaimg.cn/orj480/8805e11aly1hjmnu5b1whj235s1s0e81.jpg,
https://wx2.sinaimg.cn/orj480/97c80decgy1hk9ttocff2j21o0281hdt.jpg,
https://wx2.sinaimg.cn/orj480/e1ddbe7cly1hj2xlb9n1bj21o02817wh.jpg,
https://wx3.sinaimg.cn/large/0023tf8ygy1hj7p4erwaxj618w12wwx802.jpg,
https://wx3.sinaimg.cn/large/0023tf8ygy1hj7p4gdsxej611c1loauz02.jpg,
https://wx3.sinaimg.cn/large/0023tf8ygy1hj7p4lqgiqj60fu1bwgtx02.jpg,
https://wx3.sinaimg.cn/large/0023tf8ygy1hj7p4ujq40j60jr12l0x202.jpg,
https://wx3.sinaimg.cn/large/0023tf8ygy1hj7p52plpnj60p00xctgb02.jpg,
https://wx3.sinaimg.cn/large/0023tf8ygy1hj7p52zgnpj61cq0yhnjn02.jpg,
https://wx3.sinaimg.cn/large/0023tf8yly1hlnjmqsw00j61jk223dno02.jpg,
https://wx3.sinaimg.cn/large/0023tf8yly1hlnjmr7a6yj60oe0xcn6v02.jpg,
https://wx3.sinaimg.cn/large/0023tf8yly1hlnjmsqyq4j60vm1dg13y02.jpg,
https://wx3.sinaimg.cn/large/0042pNOZgy1hog868irgoj60u00h6mz702.jpg,
https://wx3.sinaimg.cn/large/0042pNOZgy1hog86brchgj62c03404qs02.jpg,
https://wx3.sinaimg.cn/large/0042pNOZgy1hog86hxkqfj62c0340kjn02.jpg,
https://wx3.sinaimg.cn/large/005BdOCWgy1hjohq3v68fj30q41kwtsz.jpg,
https://wx3.sinaimg.cn/large/005JFsnggy1he4rmbarxrj363344znpg.jpg,
https://wx3.sinaimg.cn/large/005JFsnggy1he4rr1380jj364w43cqv6.jpg,
https://wx3.sinaimg.cn/large/005JFsnggy1he4rsn1fjaj337k253npg.jpg,
https://wx3.sinaimg.cn/large/005JFsnggy1he4rvri0kwj32ns3zknpd.jpg,
https://wx3.sinaimg.cn/large/005JFsnggy1he4rxjzscoj325337k1l0.jpg,
https://wx3.sinaimg.cn/large/005JFsnggy1he4rzvcw99j342861ihdu.jpg,
https://wx3.sinaimg.cn/large/005JFsnggy1he4s0cmdloj360w3ufx6s.jpg,
https://wx3.sinaimg.cn/large/005NekE1gy1hm8lciw9y1j31t02984qp.jpg,
https://wx3.sinaimg.cn/large/005NekE1gy1hm8lcknz0uj31t0298hdt.jpg,
https://wx3.sinaimg.cn/large/005NekE1gy1hm8lcla97uj31t0298qv5.jpg,
https://wx3.sinaimg.cn/large/005NekE1gy1hm8lclsk97j31t02981kx.jpg,
https://wx3.sinaimg.cn/large/005NekE1gy1hm8lcqm5klj31t0298x6p.jpg,
https://wx3.sinaimg.cn/large/00610zedgy1hliu5svlv3j32803c07wi.jpg,
https://wx3.sinaimg.cn/large/00610zedgy1hliu9cmqh0j327739ikjn.jpg,
https://wx3.sinaimg.cn/large/006187zHly1hn0xgakv8nj348w6dc7wn.jpg,
https://wx3.sinaimg.cn/large/006187zHly1hn0xgss9v7j348w6dc1l5.jpg,
https://wx3.sinaimg.cn/large/006187zHly1hn0xh4p2gij36dc48wb2i.jpg,
https://wx3.sinaimg.cn/large/006187zHly1hn0xhimbehj348w6dcb2i.jpg,
https://wx3.sinaimg.cn/large/006187zHly1hn0xhqwpq9j348w6dckjt.jpg,
https://wx3.sinaimg.cn/large/006187zHly1hn0xi4h871j36dc48w4qw.jpg,
https://wx3.sinaimg.cn/large/006pPEeXgy1hke1kwtd1bj30hs0p376o.jpg,
https://wx3.sinaimg.cn/large/006pPEeXgy1hke1kwzdubj30dw0jenar.jpg,
https://wx3.sinaimg.cn/large/006pPEeXgy1hl0eusj19yj30rs0fnwfu.jpg,
https://wx3.sinaimg.cn/large/006pPEeXgy1hl0eusuen2j31jk10zqus.jpg,
https://wx3.sinaimg.cn/large/006pPEeXgy1hnblp1kbgqj30c30c3dlm.jpg,
https://wx3.sinaimg.cn/large/006pPEeXgy1hnbr6wd4rrj31dl0zb4bg.jpg,
https://wx3.sinaimg.cn/large/006pPEeXgy1hncy8t8jdkj30sg10unpd.jpg,
https://wx3.sinaimg.cn/large/006pPEeXgy1hncy8ta681j30wi1ycb29.jpg,
https://wx3.sinaimg.cn/large/006pPEeXgy1hncybrum86j30wr1z0k2y.jpg,
https://wx3.sinaimg.cn/large/006pPEeXgy1hp20q7eghvj30u10u178l.jpg,
https://wx3.sinaimg.cn/large/006pPEeXgy1hp20q8iwu0j335s35s7wh.jpg,
https://wx3.sinaimg.cn/large/006pPEeXgy1hp29writvyj335s35s1kx.jpg,
https://wx3.sinaimg.cn/large/006pPEeXly1hkvzw4z1wvj30u0140thv.jpg,
https://wx3.sinaimg.cn/large/006pPEeXly1hkvzwc47qhj30u014015u.jpg,
https://wx3.sinaimg.cn/large/006pPEeXly1hkvzwmqxmjj30u012078i.jpg,
https://wx3.sinaimg.cn/large/00703nXLgy1hj6ec181ruj34mo334e87.jpg,
https://wx3.sinaimg.cn/large/00703nXLgy1hj6ec8md8tj32yy4gee86.jpg,
https://wx3.sinaimg.cn/large/00703nXLgy1hj6eccrfufj34mo334npj.jpg,
https://wx3.sinaimg.cn/large/00703nXLly1hgrsdatyzfj35eo3lsnpl.jpg,
https://wx3.sinaimg.cn/large/00703nXLly1hgrsej3efcj33ls5eo7wq.jpg,
https://wx3.sinaimg.cn/large/00703nXLly1hgrsfaxh4dj33ls5eoe88.jpg,
https://wx3.sinaimg.cn/large/00703nXLly1hgrsfq1z5sj35eo3lsb2h.jpg,
https://wx3.sinaimg.cn/large/00703nXLly1hgrsfwl2sfj35eo3lse8c.jpg,
https://wx3.sinaimg.cn/large/00703nXLly1hgrsg75he4j355b3fk4qy.jpg,
https://wx3.sinaimg.cn/large/0071UUMpgy1hogfaybcsxj31ac1ucttv.jpg,
https://wx3.sinaimg.cn/large/008AJF9Uly1hi1viy4duaj30nm0fq76a.jpg,
https://wx3.sinaimg.cn/large/008AJF9Uly1hi1vj0bvlfj30nm0fq0vj.jpg,
https://wx3.sinaimg.cn/large/008AJF9Uly1hi1vj1bwt0j30nm0fqwgw.jpg,
https://wx3.sinaimg.cn/large/008AJF9Uly1hi1vj1neoij30nm0fqq5s.jpg,
https://wx3.sinaimg.cn/large/008AJF9Uly1hi1vj7x591j30nm0fqjtf.jpg,
https://wx3.sinaimg.cn/large/008lgPsGgy1hj7dg4roulg30jg0jg4r1.gif,
https://wx3.sinaimg.cn/large/008lgPsGgy1hj7dgiukhij30p08n4e83.jpg,
https://wx3.sinaimg.cn/large/008pYzYYly1hmebjszjxlj30u017uwm1.jpg,
https://wx3.sinaimg.cn/large/008pYzYYly1hmebjtfoqej30u00u0gs2.jpg,
https://wx3.sinaimg.cn/large/008pYzYYly1hmebjty7h9j31400u0qdx.jpg,
https://wx3.sinaimg.cn/large/008pYzYYly1hmebjvfbfsj30u014yjyk.jpg,
https://wx3.sinaimg.cn/large/66008f64ly1hjdbwfs2tkj23uw2kle85.jpg,
https://wx3.sinaimg.cn/large/66008f64ly1hjdbx9nbaaj22kl3uwkjp.jpg,
https://wx3.sinaimg.cn/large/69e6d677ly1hj6en8dyphj22c0340u0y.jpg,
https://wx3.sinaimg.cn/large/6dd57c31gy1hkfnl9gybrj21t92pw4qr.jpg,
https://wx3.sinaimg.cn/large/6dd57c31gy1hkfnlge8m0j22c03401l0.jpg,
https://wx3.sinaimg.cn/large/6e7ad70fgy1hs1iy73vbsj20xc18p1kx.jpg,
https://wx3.sinaimg.cn/large/6e7ad70fgy1hs1iydndhjj22a02a1npe.jpg,
https://wx3.sinaimg.cn/large/6e7ad70fgy1hs1iydo5nmj22a22a1npe.jpg,
https://wx3.sinaimg.cn/large/6e7ad70fly1hjd5xwaxjkj22de3k0u0y.jpg,
https://wx3.sinaimg.cn/large/6e7ad70fly1hjwtr9e95zj22xu4eox6u.jpg,
https://wx3.sinaimg.cn/large/6e7ad70fly1hjwtrgfh88j22xu4eob2d.jpg,
https://wx3.sinaimg.cn/large/6f5f4997gy1hkp4056tsdj22kl3uwqva.jpg,
https://wx3.sinaimg.cn/large/6f5f4997gy1hkp40nfnfaj22kl3uwb2e.jpg,
https://wx3.sinaimg.cn/large/6f5f4997gy1hkp410jfxbj23uw2klqvd.jpg,
https://wx3.sinaimg.cn/large/6f5f4997gy1hs9jhzv8hdj21k0340e81.jpg,
https://wx3.sinaimg.cn/large/6f5f4997gy1hs9ji1dm9aj21k0340hdu.jpg,
https://wx3.sinaimg.cn/large/6f5f4997gy1hs9ji31hvkj21k0340e82.jpg,
https://wx3.sinaimg.cn/large/6f5f4997gy1hs9ji4ijfwj21k0340qv6.jpg,
https://wx3.sinaimg.cn/large/6f5f4997gy1hs9ji5ee1wj2200400x6p.jpg,
https://wx3.sinaimg.cn/large/70745653ly1hnkxz3yrmvj21hc468b29.jpg,
https://wx3.sinaimg.cn/large/70745653ly1hnkxzc6wvyj21hc8ci4qs.jpg,
https://wx3.sinaimg.cn/large/70745653ly1hnkxzd8regj21hca0mkjo.jpg,
https://wx3.sinaimg.cn/large/70745653ly1hnkxzddldfj21hcauox6s.jpg,
https://wx3.sinaimg.cn/large/70745653ly1hofv44fxodj21i60zo7wh.jpg,
https://wx3.sinaimg.cn/large/70745653ly1hofv44gwwbj21h111iu0x.jpg,
https://wx3.sinaimg.cn/large/70745653ly1hofv4irnatj20xc0tk1kx.jpg,
https://wx3.sinaimg.cn/large/70745653ly1hofv6wdh3jj219t1ejaxn.jpg,
https://wx3.sinaimg.cn/large/7085cb1aly1hj55y2x47vj23344464qt.jpg,
https://wx3.sinaimg.cn/large/7085cb1aly1hj55yo7xh6j230840bu12.jpg,
https://wx3.sinaimg.cn/large/82155b9egy1hj0uvf8ojbj21291i2e82.jpg,
https://wx3.sinaimg.cn/large/82155b9egy1huerp5ewa4j20x61draz4.jpg,
https://wx3.sinaimg.cn/large/82e17444ly1hjtqqud289j22cv2detrw.jpg,
https://wx3.sinaimg.cn/large/86011d6cgy1h9d4cioorfj20xc3p7u0y.jpg,
https://wx3.sinaimg.cn/large/86011d6cgy1h9d4cm63mnj20xc3p7x6q.jpg,
https://wx3.sinaimg.cn/large/86011d6cgy1hizofetihej25eo3ls1l3.jpg,
https://wx3.sinaimg.cn/large/86011d6cgy1hjulnb9c3uj20wk100afo.jpg,
https://wx3.sinaimg.cn/large/86011d6cgy1hk1xnrqx2kj20iy0iywg2.jpg,
https://wx3.sinaimg.cn/large/86011d6cgy1hkcdqa3l9wj21o02yox6p.jpg,
https://wx3.sinaimg.cn/large/86011d6cgy1hkcdqdpqurj21o0280x6p.jpg,
https://wx3.sinaimg.cn/large/86011d6cgy1hkcdqiggwsj22c0340b2a.jpg,
https://wx3.sinaimg.cn/large/86011d6cgy1hle6qmgocqj21o0280u0x.jpg,
https://wx3.sinaimg.cn/large/86011d6cgy1hle6r0a4ckj21o0280qv5.jpg,
https://wx3.sinaimg.cn/large/86011d6cgy1hle6r25s5pj21o0280x6p.jpg,
https://wx3.sinaimg.cn/large/86011d6cgy1hlnj25gdqgj22c0340npf.jpg,
https://wx3.sinaimg.cn/large/86011d6cgy1hlz5evhhhoj20u0140kba.jpg,
https://wx3.sinaimg.cn/large/86011d6cgy1hmigys78xlj235r4qn7wo.jpg,
https://wx3.sinaimg.cn/large/86011d6cgy1hmigz65kr6j235r4qnqvc.jpg,
https://wx3.sinaimg.cn/large/86011d6cgy1hmigz9h6b6j235r4qne86.jpg,
https://wx3.sinaimg.cn/large/86011d6cgy1hnao09iqeej22c0340qv7.jpg,
https://wx3.sinaimg.cn/large/86011d6cgy1hnao0nfwjgj22c0340e82.jpg,
https://wx3.sinaimg.cn/large/86011d6cgy1hnao10kgpwj22c0340e82.jpg,
https://wx3.sinaimg.cn/large/86011d6cgy1hncz1n7n1nj20u01407hw.jpg,
https://wx3.sinaimg.cn/large/86011d6cgy1hnnesi0avvj23ls5eohe5.jpg,
https://wx3.sinaimg.cn/large/86011d6cgy1ho2f2ug29dj21o02you0y.jpg,
https://wx3.sinaimg.cn/large/86011d6cgy1ho2f2vbnvlj21401401az.jpg,
https://wx3.sinaimg.cn/large/86011d6cgy1hogash563sj230z29qx6q.jpg,
https://wx3.sinaimg.cn/large/86011d6cgy1houu61yvlbj21331cv1dm.jpg,
https://wx3.sinaimg.cn/large/86011d6cgy1howen2em4lj22c0340e83.jpg,
https://wx3.sinaimg.cn/large/86011d6cgy1hs5nrd3pomj23344monpf.jpg,
https://wx3.sinaimg.cn/large/86011d6cgy1hs73at1pk5j25bb2zn7wr.jpg,
https://wx3.sinaimg.cn/large/86011d6cgy1hs73bd4sobj25mn35z1l3.jpg,
https://wx3.sinaimg.cn/large/86011d6cgy1hs73bgtj41j25eo3lse88.jpg,
https://wx3.sinaimg.cn/large/86011d6cgy1hs9qqjuxifj21wr2jo7wi.jpg,
https://wx3.sinaimg.cn/large/86011d6cgy1hsn6mc0gimj228q2zmkjm.jpg,
https://wx3.sinaimg.cn/large/86011d6cgy1hsn6mf1uldj22c03404qr.jpg,
https://wx3.sinaimg.cn/large/86011d6cgy1hsuk0dwhqej23344mo4qs.jpg,
https://wx3.sinaimg.cn/large/86011d6cgy1hsuk0iee5oj24mo334hdw.jpg,
https://wx3.sinaimg.cn/large/86011d6cgy1htdxzbebwaj22yo3y8qv6.jpg,
https://wx3.sinaimg.cn/large/86011d6cgy1htdxzk1rvij21o02807wh.jpg,
https://wx3.sinaimg.cn/large/86011d6cgy1htdxzmxr0ij21iv24eb29.jpg,
https://wx3.sinaimg.cn/large/86011d6cly1hjz9iid990j22c0340npf.jpg,
https://wx3.sinaimg.cn/large/86011d6cly1hjz9jv8eprj22c0340kjn.jpg,
https://wx3.sinaimg.cn/large/86011d6cly1hm7b2u6pj0j21o0280x6p.jpg,
https://wx3.sinaimg.cn/large/86011d6cly1hpb16zxns6j21o0280qv5.jpg,
https://wx3.sinaimg.cn/large/99cda0efly1hoex0ljkw9j20jp0jpdkd.jpg,
https://wx3.sinaimg.cn/large/99cda0efly1hoex0qqgkzj21d9a12hdv.jpg,
https://wx3.sinaimg.cn/large/a2904053gy1hlkycm157pj23ls5eohe0.jpg,
https://wx3.sinaimg.cn/large/a2904053gy1hll420yntwj22dc3k0b2a.jpg,
https://wx3.sinaimg.cn/large/a4278673ly1hm4zb1t424j20yg0ygqai.jpg,
https://wx3.sinaimg.cn/large/a4278673ly1hm4zb57je2j20go0godj4.jpg,
https://wx3.sinaimg.cn/large/a4278673ly1hm4zbijehfj20uf0ufwj0.jpg,
https://wx3.sinaimg.cn/large/a4278673ly1hm4zbp9knuj20wr0wrwjs.jpg,
https://wx3.sinaimg.cn/large/a66d0169ly8hl18idykh3j22p81sthdu.jpg,
https://wx3.sinaimg.cn/large/a760c6a9gy1hj431m2u78j22dc3k0e85.jpg,
https://wx3.sinaimg.cn/large/a760c6a9gy1hj431nig82j21wo35s7wi.jpg,
https://wx3.sinaimg.cn/large/a760c6a9gy1hj431ylltwj22dc3k0qv8.jpg,
https://wx3.sinaimg.cn/large/a760c6a9gy1hj431zjkznj20sg3k0u0u.jpg,
https://wx3.sinaimg.cn/large/c0448018ly1hm6sip61e8j20s90s9tgb.jpg,
https://wx3.sinaimg.cn/large/cf993badly1hoog3rnuk3j20u0140ako.jpg,
https://wx3.sinaimg.cn/large/cf993badly1hoog3sfr2nj20u0140tjz.jpg,
https://wx3.sinaimg.cn/large/cf993badly1hoog523imtj20u0140qgs.jpg,
https://wx3.sinaimg.cn/large/cf993badly1hoog907vakj20u03bxe81.jpg,
https://wx3.sinaimg.cn/orj480/007ccotFgy1hjpus7c5mtj31hc0u01ky.jpg,
https://wx3.sinaimg.cn/orj480/86011d6cgy1hubqkm73b9j22yo1o0kjl.jpg,
https://wx4.sinaimg.cn/large/0023tf8ygy1hj7p4ng2uvj60ft1c1th302.jpg,
https://wx4.sinaimg.cn/large/0023tf8ygy1hj7p4pg4gaj60ft0vytdp02.jpg,
https://wx4.sinaimg.cn/large/0023tf8yly1hlnjmrsoo5j60wi0z5k1d02.jpg,
https://wx4.sinaimg.cn/large/005BdOCWgy1hjohq5k8xcj31n41kwb11.jpg,
https://wx4.sinaimg.cn/large/005JFsnggy1he4rp5q4f3j343c64w7wj.jpg,
https://wx4.sinaimg.cn/large/005JFsnggy1he4rqh8j5ej35wf2zqkjo.jpg,
https://wx4.sinaimg.cn/large/005JFsnggy1he4rz29zyej337k1okkjn.jpg,
https://wx4.sinaimg.cn/large/005JFsnggy1he4s03abtgj343c64w4qs.jpg,
https://wx4.sinaimg.cn/large/005JFsnggy1he4s0pnetvj337j1mg7wj.jpg,
https://wx4.sinaimg.cn/large/005u6WWTly1honvq9lof6j30u01ffdo8.jpg,
https://wx4.sinaimg.cn/large/00610zedgy1hliu5wj2dzj33c02bznpe.jpg,
https://wx4.sinaimg.cn/large/00610zedgy1hliu97vwgxj325d3c0e82.jpg,
https://wx4.sinaimg.cn/large/0068hxsLly1hk216qwpemj32b732z7wi.jpg,
https://wx4.sinaimg.cn/large/006SJLVRgy1hodrvyhjh6j31el1zje83.jpg,
https://wx4.sinaimg.cn/large/006pPEeXgy1hke1kwsty6j30hs0p7q5o.jpg,
https://wx4.sinaimg.cn/large/006pPEeXgy1hke1kwsvasj30hs0p4acn.jpg,
https://wx4.sinaimg.cn/large/006pPEeXgy1hke1kwu1aej30hs0p1wjo.jpg,
https://wx4.sinaimg.cn/large/006pPEeXgy1hke1kwwmy6j30hs0p7n0c.jpg,
https://wx4.sinaimg.cn/large/006pPEeXgy1hke1kx1fynj31hc1z4x04.jpg,
https://wx4.sinaimg.cn/large/006pPEeXgy1hkrydz80mgj30ee0ea0w7.jpg,
https://wx4.sinaimg.cn/large/006pPEeXgy1hkrydz91cuj30tz0qfq81.jpg,
https://wx4.sinaimg.cn/large/006pPEeXgy1hkrydza7bpj30u01he7c9.jpg,
https://wx4.sinaimg.cn/large/006pPEeXgy1hkrye03nd6j31jk1vi1kx.jpg,
https://wx4.sinaimg.cn/large/006pPEeXgy1hnbhpirljlj30p00hitaj.jpg,
https://wx4.sinaimg.cn/large/006pPEeXgy1hncy8tmhygj30wi1ycnpd.jpg,
https://wx4.sinaimg.cn/large/006pPEeXgy1hnex0l9cqmj30m80ci3zl.jpg,
https://wx4.sinaimg.cn/large/006pPEeXgy1hoskut5qtfj30u00ulgnu.jpg,
https://wx4.sinaimg.cn/large/006pPEeXgy1hp20q8bnbcj335s35saxa.jpg,
https://wx4.sinaimg.cn/large/006pPEeXgy1hp20q8g7s0j335s35shdt.jpg,
https://wx4.sinaimg.cn/large/006pPEeXgy1hp20q904tmj335s35shdt.jpg,
https://wx4.sinaimg.cn/large/006pPEeXgy1hp20q959idj335s35s4qp.jpg,
https://wx4.sinaimg.cn/large/006pPEeXly1hkvzw2m4v7j31400u0wpj.jpg,
https://wx4.sinaimg.cn/large/006pPEeXly1hkvzwjtl6nj30u0134n46.jpg,
https://wx4.sinaimg.cn/large/006pPEeXly1hkw031g45nj31900u0dm8.jpg,
https://wx4.sinaimg.cn/large/00703nXLgy1hj6ebvzuusj33344moe86.jpg,
https://wx4.sinaimg.cn/large/00703nXLgy1hj6ec3t0wpj33344mox6t.jpg,
https://wx4.sinaimg.cn/large/00703nXLgy1hj6eclpkd0j33344moe86.jpg,
https://wx4.sinaimg.cn/large/00703nXLgy1hj6ecqdufuj34mo3344qw.jpg,
https://wx4.sinaimg.cn/large/00703nXLly1hgrsdf9lbxj315oalze88.jpg,
https://wx4.sinaimg.cn/large/00703nXLly1hgrse72g4wj33ls5eohe2.jpg,
https://wx4.sinaimg.cn/large/00703nXLly1hgrsed14uzj33ls5eonpn.jpg,
https://wx4.sinaimg.cn/large/00703nXLly1hgrservz1xj33ls5eonpm.jpg,
https://wx4.sinaimg.cn/large/00703nXLly1hgrsfg0hlfj33do52ikjs.jpg,
https://wx4.sinaimg.cn/large/00703nXLly1hgrsg1yfx7j35eo3lsu14.jpg,
https://wx4.sinaimg.cn/large/00703nXLly1hgrsgdrkyrj35eo3lse8c.jpg,
https://wx4.sinaimg.cn/large/008AJF9Uly1hi1vix8zeyj30nm0fq76a.jpg,
https://wx4.sinaimg.cn/large/008AJF9Uly1hi1vizzq5lj30nm0fqwgi.jpg,
https://wx4.sinaimg.cn/large/008AJF9Uly1hi1vj0zgt9j30nm0fq41f.jpg,
https://wx4.sinaimg.cn/large/008AJF9Uly1hi1vj6rwsfj33402c0e83.jpg,
https://wx4.sinaimg.cn/large/008lgPsGgy1hj7dgqf5twj333420xx6q.jpg,
https://wx4.sinaimg.cn/large/008pYzYYly1hmebjugx4bj30u014swq8.jpg,
https://wx4.sinaimg.cn/large/008pYzYYly1hmebjvxp8nj30u017k48l.jpg,
https://wx4.sinaimg.cn/large/008pYzYYly1hmebjxczm6j30u013yaiy.jpg,
https://wx4.sinaimg.cn/large/66008f64ly1hjdbw4f909j22kl3uw4qu.jpg,
https://wx4.sinaimg.cn/large/66008f64ly1hjdbwau3pij22kl3uwb2e.jpg,
https://wx4.sinaimg.cn/large/66008f64ly1hjdbxewho3j23k02db000.jpg,
https://wx4.sinaimg.cn/large/66008f64ly1hjdbxt62moj22kb3uwx6u.jpg,
https://wx4.sinaimg.cn/large/6dd57c31gy1hkfnle5bpaj21td2f6e82.jpg,
https://wx4.sinaimg.cn/large/6dd57c31gy1hkfnlj3l86j21r23401kz.jpg,
https://wx4.sinaimg.cn/large/6e7ad70fgy1hs1iygwuosj22a02a1npe.jpg,
https://wx4.sinaimg.cn/large/6e7ad70fly1hjd5xzss5ij22de3k0hdu.jpg,
https://wx4.sinaimg.cn/large/6e7ad70fly1hjwtrbsnfcj22xu4eox6t.jpg,
https://wx4.sinaimg.cn/large/6e7ad70fly1hjwtre8noij23344mle86.jpg,
https://wx4.sinaimg.cn/large/6e7ad70fly1hkneaquex9j23b04eoqv9.jpg,
https://wx4.sinaimg.cn/large/6e7ad70fly1hkneb3ry6fj22c0340u12.jpg,
https://wx4.sinaimg.cn/large/6f5f4997gy1hkp3ypfap5j22kl3uwnpg.jpg,
https://wx4.sinaimg.cn/large/6f5f4997gy1hkp3z0t4aij23uw2klu11.jpg,
https://wx4.sinaimg.cn/large/6f5f4997gy1hkp3z6ezowj22kl3uw7wm.jpg,
https://wx4.sinaimg.cn/large/6f5f4997gy1hkp40c9h9uj22kl3uwb2f.jpg,
https://wx4.sinaimg.cn/large/70745653ly1hnkxz44mtfj21hc468hdt.jpg,
https://wx4.sinaimg.cn/large/70745653ly1hnkxz8r5cjj21hc8ciqv6.jpg,
https://wx4.sinaimg.cn/large/70745653ly1hnkxzcc78lj21hca0mqv7.jpg,
https://wx4.sinaimg.cn/large/70745653ly1hnkxzdaib1j21hcboqnpg.jpg,
https://wx4.sinaimg.cn/large/70745653ly1hnkxzdk2a2j21hc96k4qt.jpg,
https://wx4.sinaimg.cn/large/70745653ly1hofv44c0h2j20xg0xg18o.jpg,
https://wx4.sinaimg.cn/large/70745653ly1hofv44g7b5j21i60r5e81.jpg,
https://wx4.sinaimg.cn/large/70745653ly1hofv6rxx68j21eg1gkax2.jpg,
https://wx4.sinaimg.cn/large/70745653ly1hofv6wdylij21k41jh1kx.jpg,
https://wx4.sinaimg.cn/large/7085cb1aly1hj55yg71rwj2334445u12.jpg,
https://wx4.sinaimg.cn/large/7085cb1aly1hj55ysi1cpj2334445u11.jpg,
https://wx4.sinaimg.cn/large/72e05ae2ly1hou2hm3ft5j21el24s7wh.jpg,
https://wx4.sinaimg.cn/large/72e05ae2ly1hou2hup9rlj21vu2wj4qq.jpg,
https://wx4.sinaimg.cn/large/72e05ae2ly1hou2ir64b7j22dc35sx6r.jpg,
https://wx4.sinaimg.cn/large/86011d6cgy1h9d4d4kcc6j20uk5nhhdv.jpg,
https://wx4.sinaimg.cn/large/86011d6cgy1hj7ufvnnt3j22dc35sqv7.jpg,
https://wx4.sinaimg.cn/large/86011d6cgy1hj7ufzda2kj21o02yo000.jpg,
https://wx4.sinaimg.cn/large/86011d6cgy1hj7ug5kz2nj22c0340x6q.jpg,
https://wx4.sinaimg.cn/large/86011d6cgy1hj7ugdy5avj21o02ncnpe.jpg,
https://wx4.sinaimg.cn/large/86011d6cgy1hjhzkhwwvsj21o0280hdt.jpg,
https://wx4.sinaimg.cn/large/86011d6cgy1hk2u3zufqdj21o0280hdu.jpg,
https://wx4.sinaimg.cn/large/86011d6cgy1hkcdqg8tvqj22c0340kjm.jpg,
https://wx4.sinaimg.cn/large/86011d6cgy1hkcdqkt5ixj22c0340kjm.jpg,
https://wx4.sinaimg.cn/large/86011d6cgy1hkrfdwjn3qj22c03404qr.jpg,
https://wx4.sinaimg.cn/large/86011d6cgy1hlruwxqz2rj22c0340hdv.jpg,
https://wx4.sinaimg.cn/large/86011d6cgy1hlrvaxlorzj22c0340e83.jpg,
https://wx4.sinaimg.cn/large/86011d6cgy1hlrvb2459pj22c0340e83.jpg,
https://wx4.sinaimg.cn/large/86011d6cgy1hlrvb4dfxoj22c0340kjm.jpg,
https://wx4.sinaimg.cn/large/86011d6cgy1hlrvb6e0vkj21zl2nge82.jpg,
https://wx4.sinaimg.cn/large/86011d6cgy1hlrvbdt3wgj225p2vlx6q.jpg,
https://wx4.sinaimg.cn/large/86011d6cgy1hlrvbfncyhj21og28lu0x.jpg,
https://wx4.sinaimg.cn/large/86011d6cgy1hlrvbkpkucj22c0340kjn.jpg,
https://wx4.sinaimg.cn/large/86011d6cgy1hmigygf21hj235r4qnnpk.jpg,
https://wx4.sinaimg.cn/large/86011d6cgy1hmigyjx5bxj235r4qnb2g.jpg,
https://wx4.sinaimg.cn/large/86011d6cgy1hmigz0fphfj235r4qn4qv.jpg,
https://wx4.sinaimg.cn/large/86011d6cgy1hn05mxscvlj22c03401kz.jpg,
https://wx4.sinaimg.cn/large/86011d6cgy1hn05natv2lj21o02yo7wi.jpg,
https://wx4.sinaimg.cn/large/86011d6cgy1hnao0y108wj21v72hlhdu.jpg,
https://wx4.sinaimg.cn/large/86011d6cgy1hnneqqdvqyj235r4qn1l4.jpg,
https://wx4.sinaimg.cn/large/86011d6cgy1hnner1p03vj235s4qnhdz.jpg,
https://wx4.sinaimg.cn/large/86011d6cgy1hnnerlq4vuj267z3hzu1b.jpg,
https://wx4.sinaimg.cn/large/86011d6cgy1hogasfl585j20v915n7ij.jpg,
https://wx4.sinaimg.cn/large/86011d6cgy1houu0bg24bj21o0280kjl.jpg,
https://wx4.sinaimg.cn/large/86011d6cgy1houu60um6pj21o0280npd.jpg,
https://wx4.sinaimg.cn/large/86011d6cgy1howemeokkrj22c03407wk.jpg,
https://wx4.sinaimg.cn/large/86011d6cgy1howeml0jjoj22c0340qv7.jpg,
https://wx4.sinaimg.cn/large/86011d6cgy1hs5nragi3kj23344mox6r.jpg,
https://wx4.sinaimg.cn/large/86011d6cgy1hs5nrf15cvj226o39sb2a.jpg,
https://wx4.sinaimg.cn/large/86011d6cgy1hs73aptfrdj23ls5eo7wn.jpg,
https://wx4.sinaimg.cn/large/86011d6cgy1hs73b9yf1sj23ls5eoqva.jpg,
https://wx4.sinaimg.cn/large/86011d6cgy1hs73roig88j20ht0nr46e.jpg,
https://wx4.sinaimg.cn/large/86011d6cgy1hs9qqhgw00j223o2swe82.jpg,
https://wx4.sinaimg.cn/large/86011d6cgy1hs9qqity5pj21n326s4qp.jpg,
https://wx4.sinaimg.cn/large/86011d6cgy1hsn6majc0pj22c0340u0y.jpg,
https://wx4.sinaimg.cn/large/86011d6cgy1hsn6mhwrnij22yo3y8npf.jpg,
https://wx4.sinaimg.cn/large/86011d6cgy1hsn6mj03zhj22c0340b2b.jpg,
https://wx4.sinaimg.cn/large/86011d6cgy1hsn6mkiebxj22c0340b2b.jpg,
https://wx4.sinaimg.cn/large/86011d6cgy1hsujzzc0pbj24mo3344qs.jpg,
https://wx4.sinaimg.cn/large/86011d6cgy1hsuk087s8dj24mo334x6r.jpg,
https://wx4.sinaimg.cn/large/86011d6cgy1hsuk0m1nu9j24mo334b2c.jpg,
https://wx4.sinaimg.cn/large/86011d6cgy1hsuk0ps1e1j235r4qnx6u.jpg,
https://wx4.sinaimg.cn/large/86011d6cgy1htdxzf58jpj21o02804qp.jpg,
https://wx4.sinaimg.cn/large/86011d6cgy1hublzosy44j23uw2klu11.jpg,
https://wx4.sinaimg.cn/large/86011d6cgy1hublzv5405j23uw2klqv9.jpg,
https://wx4.sinaimg.cn/large/86011d6cgy1hublzx9yzbj23uw2klx6t.jpg,
https://wx4.sinaimg.cn/large/86011d6cgy1hubm0192xnj23uw2klb2d.jpg,
https://wx4.sinaimg.cn/large/86011d6cly1hjz9k3edhnj20rm10z1ai.jpg,
https://wx4.sinaimg.cn/large/86011d6cly1hjz9k4pkgmj20ps0yetrd.jpg,
https://wx4.sinaimg.cn/large/86011d6cly1hjz9kkeb63j20rj10q4g9.jpg,
https://wx4.sinaimg.cn/large/86011d6cly1hm7b30zznej21o0280b29.jpg,
https://wx4.sinaimg.cn/large/99cda0efly1hoex0lyipaj20jp0jpdl8.jpg,
https://wx4.sinaimg.cn/large/9fef4eebly1hjtpg8qbr0j21401hce81.jpg,
https://wx4.sinaimg.cn/large/9fef4eebly1hjtpgaqt6gj20qo0zkqb3.jpg,
https://wx4.sinaimg.cn/large/a2904053gy1hlkycg5dhgj25eo3lskjr.jpg,
https://wx4.sinaimg.cn/large/a2904053gy1hlkycs3addj25eo3lsqvc.jpg,
https://wx4.sinaimg.cn/large/a2904053gy1hll4190dwej25eo3lshe0.jpg,
https://wx4.sinaimg.cn/large/a2904053gy1hll41vi2lkj22dc3k01ky.jpg,
https://wx4.sinaimg.cn/large/a2904053gy1hll42tu01nj23ls5eo1l4.jpg,
https://wx4.sinaimg.cn/large/a4278673ly1hm4zb2x4o7j20b40b4q3x.jpg,
https://wx4.sinaimg.cn/large/a4278673ly1hm4zb3trfvj20pv0pv0zh.jpg,
https://wx4.sinaimg.cn/large/a4278673ly1hm4zb45f8kj20u70u7wmk.jpg,
https://wx4.sinaimg.cn/large/a4278673ly1hm4zb4ir1hj20t50t545i.jpg,
https://wx4.sinaimg.cn/large/a4278673ly1hm4zb7glfmj20wr0wr79l.jpg,
https://wx4.sinaimg.cn/large/a66d0169ly8hl18i9hf9pj21jk2bdb29.jpg,
https://wx4.sinaimg.cn/large/a760c6a9gy1hj4311all5j22dc3k0e84.jpg,
https://wx4.sinaimg.cn/large/a760c6a9gy1hj4320tawvj21o535s4qq.jpg,
https://wx4.sinaimg.cn/large/c0448018ly1hm6sigmv53j20j60kcwha.jpg,
https://wx4.sinaimg.cn/large/c0448018ly1hm6sip7jt2j20s90s9doe.jpg,
https://wx4.sinaimg.cn/large/c0448018ly1hm6sipzkifj20s90s9ah5.jpg,
https://wx4.sinaimg.cn/large/cf993badly1hoog3qciwaj20u0140gz5.jpg,
https://wx4.sinaimg.cn/orj480/6e52ce4dly1hn041yk2p5j22yo1o07wh.jpg,
https://wx4.sinaimg.cn/orj480/86011d6cgy1hjsn43ihi4j20u00gxag5.jpg,
https://wx4.sinaimg.cn/orj480/86011d6cgy1hk5a4kqu9cj20u0141197.jpg,
https://wx4.sinaimg.cn/orj480/86011d6cgy1hsge0btdotj20u01hcwqc.jpg,
https://wx4.sinaimg.cn/orj480/86011d6cgy1htqw5glxj6j20u01417h7.jpg,
https://wx4.sinaimg.cn/orj480/86011d6cgy1huf68pzl4nj20u01hcn8f.jpg,
https://wx4.sinaimg.cn/orj480/86011d6cly1hmeassywgoj20en0jigo6.jpg