http://wx2.sinaimg.cn/large/0067iEVnly8gv9j16fjzfj60je09qt9h02.jpg,
http://wx3.sinaimg.cn/large/0067iEVnly8hh3ppl198cj30je09qq3p.jpg,
http://wx4.sinaimg.cn/large/0067iEVnly8hd8ylhibzhj30je09qt9h.jpg,
https://vip.storage.weibo.com/65b53a3954b6f_5604678565.png,
https://wx1.sinaimg.cn/large/0067iEVdgy1hkz7pim6qvj328k47s1ky.jpg,
https://wx1.sinaimg.cn/large/0067iEVdgy1hl2q9bvqe2j30u0190qc3.jpg,
https://wx1.sinaimg.cn/large/0067iEVdgy1hlvo102nmlj32933p44qq.jpg,
https://wx1.sinaimg.cn/large/0067iEVdgy1hlvo1i2rgzj32iu3s9u0y.jpg,
https://wx1.sinaimg.cn/large/0067iEVdgy1hn9ck7zkerj32v44amx6r.jpg,
https://wx1.sinaimg.cn/large/0067iEVdgy1hn9ckiv2a2j34am2v4hdv.jpg,
https://wx1.sinaimg.cn/large/0067iEVdgy1hn9ckmhxycj32v44amu0z.jpg,
https://wx1.sinaimg.cn/large/0067iEVdgy1ho191o8255j32ge3ojx6q.jpg,
https://wx1.sinaimg.cn/large/0067iEVdgy1ho191rasa3j325s3oje83.jpg,
https://wx1.sinaimg.cn/large/0067iEVdgy1ho191v492bj32ge3ojnpf.jpg,
https://wx1.sinaimg.cn/large/0067iEVdgy1ho191z041jj32nr3zkqv8.jpg,
https://wx1.sinaimg.cn/large/0067iEVdgy1ho3dplfqwmj332m4eo4qt.jpg,
https://wx1.sinaimg.cn/large/0067iEVdgy1ho3dq6xs62j32xs4eo4qu.jpg,
https://wx1.sinaimg.cn/large/0067iEVdgy1ho3dq9tfb2j32qn62su0x.jpg,
https://wx1.sinaimg.cn/large/0067iEVdgy1ho71o9qjf2j329r3en7wi.jpg,
https://wx1.sinaimg.cn/large/0067iEVdgy1ho71ojzbnvj32at2ttnpd.jpg,
https://wx1.sinaimg.cn/large/0067iEVdgy1ho71onc9h6j32d12wzu0x.jpg,
https://wx1.sinaimg.cn/large/0067iEVdgy1ho83tn1foaj32cc3ij4qq.jpg,
https://wx1.sinaimg.cn/large/0067iEVdgy1ho83tvb7uaj32813eqb2a.jpg,
https://wx1.sinaimg.cn/large/0067iEVdly1hmpoqmhcz9j30zk1hc77k.jpg,
https://wx1.sinaimg.cn/large/0067iEVngy1h3aiiajsfkj31hc0zk11f.jpg,
https://wx1.sinaimg.cn/large/0067iEVngy1hcbg0wfyzxj32c03404qr.jpg,
https://wx1.sinaimg.cn/large/0067iEVngy1hcqchxo538j30je0jeab0.jpg,
https://wx1.sinaimg.cn/large/0067iEVngy1hd9no8bliij31o02yox6p.jpg,
https://wx1.sinaimg.cn/large/0067iEVngy1henfj8fcguj31401hcwvu.jpg,
https://wx1.sinaimg.cn/large/0067iEVngy1hr7gtxvwwzj30u019b44t.jpg,
https://wx1.sinaimg.cn/large/0067iEVngy1hr7gtz54kij30tz18zwlo.jpg,
https://wx1.sinaimg.cn/large/0067iEVngy1hr7gu0f8wqj318z0tz46h.jpg,
https://wx1.sinaimg.cn/large/0067iEVngy1hrehxu5v56j317k1ycn44.jpg,
https://wx1.sinaimg.cn/large/0067iEVngy1hrehxv85vhj318a1ycagj.jpg,
https://wx1.sinaimg.cn/large/0067iEVngy1hsmdeh68e8j30kt0x740p.jpg,
https://wx1.sinaimg.cn/large/0067iEVnly1hakaxokzy1j30u01syafe.jpg,
https://wx1.sinaimg.cn/large/0067iEVnly1hmsxj0jj9wj32c0340e82.jpg,
https://wx1.sinaimg.cn/large/86626ea5gy1haka5aeamzj20u01sy79e.jpg,
https://wx1.sinaimg.cn/orj480/0067iEVngy1hdsaoncdirj30u01hcn6s.jpg,
https://wx1.sinaimg.cn/orj480/006PdNXcgy1hby2vl0r0vj30f00k0q5b.jpg,
https://wx2.sinaimg.cn/large/005A0wHcgy1hao91tbqz5j31e20j2wvk.jpg,
https://wx2.sinaimg.cn/large/0067iEVdgy1hkz7pe8yi8j32cc3ij1kz.jpg,
https://wx2.sinaimg.cn/large/0067iEVdgy1hl2q9abxttj30u0190146.jpg,
https://wx2.sinaimg.cn/large/0067iEVdgy1hlvo12w07rj32iu3s9kjm.jpg,
https://wx2.sinaimg.cn/large/0067iEVdgy1hlvo1dm9laj32iu3s9qv6.jpg,
https://wx2.sinaimg.cn/large/0067iEVdgy1hn9ck06s0xj34am2tk7wj.jpg,
https://wx2.sinaimg.cn/large/0067iEVdgy1hn9ck3lf4mj34am2v44qr.jpg,
https://wx2.sinaimg.cn/large/0067iEVdgy1hn9ckbj4aqj34662n3x6q.jpg,
https://wx2.sinaimg.cn/large/0067iEVdgy1hn9ckpvef3j32pt3h5u0y.jpg,
https://wx2.sinaimg.cn/large/0067iEVdgy1ho191g63bpj32gb3ssb2b.jpg,
https://wx2.sinaimg.cn/large/0067iEVdgy1ho3dpr2vylj32l14eohdw.jpg,
https://wx2.sinaimg.cn/large/0067iEVdgy1ho3dq22ru5j31yv2rfhdu.jpg,
https://wx2.sinaimg.cn/large/0067iEVdgy1ho71og9exbj328j3l01ky.jpg,
https://wx2.sinaimg.cn/large/0067iEVdgy1ho83sqnafnj32cc3ijb2a.jpg,
https://wx2.sinaimg.cn/large/0067iEVdgy1ho83tsrz5bj325s3gyqv6.jpg,
https://wx2.sinaimg.cn/large/0067iEVdgy1hr1nn2hl5fj325v38se81.jpg,
https://wx2.sinaimg.cn/large/0067iEVdgy1hr1nnc0mxfj33en29rx6p.jpg,
https://wx2.sinaimg.cn/large/0067iEVdgy1hr1nndmkufj325v38su0x.jpg,
https://wx2.sinaimg.cn/large/0067iEVdgy1hr1nnkd0h1j32iu3s9b2a.jpg,
https://wx2.sinaimg.cn/large/0067iEVdly1hmpoqlnmmqj30zk1hcgqt.jpg,
https://wx2.sinaimg.cn/large/0067iEVngy1hayr60pqpdj32c0340hdu.jpg,
https://wx2.sinaimg.cn/large/0067iEVngy1hl615891tij31ob2r27wh.jpg,
https://wx2.sinaimg.cn/large/0067iEVngy1hl6159hp94j32g83ode82.jpg,
https://wx2.sinaimg.cn/large/0067iEVngy1hlpwhm7o4rj30kt0vkad8.jpg,
https://wx2.sinaimg.cn/large/0067iEVngy1ho4jjsq50ej32c03407wj.jpg,
https://wx2.sinaimg.cn/large/0067iEVngy1hon2osuwuwj30zk1hb41o.jpg,
https://wx2.sinaimg.cn/large/0067iEVngy1hph1o9391gj30kt0vkwhl.jpg,
https://wx2.sinaimg.cn/large/0067iEVngy1htbvc1v6jkj311q1ycnca.jpg,
https://wx2.sinaimg.cn/large/0069Ix2Ily1hmovakalorj30go0izdjq.jpg,
https://wx2.sinaimg.cn/orj480/0067iEVngy1gvngey7n8pj61hc0u0gp402.jpg,
https://wx3.sinaimg.cn/large/0067iEVdgy1hkz7pc7nk0j32cc3ijhdv.jpg,
https://wx3.sinaimg.cn/large/0067iEVdgy1hl2q9awsqyj30u0190drh.jpg,
https://wx3.sinaimg.cn/large/0067iEVdgy1hl2q9bddpcj30u0190dlf.jpg,
https://wx3.sinaimg.cn/large/0067iEVdgy1hlvo1b7zjxj32iu3s9b2b.jpg,
https://wx3.sinaimg.cn/large/0067iEVdgy1hlvo1jfmgej329g3bk7wi.jpg,
https://wx3.sinaimg.cn/large/0067iEVdgy1hn9ckeunizj32qs44ikjn.jpg,
https://wx3.sinaimg.cn/large/0067iEVdgy1ho19253ha2j31401nzh5e.jpg,
https://wx3.sinaimg.cn/large/0067iEVdgy1ho3dqn6nb8j338n6swx6r.jpg,
https://wx3.sinaimg.cn/large/0067iEVdgy1ho71obr489j324e2x4x6p.jpg,
https://wx3.sinaimg.cn/large/0067iEVdgy1ho71ohtutvj32k82bznpd.jpg,
https://wx3.sinaimg.cn/large/0067iEVdgy1ho71olnelyj32bx28mkjl.jpg,
https://wx3.sinaimg.cn/large/0067iEVdgy1ho83ssv6xnj32ai3ijb2a.jpg,
https://wx3.sinaimg.cn/large/0067iEVdgy1ho83tkx8jcj32cc3ije83.jpg,
https://wx3.sinaimg.cn/large/0067iEVdgy1ho83tpa0f9j31yr3fkx6p.jpg,
https://wx3.sinaimg.cn/large/0067iEVdgy1hr1nn5vg4vj329r2uv4qq.jpg,
https://wx3.sinaimg.cn/large/0067iEVdgy1hr1nn7foj4j325y3c8npd.jpg,
https://wx3.sinaimg.cn/large/0067iEVdgy1hr1nng47bij32mq3y3u0y.jpg,
https://wx3.sinaimg.cn/large/0067iEVdgy1hr1nni10m9j32iu3s94qq.jpg,
https://wx3.sinaimg.cn/large/0067iEVdly1hmpoqm62jyj30zk1hcwih.jpg,
https://wx3.sinaimg.cn/large/0067iEVngy1hd5fi2qt72j31o02yox6q.jpg,
https://wx3.sinaimg.cn/large/0067iEVngy1hl6154vx3pj321z32yu0x.jpg,
https://wx3.sinaimg.cn/large/0067iEVngy1hl6156h9p8j31nh2x87wh.jpg,
https://wx3.sinaimg.cn/large/0067iEVngy1hpso9f1avtj30kt0vkjtw.jpg,
https://wx3.sinaimg.cn/large/0067iEVngy1hqvyszcbwcj30kt0vkq5c.jpg,
https://wx3.sinaimg.cn/large/0067iEVngy1hr7gu2sdnej30tz18zn48.jpg,
https://wx3.sinaimg.cn/large/0067iEVngy1hrc56r724yj30kt0vk78a.jpg,
https://wx3.sinaimg.cn/large/0067iEVngy1hsarsm6n83j30kt0x3mzq.jpg,
https://wx3.sinaimg.cn/large/0067iEVngy1htbvc1c7hej31bq1ycqer.jpg,
https://wx3.sinaimg.cn/large/0067iEVngy1htbvc26cbwj30kt0vkmz3.jpg,
https://wx3.sinaimg.cn/large/0067iEVnly1hmm8kji33gj30zk1hcad6.jpg,
https://wx3.sinaimg.cn/large/007TO9xnly1hai3il94lwj30n01dsn8u.jpg,
https://wx3.sinaimg.cn/large/aaca0a5cgy1hb7c232v8tg20by09vnpj.gif,
https://wx4.sinaimg.cn/large/0067iEVdgy1hkz7phg5xqj32cc3ijkjn.jpg,
https://wx4.sinaimg.cn/large/0067iEVdgy1hlvo17b6xhj32iu3s9u0y.jpg,
https://wx4.sinaimg.cn/large/0067iEVdgy1hlvo1kmnvtj329r3enu0x.jpg,
https://wx4.sinaimg.cn/large/0067iEVdgy1hlvo1lx8h5j329r3en4qq.jpg,
https://wx4.sinaimg.cn/large/0067iEVdgy1hn9cktdkyxj32v44amqv7.jpg,
https://wx4.sinaimg.cn/large/0067iEVdgy1ho191jodpmj32xu4eou10.jpg,
https://wx4.sinaimg.cn/large/0067iEVdgy1ho191m1u91j33oj2geu0y.jpg,
https://wx4.sinaimg.cn/large/0067iEVdgy1ho19246ookj32nr3zkkjn.jpg,
https://wx4.sinaimg.cn/large/0067iEVdgy1ho3dpysy8tj32xs4eox6r.jpg,
https://wx4.sinaimg.cn/large/0067iEVdgy1ho3dq7wy5cj30hn0hojvn.jpg,
https://wx4.sinaimg.cn/large/0067iEVdgy1ho3dqp1q8vj338n75oqv5.jpg,
https://wx4.sinaimg.cn/large/0067iEVdgy1ho71o7m9poj321j3gex6p.jpg,
https://wx4.sinaimg.cn/large/0067iEVdgy1ho71odwieij32ag3od7wi.jpg,
https://wx4.sinaimg.cn/large/0067iEVdgy1ho83suypmzj32aq3ijkjm.jpg,
https://wx4.sinaimg.cn/large/0067iEVdgy1ho83txca72j31yd3ij1ky.jpg,
https://wx4.sinaimg.cn/large/0067iEVdgy1hr1nn4758jj329r3enx6p.jpg,
https://wx4.sinaimg.cn/large/0067iEVdly1hmpoql8yxqj30zk1r5446.jpg,
https://wx4.sinaimg.cn/large/0067iEVngy1gw6qeqkivmj31tf2vfx3d.jpg,
https://wx4.sinaimg.cn/large/0067iEVngy1h37uu04mvuj322p33yhdu.jpg,
https://wx4.sinaimg.cn/large/0067iEVngy1h3w5kb805lj322o340u0x.jpg,
https://wx4.sinaimg.cn/large/0067iEVngy1h44291dru3j321o1z3hdt.jpg,
https://wx4.sinaimg.cn/large/0067iEVngy1hayr63rgo3j3216322b2a.jpg,
https://wx4.sinaimg.cn/large/0067iEVngy1hbwj6b5mlxj30zk0zkacw.jpg,
https://wx4.sinaimg.cn/large/0067iEVngy1hd9no8s5wjj30wi0widkm.jpg,
https://wx4.sinaimg.cn/large/0067iEVngy1hh2at0v9yjj343c64wb2a.jpg,
https://wx4.sinaimg.cn/large/0067iEVngy1hlkatjp68aj32g83odqv5.jpg,
https://wx4.sinaimg.cn/large/0067iEVngy1ho64loehilg303k02k0u0.gif,
https://wx4.sinaimg.cn/large/0067iEVngy1hp6o4d53ysj30kt0vktaz.jpg,
https://wx4.sinaimg.cn/large/0067iEVngy1hrehxuvduej31801yc0zb.jpg,
https://wx4.sinaimg.cn/large/0067iEVngy1hrehxvjcyrj315c1ycgsh.jpg,
https://wx4.sinaimg.cn/large/0069Ix2Ily1hnbyq3abopj30u81fk46t.jpg,
https://wx4.sinaimg.cn/orj480/0067iEVngy1gvdw0u0wc2j60u01hcjto02.jpg,
https://wx4.sinaimg.cn/orj480/0067iEVngy1hc7jrqe2bgj30u01hc14p.jpg